,impute_scale__school_id,impute_scale__age_at_enrollment,impute_scale__gender,impute_scale__resource_dilution_index,impute_scale__socioeconomic_status_index,impute_scale__commute_barrier_score,impute_scale__digital_equity_access_score,impute_scale__nutritional_support_access,impute_scale__gpa_trend,impute_scale__failed_subjects_count,impute_scale__strength_science_indicator,impute_scale__chronic_health_risk_score,impute_scale__health_related_absences,impute_scale__social_integration_score,impute_scale__cash_flow_volatility,impute_scale__psychosocial_support_access,impute_scale__ses_disadvantage_score,impute_scale__academic_risk_index,impute_scale__health_burden_index,impute_scale__absence_intensity,impute_scale__household_pressure_index,impute_scale__support_coverage_score,impute_scale__economic_instability_index,impute_scale__barrier_burden_index,impute_scale__ses_commute_interaction,impute_scale__academic_ses_interaction,impute_scale__health_commute_interaction,impute_scale__long_commute_flag,impute_scale__high_academic_risk_flag,impute_scale__no_digital_access_flag,impute_scale__low_social_integration_flag,impute_scale__stem_resilience_flag,passthrough__cash_flow_volatility_missing,passthrough__commute_barrier_score_missing,passthrough__digital_equity_access_score_missing,passthrough__psychosocial_support_access_missing,passthrough__any_survey_missing
259,0.3446913995740618,-0.7365752518455452,-1.0080322575483704,-0.35543859307757086,-0.445960232374257,0.4940473835203229,-0.8149608300648491,0.5968573514759201,-0.18731198861004297,-0.5615197653706532,-0.4277444326750994,0.9421167085968966,0.5241351435917889,-1.1203310048245632,-0.43208221213502385,-0.5783766704784492,0.445960232374257,-0.25220344966685443,0.4858607895134778,-0.18546836635056735,-0.07013019566846333,-0.55246057368553,0.09151256466222063,0.9503172163636151,0.5771319810976939,-0.41882013159330606,0.8576320958873903,1.4803679818552302,-0.6050786879235088,1.0408329997330665,1.3850227210205581,-0.3157637485020014,0.0,0.0,0.0,0.0,0.0
798,0.8795573644303645,-0.033736271076895225,0.9920317455237933,-1.7201772183754112,1.0778218827997421,0.6055987329697384,-0.8149608300648491,-1.6754422099806283,1.1429495989491627,-1.285127710435928,-0.4277444326750994,-0.5939431423763045,-0.192331486469891,-1.1203310048245632,0.017656644968489975,-0.5783766704784492,-1.0778218827997421,-1.2988898687636792,-0.425318019742888,0.5496528743225574,-1.8591657994557957,-2.0402359067704405,0.10284725221249368,0.29487041172740946,-0.2597336764895654,-1.068153668947269,0.2920952985441841,1.4803679818552302,-0.6050786879235088,1.0408329997330665,1.3850227210205581,-0.3157637485020014,1.0,0.0,0.0,0.0,1.0
655,-0.011885910330140019,0.6691027096917547,0.9920317455237933,0.5543871571209893,-1.2078512899612566,1.7632602575450174,-0.8149608300648491,0.5968573514759201,-0.1766874906659313,0.8856961247598962,2.3378445716897667,0.9421167085968966,0.762957353612349,-1.1203310048245632,0.861134610798782,-0.5783766704784492,1.2078512899612566,0.6146064192267156,0.6377239243895387,0.059572047207140884,1.0032911666039361,-0.55246057368553,1.18799640270588,1.7911504125421376,2.412383293720136,1.3668470961300918,2.402063291803386,1.4803679818552302,1.6526776102985388,1.0408329997330665,1.3850227210205581,-0.3157637485020014,0.0,0.0,0.0,0.0,0.0
621,-1.0816178400427454,-0.7365752518455452,0.9920317455237933,1.0093000322202692,-0.445960232374257,-0.9891985191175096,-0.8149608300648491,0.5968573514759201,-0.023185610450355394,-0.5615197653706532,2.3378445716897667,-0.5939431423763045,0.762957353612349,0.11351371414522002,0.6279699289178818,1.7289770681323857,0.445960232374257,-0.3275685594906804,-0.12159174999076611,2.5099761827842233,1.0032911666039361,0.1914270928569252,0.5731827220786813,0.11018669322846389,-0.7245807885557016,-0.41882013159330606,-0.48763402200610506,-0.6755077198756877,-0.6050786879235088,-0.9607689228305228,-0.7220098160289725,-0.3157637485020014,0.0,0.0,1.0,0.0,1.0
96,-1.0816178400427454,1.3719416904604045,0.9920317455237933,1.4642129073195493,1.0778218827997421,-0.271661028279442,0.4855085796131015,-1.6754422099806283,0.8116077556445565,0.16208817969462153,-0.4277444326750994,-0.5939431423763045,-0.192331486469891,0.11351371414522002,-0.05423911857994678,-0.5783766704784492,-1.0778218827997421,-0.2750526459904894,-0.425318019742888,0.5496528743225574,0.6454840458464697,-1.2963482402279851,-0.7545367963641991,-0.9181608837101032,-0.6446800402348821,-0.41882013159330606,-0.26050484146635433,-0.6755077198756877,-0.6050786879235088,-0.9607689228305228,-0.7220098160289725,-0.3157637485020014,0.0,0.0,0.0,0.0,0.0
309,0.7012687094782636,1.3719416904604045,0.9920317455237933,1.4642129073195493,-1.2078512899612566,2.98558253461872,-0.8149608300648491,0.5968573514759201,0.3675618141731121,-1.285127710435928,-0.4277444326750994,-0.5939431423763045,0.5241351435917889,-1.1203310048245632,0.11931791083201888,-0.5783766704784492,1.2078512899612566,-0.9428399381495801,-0.19752331742879659,2.019895355668807,1.718905408118869,-0.55246057368553,0.8509271654396383,2.26450207449594,3.7532874838724486,-1.068153668947269,3.2118196481198362,1.4803679818552302,-0.6050786879235088,1.0408329997330665,1.3850227210205581,-0.3157637485020014,0.0,0.0,0.0,0.0,0.0
481,1.0578460193824655,1.3719416904604045,0.9920317455237933,0.5543871571209893,-1.2078512899612566,0.10993728302990691,-0.8149608300648491,0.5968573514759201,-0.7402222509584973,0.16208817969462153,-0.4277444326750994,-0.5939431423763045,-0.431153696490451,0.11351371414522002,0.4975253268754267,-0.5783766704784492,1.2078512899612566,0.43753140166184373,-0.5012495871809185,0.059572047207140884,1.0032911666039361,-0.55246057368553,1.0227783589486268,1.1508911352534001,0.5986654667736503,0.5551801744376382,-0.1917386183997742,-0.6755077198756877,-0.6050786879235088,1.0408329997330665,-0.7220098160289725,-0.3157637485020014,0.0,0.0,0.0,0.0,0.0
13,1.5927119842387683,-0.7365752518455452,0.9920317455237933,-1.7201772183754112,-0.445960232374257,0.8012870650798656,-0.8149608300648491,0.5968573514759201,-0.3029506140130832,-0.5615197653706532,-0.4277444326750994,-0.5939431423763045,-1.147620326552131,0.11351371414522002,0.6489504182651269,-0.5783766704784492,0.445960232374257,-0.19910340687606673,-0.72904428949501,-1.4106704341391085,-1.1435515579408628,-0.55246057368553,0.5827159093769252,1.069297633077068,0.8467688741570596,-0.41882013159330606,-0.561400686226766,1.4803679818552302,-0.6050786879235088,1.0408329997330665,-0.7220098160289725,-0.3157637485020014,0.0,0.0,0.0,0.0,0.0
834,1.5927119842387683,-0.7365752518455452,-1.0080322575483704,-1.7201772183754112,1.8397129403867416,-0.38993727312119,1.7859779892910521,0.5968573514759201,0.12137727054904263,-1.285127710435928,-0.4277444326750994,-0.5939431423763045,-0.9087981165315709,0.11351371414522002,-0.1834099826919435,-0.5783766704784492,-1.8397129403867416,-0.8297945802053225,-0.6531127220569795,-0.9205896070236921,-2.216972920213262,0.9353147593993804,-1.322097406472307,-2.1865941104406152,-0.9455391575618749,-1.068153668947269,-0.6923956346167959,-0.6755077198756877,-0.6050786879235088,-0.9607689228305228,-0.7220098160289725,-0.3157637485020014,0.0,0.0,0.0,0.0,0.0
723,-1.0816178400427454,0.6691027096917547,0.9920317455237933,1.4642129073195493,-0.445960232374257,0.6070250733566037,-0.8149608300648491,-1.6754422099806283,0.6591789749273229,-0.5615197653706532,-0.4277444326750994,-0.5939431423763045,-0.192331486469891,-1.1203310048245632,0.017656644968489975,-0.5783766704784492,0.445960232374257,-0.640903213514682,-0.425318019742888,0.5496528743225574,1.3610982873614026,-2.0402359067704405,0.10284725221249368,0.9940685070426445,0.6762824330114899,-0.41882013159330606,0.2929937734683753,1.4803679818552302,-0.6050786879235088,1.0408329997330665,1.3850227210205581,-0.3157637485020014,1.0,0.0,0.0,0.0,1.0
287,-0.36846322023434186,-1.439414232614195,-1.0080322575483704,-0.8103514681768509,1.0778218827997421,-0.18410874719282788,-0.8149608300648491,0.5968573514759201,0.8198358151404764,-0.5615197653706532,-0.4277444326750994,-0.5939431423763045,0.28531293357122894,-1.1203310048245632,-0.35127238770214697,-0.5783766704784492,-1.0778218827997421,-0.7146751479372688,-0.27345488486682706,1.5298145285533904,-1.1435515579408628,-0.55246057368553,-0.8895038003022396,-0.01094856515258142,-0.6062616221896859,-0.7434869002702875,0.0761217804270965,-0.6755077198756877,-0.6050786879235088,1.0408329997330665,1.3850227210205581,-0.3157637485020014,0.0,0.0,0.0,0.0,0.0
748,-0.7250405301385436,-1.439414232614195,-1.0080322575483704,-0.35543859307757086,-1.2078512899612566,-0.9437209361223888,-0.8149608300648491,0.5968573514759201,0.14353358412241127,-1.285127710435928,-0.4277444326750994,-0.5939431423763045,-0.9087981165315709,0.11351371414522002,-0.5515168753761193,1.7289770681323857,1.2078512899612566,-0.8399685267974016,-0.6531127220569795,-0.9205896070236921,0.28767692508900317,0.9353147593993804,0.5461109355961046,0.7428556453324806,-0.5572119540585855,-1.068153668947269,-0.8668142864390626,-0.6755077198756877,-0.6050786879235088,1.0408329997330665,-0.7220098160289725,-0.3157637485020014,0.0,0.0,0.0,0.0,0.0
244,0.8795573644303645,0.6691027096917547,0.9920317455237933,-0.8103514681768509,-1.2078512899612566,2.0610621925998025,-0.8149608300648491,-1.6754422099806283,-1.2343365393486934,0.16208817969462153,-0.4277444326750994,-0.5939431423763045,0.04649072355066898,0.11351371414522002,0.6184272646295254,-0.5783766704784492,1.2078512899612566,0.6644234955933681,-0.34938645230485754,1.039733701437974,-0.07013019566846333,-2.0402359067704405,1.077714199493347,1.90647600509267,2.7390760735542963,0.5551801744376382,1.585364921996725,1.4803679818552302,-0.6050786879235088,1.0408329997330665,-0.7220098160289725,-0.3157637485020014,0.0,0.0,0.0,0.0,0.0
559,-0.19017456528224091,1.3719416904604045,0.9920317455237933,-0.35543859307757086,1.8397129403867416,-0.9950173289389987,0.4855085796131015,-1.6754422099806283,1.0926150246472273,0.16208817969462153,-0.4277444326750994,2.4781765595700977,2.6735350337768287,-1.1203310048245632,-2.36756666040819,-0.5783766704784492,-1.8397129403867416,-0.4040882338536073,3.2193972172825753,0.5496528743225574,-1.1435515579408628,-1.2963482402279851,-2.3145420703101136,-1.5476078350028866,-1.0782953704595266,-0.7434869002702875,-0.04891148388397239,-0.6755077198756877,-0.6050786879235088,-0.9607689228305228,1.3850227210205581,-0.3157637485020014,0.0,0.0,0.0,0.0,0.0
919,-1.4381951499469472,-0.7365752518455452,-1.0080322575483704,-1.265264343276131,-0.445960232374257,1.1391027743965303,-0.8149608300648491,0.5968573514759201,-0.32519173144870095,0.8856961247598962,2.3378445716897667,0.9421167085968966,0.762957353612349,-1.1203310048245632,1.3462011165489631,-0.5783766704784492,0.445960232374257,0.6827980075709607,0.6377239243895387,0.059572047207140884,-0.7857444371833963,-0.55246057368553,0.8995350926932588,1.2001188006516033,1.143239622415984,0.8798469431146198,1.7467851028107617,1.4803679818552302,1.6526776102985388,1.0408329997330665,1.3850227210205581,-0.3157637485020014,0.0,0.0,0.0,0.0,0.0
991,1.0578460193824655,0.6691027096917547,-1.0080322575483704,0.5543871571209893,-1.2078512899612566,-0.2059411517241128,-0.8149608300648491,0.5968573514759201,-0.051532429131269666,-0.5615197653706532,-0.4277444326750994,-0.5939431423763045,-1.147620326552131,0.11351371414522002,1.1328432542933127,-0.5783766704784492,1.2078512899612566,-0.31455199794220934,-0.72904428949501,-1.4106704341391085,1.0032911666039361,-0.55246057368553,1.3114563156809451,0.11018669322846389,-0.2812300159971403,-0.25648674725481535,-0.3010754785296518,-0.6755077198756877,-0.6050786879235088,1.0408329997330665,-0.7220098160289725,-0.3157637485020014,0.0,1.0,0.0,0.0,1.0
709,-1.6164838048990482,-0.7365752518455452,-1.0080322575483704,-0.35543859307757086,1.0778218827997421,-1.3458474698748537,0.4855085796131015,-1.6754422099806283,-0.47565914060178444,1.609304069825171,-0.4277444326750994,-0.5939431423763045,-0.192331486469891,-1.1203310048245632,-0.44018531485018997,1.7289770681323857,-1.0778218827997421,1.1877353256270176,-0.425318019742888,0.5496528743225574,-0.7857444371833963,0.1914270928569252,-0.9299043635926625,-1.3341460513818613,-1.116038904441605,0.23051340576065682,-0.9371522887148086,-0.6755077198756877,1.6526776102985388,-0.9607689228305228,1.3850227210205581,-0.3157637485020014,0.0,0.0,0.0,0.0,0.0
63,1.4144233292866673,1.3719416904604045,0.9920317455237933,-0.8103514681768509,0.31593082521274257,-0.723340576490391,-0.8149608300648491,0.5968573514759201,-0.3974951829264484,0.16208817969462153,-0.4277444326750994,0.9421167085968966,2.4347128237562687,0.11351371414522002,0.017656644968489975,-0.5783766704784492,-0.31593082521274257,0.2801547300295596,1.7007658685219655,1.7748549421110986,-0.7857444371833963,0.1914270928569252,0.10284725221249368,0.12955353019832716,-0.667070223974363,-0.09415336291632463,0.3803630838499714,-0.6755077198756877,-0.6050786879235088,1.0408329997330665,-0.7220098160289725,-0.3157637485020014,1.0,0.0,0.0,1.0,1.0
846,-0.7250405301385436,1.3719416904604045,-1.0080322575483704,-0.8103514681768509,0.31593082521274257,0.7928099258539723,-0.8149608300648491,0.5968573514759201,-0.7231088593965214,0.8856961247598962,-0.4277444326750994,-0.5939431423763045,0.04649072355066898,0.11351371414522002,0.42675692293127354,-0.5783766704784492,-0.31593082521274257,0.8655173753217733,-0.34938645230485754,1.039733701437974,-0.7857444371833963,-0.55246057368553,-0.02711264556965154,0.7166919416612506,0.3308724297563134,0.3928467900991475,0.6533234906535021,1.4803679818552302,1.6526776102985388,1.0408329997330665,-0.7220098160289725,-0.3157637485020014,0.0,0.0,0.0,0.0,0.0
932,-0.5467518751864427,0.6691027096917547,-1.0080322575483704,2.3740386575181094,-1.2078512899612566,1.3890190412856729,-0.8149608300648491,0.5968573514759201,-1.6109785351273147,0.16208817969462153,2.3378445716897667,-0.5939431423763045,0.28531293357122894,1.3473584331150033,-0.7405993429948301,-0.5783766704784492,1.2078512899612566,0.8373735460021013,-0.27345488486682706,1.5298145285533904,2.434519649633802,-0.55246057368553,0.4601949901293701,1.6462232480695456,2.0018355810405986,0.5551801744376382,1.3973733633939276,1.4803679818552302,-0.6050786879235088,1.0408329997330665,-0.7220098160289725,-0.3157637485020014,0.0,0.0,0.0,0.0,0.0
150,1.771000639190869,-0.033736271076895225,0.9920317455237933,0.5543871571209893,-1.2078512899612566,-0.8702274187456884,1.7859779892910521,0.5968573514759201,-2.7846147993784327,3.7801279050209953,-0.4277444326750994,-0.5939431423763045,-0.9087981165315709,-1.1203310048245632,0.10256418074203749,-0.5783766704784492,1.2078512899612566,3.5555163145389623,-0.6531127220569795,-0.9205896070236921,1.0032911666039361,0.9353147593993804,0.8433145476284627,-0.9752978885550254,-0.47658856426372925,4.613514782899907,-0.8436669076430713,-0.6755077198756877,1.6526776102985388,-0.9607689228305228,1.3850227210205581,-0.3157637485020014,0.0,0.0,0.0,0.0,0.0
850,1.5927119842387683,-1.439414232614195,0.9920317455237933,-0.35543859307757086,-0.445960232374257,-1.052329751558596,1.7859779892910521,0.5968573514759201,1.0909299399004218,-0.5615197653706532,-0.4277444326750994,-0.5939431423763045,-1.147620326552131,0.11351371414522002,0.6230005933673832,-0.5783766704784492,0.445960232374257,-0.8391587240340299,-0.72904428949501,-1.4106704341391085,-0.07013019566846333,0.9353147593993804,0.5709247382077308,-1.3951409816634808,-0.7799854461963333,-0.41882013159330606,-0.9506084433992176,-0.6755077198756877,-0.6050786879235088,-0.9607689228305228,-0.7220098160289725,-0.3157637485020014,0.0,0.0,0.0,0.0,0.0
330,-1.6164838048990482,1.3719416904604045,0.9920317455237933,0.09947428202170919,-0.445960232374257,-0.929942719691433,-0.8149608300648491,0.5968573514759201,1.9048944110343569,-1.285127710435928,2.3378445716897667,-0.5939431423763045,-1.147620326552131,0.11351371414522002,0.8298347702639189,-0.5783766704784492,0.445960232374257,-1.6487669274447894,-0.72904428949501,-1.4106704341391085,0.28767692508900317,-0.55246057368553,0.6649067667199361,0.3988684744043711,-0.6725772531663454,-1.068153668947269,-0.9249105851620465,-0.6755077198756877,-0.6050786879235088,1.0408329997330665,-0.7220098160289725,3.166924654093602,0.0,0.0,0.0,0.0,0.0
198,1.0578460193824655,-0.033736271076895225,0.9920317455237933,-0.35543859307757086,-1.2078512899612566,1.3476548843281262,-0.8149608300648491,0.5968573514759201,1.0726813013152212,-0.5615197653706532,-0.4277444326750994,-0.5939431423763045,-0.192331486469891,-1.1203310048245632,-0.7003824909445122,-0.5783766704784492,1.2078512899612566,-0.8307791407730698,-0.425318019742888,0.5496528743225574,0.28767692508900317,0.1914270928569252,0.4784688624302462,0.11018669322846389,1.956458537337133,-0.25648674725481535,0.7595284936475567,1.4803679818552302,-0.6050786879235088,-0.9607689228305228,1.3850227210205581,-0.3157637485020014,0.0,0.0,1.0,0.0,1.0
228,-0.011885910330140019,1.3719416904604045,-1.0080322575483704,0.09947428202170919,-0.445960232374257,2.013378185162327,-0.8149608300648491,0.5968573514759201,-1.1133176106028477,0.8856961247598962,2.3378445716897667,-0.5939431423763045,-1.147620326552131,0.11351371414522002,-0.9270958893857871,-0.5783766704784492,0.445960232374257,1.044697137396764,-0.72904428949501,-1.4106704341391085,0.28767692508900317,-0.55246057368553,-0.13341346171969895,1.538687217879574,1.9105132513967658,0.8798469431146198,-0.3068954065479437,1.4803679818552302,1.6526776102985388,1.0408329997330665,-0.7220098160289725,-0.3157637485020014,0.0,0.0,0.0,0.0,0.0
382,1.771000639190869,-0.033736271076895225,-1.0080322575483704,-0.35543859307757086,0.31593082521274257,-1.0222290790601676,-0.8149608300648491,-1.6754422099806283,0.2738402958715932,0.16208817969462153,-0.4277444326750994,0.9421167085968966,0.28531293357122894,0.11351371414522002,-0.9366105174944415,-0.5783766704784492,-0.31593082521274257,-0.028115474038541106,0.3339976546374168,-0.4305087799082756,-0.4279373164259298,-2.0402359067704405,-0.6466042575521196,0.013807157834898562,-0.8638010794948817,-0.09415336291632463,-0.6278056584667479,-0.6755077198756877,-0.6050786879235088,1.0408329997330665,-0.7220098160289725,-0.3157637485020014,0.0,0.0,0.0,0.0,0.0
823,1.4144233292866673,-0.7365752518455452,0.9920317455237933,1.4642129073195493,-1.2078512899612566,-0.36485420474247415,-0.8149608300648491,0.5968573514759201,-2.661351194335301,2.3329120148904456,-0.4277444326750994,-0.5939431423763045,-0.192331486469891,0.11351371414522002,1.378025148428195,1.7289770681323857,1.2078512899612566,2.62722643433411,-0.425318019742888,0.5496528743225574,1.718905408118869,0.9353147593993804,1.4228629125548642,0.9670252726785801,0.07781273640633163,2.990180939514999,-0.3192087335588933,-0.6755077198756877,1.6526776102985388,1.0408329997330665,-0.7220098160289725,-0.3157637485020014,0.0,0.0,0.0,0.0,0.0
126,-0.5467518751864427,-0.033736271076895225,0.9920317455237933,-1.265264343276131,-1.2078512899612566,2.016588345323156,-0.8149608300648491,-1.6754422099806283,0.1610604708227911,0.16208817969462153,-0.4277444326750994,-0.5939431423763045,-0.6699759065110109,-1.1203310048245632,0.017656644968489975,-0.5783766704784492,1.2078512899612566,0.023671837641760847,-0.577181154618949,-0.4305087799082756,-0.4279373164259298,-2.0402359067704405,0.10284725221249368,1.8892532399375759,2.6902876572061802,0.5551801744376382,0.4373395792626375,1.4803679818552302,-0.6050786879235088,1.0408329997330665,1.3850227210205581,-0.3157637485020014,1.0,0.0,0.0,0.0,1.0
140,-0.36846322023434186,-1.439414232614195,0.9920317455237933,1.4642129073195493,-0.445960232374257,0.8181986678787518,-0.8149608300648491,0.5968573514759201,-0.072333051148714,0.16208817969462153,-0.4277444326750994,-0.5939431423763045,0.28531293357122894,0.11351371414522002,0.3899850654977975,1.7289770681323857,0.445960232374257,0.13084369272551832,-0.27345488486682706,1.5298145285533904,1.3610982873614026,0.9353147593993804,0.4650463369076372,1.0758467530933702,0.8616106810883757,0.23051340576065682,0.9179480252381143,1.4803679818552302,-0.6050786879235088,1.0408329997330665,-0.7220098160289725,-0.3157637485020014,0.0,0.0,0.0,0.0,0.0
261,1.771000639190869,-0.7365752518455452,0.9920317455237933,-0.8103514681768509,1.8397129403867416,-0.8041873517697633,-0.8149608300648491,-1.6754422099806283,1.0559323790260176,-0.5615197653706532,-0.4277444326750994,-0.5939431423763045,-0.6699759065110109,0.11351371414522002,-0.9350447909889568,-0.5783766704784492,-1.8397129403867416,-0.8230882114909502,-0.577181154618949,-0.4305087799082756,-1.5013586786983293,-2.0402359067704405,-1.6636278297517828,-0.6004006067555033,-1.0364267535174387,-0.9058202846087783,-0.7472286364520646,-0.6755077198756877,-0.6050786879235088,1.0408329997330665,-0.7220098160289725,-0.3157637485020014,0.0,0.0,0.0,0.0,0.0
40,1.4144233292866673,-0.033736271076895225,0.9920317455237933,-2.175090093474691,-0.445960232374257,-0.2059411517241128,-0.8149608300648491,-1.6754422099806283,0.42295633058482035,0.16208817969462153,2.3378445716897667,-0.5939431423763045,0.5241351435917889,0.11351371414522002,1.2917732159318236,-0.5783766704784492,0.445960232374257,-0.09658799173293382,-0.19752331742879659,2.019895355668807,-1.5013586786983293,-2.0402359067704405,0.874803955004064,0.11018669322846389,-0.2812300159971403,0.23051340576065682,-0.3010754785296518,-0.6755077198756877,-0.6050786879235088,1.0408329997330665,-0.7220098160289725,3.166924654093602,0.0,1.0,0.0,0.0,1.0
687,0.5229800545261627,-1.439414232614195,-1.0080322575483704,-1.265264343276131,1.8397129403867416,-0.7371326522622889,0.4855085796131015,0.5968573514759201,1.4058808596212384,-1.285127710435928,2.3378445716897667,-0.5939431423763045,0.5241351435917889,-1.1203310048245632,-1.3451663919806047,-0.5783766704784492,-1.8397129403867416,-1.4196251433664495,-0.19752331742879659,2.019895355668807,-1.8591657994557957,0.1914270928569252,-1.8499803009739308,-1.4477404411191872,-1.021714769742712,-1.068153668947269,-0.3056782886836422,-0.6755077198756877,-0.6050786879235088,-0.9607689228305228,1.3850227210205581,3.166924654093602,0.0,0.0,0.0,0.0,0.0
835,0.3446913995740618,1.3719416904604045,-1.0080322575483704,0.5543871571209893,0.31593082521274257,-1.2248237116430036,1.7859779892910521,0.5968573514759201,1.7776472183128496,-0.5615197653706532,-0.4277444326750994,-0.5939431423763045,-0.6699759065110109,1.3473584331150033,0.017656644968489975,1.7289770681323857,-0.31593082521274257,-1.1544920890042643,-0.577181154618949,-0.4305087799082756,0.28767692508900317,2.4230900924842906,0.10284725221249368,-1.811263174576453,-0.9971505226792406,-0.5811535159317968,-0.9238724095791834,-0.6755077198756877,-0.6050786879235088,-0.9607689228305228,-0.7220098160289725,-0.3157637485020014,1.0,0.0,0.0,0.0,1.0
320,1.4144233292866673,0.6691027096917547,0.9920317455237933,-0.8103514681768509,0.31593082521274257,0.634027376478,0.4855085796131015,0.5968573514759201,-0.7281522792105388,0.16208817969462153,2.3378445716897667,0.9421167085968966,0.762957353612349,0.11351371414522002,0.017656644968489975,-0.5783766704784492,-0.31593082521274257,0.43198899734783214,0.6377239243895387,0.059572047207140884,-0.7857444371833963,0.1914270928569252,0.10284725221249368,-0.2181047272010888,0.2263604578608018,-0.09415336291632463,1.2165264725957212,1.4803679818552302,-0.6050786879235088,-0.9607689228305228,-0.7220098160289725,-0.3157637485020014,1.0,0.0,0.0,0.0,1.0
911,-1.2599064949948464,-1.439414232614195,0.9920317455237933,-0.35543859307757086,1.0778218827997421,0.038539819666523915,-0.8149608300648491,0.5968573514759201,-1.909336474149666,2.3329120148904456,-0.4277444326750994,-0.5939431423763045,-0.431153696490451,-1.1203310048245632,-0.2885160011364984,-0.5783766704784492,-1.0778218827997421,2.281909169605456,-0.5012495871809185,0.059572047207140884,-0.7857444371833963,-0.55246057368553,-0.8609883363686069,0.07527343303174233,-0.5085622177583584,0.5551801744376382,-0.22921730106766652,-0.6755077198756877,1.6526776102985388,1.0408329997330665,1.3850227210205581,-0.3157637485020014,0.0,0.0,0.0,0.0,0.0
20,-1.0816178400427454,-0.7365752518455452,0.9920317455237933,-0.35543859307757086,-1.2078512899612566,-0.4669194299851976,-0.8149608300648491,0.5968573514759201,-1.3265500874541478,0.8856961247598962,2.3378445716897667,0.9421167085968966,0.5241351435917889,-1.1203310048245632,0.049078056288169226,-0.5783766704784492,1.2078512899612566,1.142611252215462,0.4858607895134778,-0.18546836635056735,0.28767692508900317,-0.55246057368553,0.8190113374489117,0.9274998996223055,-0.034154206161757794,1.3668470961300918,-0.05036075721999536,-0.6755077198756877,1.6526776102985388,1.0408329997330665,1.3850227210205581,-0.3157637485020014,0.0,0.0,0.0,0.0,0.0
830,-0.36846322023434186,0.6691027096917547,0.9920317455237933,-0.8103514681768509,1.0778218827997421,0.02469996315522942,0.4855085796131015,0.5968573514759201,0.6862926050937976,-1.285127710435928,2.3378445716897667,0.9421167085968966,-0.431153696490451,0.11351371414522002,-0.7530697442701246,-0.5783766704784492,-1.0778218827997421,-1.0891977712493932,-0.12159174999076611,-1.1656300205814003,-1.1435515579408628,0.1914270928569252,-1.072073872558673,-0.8033933052530348,-0.5146352222139526,-1.068153668947269,-0.2364822593157768,-0.6755077198756877,-0.6050786879235088,-0.9607689228305228,-0.7220098160289725,3.166924654093602,0.0,0.0,0.0,0.0,0.0
194,1.0578460193824655,0.6691027096917547,0.9920317455237933,0.09947428202170919,1.0778218827997421,-0.46824023713472057,-0.8149608300648491,0.5968573514759201,-0.2893455560392766,0.8856961247598962,-0.4277444326750994,-0.5939431423763045,-0.192331486469891,0.11351371414522002,-1.356387469751326,1.7289770681323857,-1.0778218827997421,0.6663378201423017,-0.425318019742888,0.5496528743225574,-0.4279373164259298,0.1914270928569252,-1.3462114668811846,0.11018669322846389,-0.7309400683125592,-0.09415336291632463,-0.3843332707811832,-0.6755077198756877,1.6526776102985388,-0.9607689228305228,-0.7220098160289725,-0.3157637485020014,0.0,0.0,1.0,0.0,1.0
883,-0.011885910330140019,1.3719416904604045,-1.0080322575483704,1.9191257824188295,1.0778218827997421,0.03622375093480842,0.4855085796131015,-1.6754422099806283,-0.6259071690173105,0.16208817969462153,-0.4277444326750994,-0.5939431423763045,0.28531293357122894,0.11351371414522002,-1.746278982867104,-0.5783766704784492,-1.0778218827997421,0.3850391161339511,-0.27345488486682706,1.5298145285533904,1.0032911666039361,-1.2963482402279851,-1.5233717208204722,-0.7989306490454383,-0.5095785213389405,-0.41882013159330606,0.2611764619744464,-0.6755077198756877,-0.6050786879235088,-0.9607689228305228,-0.7220098160289725,-0.3157637485020014,0.0,0.0,0.0,0.0,0.0
810,-0.36846322023434186,-1.439414232614195,0.9920317455237933,1.0093000322202692,1.0778218827997421,0.12764027909188239,0.4855085796131015,0.5968573514759201,0.8665002755212231,-1.285127710435928,2.3378445716897667,-0.5939431423763045,-0.192331486469891,0.11351371414522002,0.017656644968489975,-0.5783766704784492,-1.0778218827997421,-1.171947241658377,-0.425318019742888,0.5496528743225574,0.28767692508900317,0.1914270928569252,0.10284725221249368,-0.7635290480562184,-0.46946445062153147,-1.068153668947269,-0.00897847709101456,-0.6755077198756877,-0.6050786879235088,-0.9607689228305228,-0.7220098160289725,3.166924654093602,1.0,0.0,0.0,0.0,1.0
297,-1.2599064949948464,0.6691027096917547,-1.0080322575483704,1.4642129073195493,0.31593082521274257,-1.3799105570459815,1.7859779892910521,0.5968573514759201,0.19492157938938187,0.16208817969462153,-0.4277444326750994,-0.5939431423763045,-0.431153696490451,0.11351371414522002,-0.98490636907413,-0.5783766704784492,-0.31593082521274257,0.008123172067756217,-0.5012495871809185,0.059572047207140884,1.0032911666039361,0.9353147593993804,-0.6685490935956037,-1.871321489307017,-1.0992299520108642,-0.09415336291632463,-0.97380470018001,-0.6755077198756877,-0.6050786879235088,-0.9607689228305228,-0.7220098160289725,-0.3157637485020014,0.0,0.0,0.0,0.0,0.0
540,-1.4381951499469472,-1.439414232614195,0.9920317455237933,1.0093000322202692,1.0778218827997421,-1.0751821568242872,0.4855085796131015,-1.6754422099806283,1.6903974623112599,-1.285127710435928,-0.4277444326750994,-0.5939431423763045,-0.9087981165315709,0.11351371414522002,0.017656644968489975,-0.5783766704784492,-1.0778218827997421,-1.550272180417207,-0.6531127220569795,-0.9205896070236921,0.28767692508900317,-1.2963482402279851,0.10284725221249368,-1.2293292791043755,-0.997269490120767,-1.068153668947269,-0.9082190630940303,-0.6755077198756877,-0.6050786879235088,-0.9607689228305228,-0.7220098160289725,-0.3157637485020014,1.0,0.0,0.0,0.0,1.0
778,0.3446913995740618,-0.033736271076895225,-1.0080322575483704,-0.8103514681768509,1.8397129403867416,-1.2941969550736128,-0.8149608300648491,0.5968573514759201,1.311893151381682,-1.285127710435928,-0.4277444326750994,2.4781765595700977,3.628823873859069,0.11351371414522002,-2.1481485978205392,-0.5783766704784492,-1.8397129403867416,-1.3764669744420608,4.130576026538941,1.2030939771431126,-1.5013586786983293,-0.55246057368553,-2.2148421323036356,-0.7901597762050632,-1.1439361956030443,-1.068153668947269,-0.5175087604232397,-0.6755077198756877,-0.6050786879235088,1.0408329997330665,-0.7220098160289725,-0.3157637485020014,0.0,0.0,0.0,0.0,0.0
962,-0.9033291850906445,-1.439414232614195,0.9920317455237933,0.09947428202170919,0.31593082521274257,-0.7104525969710854,1.7859779892910521,-1.6754422099806283,0.32709551096414813,-1.285127710435928,2.3378445716897667,-0.5939431423763045,-0.6699759065110109,-1.1203310048245632,-0.1550571950218606,-0.5783766704784492,-0.31593082521274257,-0.9242582365382733,-0.577181154618949,-0.4305087799082756,-0.07013019566846333,-0.55246057368553,-0.2914793563460215,-1.6120698631578956,-0.6585872505077874,-1.068153668947269,-0.7078652757436051,-0.6755077198756877,-0.6050786879235088,-0.9607689228305228,1.3850227210205581,3.166924654093602,0.0,0.0,0.0,0.0,0.0
754,-0.9033291850906445,0.6691027096917547,0.9920317455237933,1.4642129073195493,-1.2078512899612566,-0.6266655714579473,-0.8149608300648491,0.5968573514759201,0.3782292945320925,0.16208817969462153,-0.4277444326750994,2.4781765595700977,2.4347128237562687,-1.1203310048245632,0.05006605783645137,-0.5783766704784492,1.2078512899612566,-0.076049806329681,2.991602514968484,0.38629259861741866,1.718905408118869,-0.55246057368553,0.8194602690088406,0.8656372444329867,-0.20939789964518946,0.5551801744376382,0.5529050154602844,-0.6755077198756877,-0.6050786879235088,1.0408329997330665,1.3850227210205581,-0.3157637485020014,0.0,0.0,0.0,0.0,0.0
432,-0.36846322023434186,1.3719416904604045,-1.0080322575483704,-0.35543859307757086,0.31593082521274257,2.190947025556855,0.4855085796131015,0.5968573514759201,-0.8663319509865008,0.16208817969462153,-0.4277444326750994,-0.5939431423763045,-0.192331486469891,0.11351371414522002,1.1738525075760022,-0.5783766704784492,-0.31593082521274257,0.4954396519932622,-0.425318019742888,0.5496528743225574,-0.4279373164259298,0.1914270928569252,0.3123552295704727,0.38482178182429666,1.2511376972211,-0.09415336291632463,1.2907318793462386,1.4803679818552302,-0.6050786879235088,-0.9607689228305228,-0.7220098160289725,-0.3157637485020014,0.0,0.0,0.0,0.0,0.0
496,1.2361346743345663,-0.7365752518455452,-1.0080322575483704,1.0093000322202692,0.31593082521274257,1.1555147262181047,0.4855085796131015,-1.6754422099806283,0.6588287664951962,-0.5615197653706532,-0.4277444326750994,-0.5939431423763045,-0.9087981165315709,-1.1203310048245632,1.0559738410239374,1.7289770681323857,-0.31593082521274257,-0.6407424014791981,-0.6531127220569795,-0.9205896070236921,0.6454840458464697,0.1914270928569252,0.25879311344873207,-0.016155610902295725,0.5696076941225854,-0.5811535159317968,-0.20564300504310104,1.4803679818552302,-0.6050786879235088,-0.9607689228305228,1.3850227210205581,-0.3157637485020014,0.0,0.0,0.0,0.0,0.0
507,1.5927119842387683,-0.7365752518455452,0.9920317455237933,-0.8103514681768509,1.0778218827997421,0.38618178540373216,1.7859779892910521,0.5968573514759201,1.270376538092626,-1.285127710435928,-0.4277444326750994,2.4781765595700977,1.4794239836740288,-1.1203310048245632,-1.574743253278755,1.7289770681323857,-1.0778218827997421,-1.3574029814683126,2.0804237057121178,-0.2671485042031369,-1.1435515579408628,2.4230900924842906,-1.445428722855013,-1.5367144634559653,-0.35601502876469787,-1.068153668947269,1.5581548714488924,1.4803679818552302,-0.6050786879235088,-0.9607689228305228,1.3850227210205581,-0.3157637485020014,0.0,0.0,0.0,0.0,0.0
236,-0.19017456528224091,-0.7365752518455452,-1.0080322575483704,-0.8103514681768509,-0.445960232374257,-0.05815955071076144,0.4855085796131015,0.5968573514759201,-1.6553213168589478,0.8856961247598962,-0.4277444326750994,-0.5939431423763045,0.04649072355066898,-1.1203310048245632,0.017656644968489975,-0.5783766704784492,0.445960232374257,1.2935795492609206,-0.34938645230485754,1.039733701437974,-0.4279373164259298,0.1914270928569252,0.10284725221249368,-0.1368354145205887,0.09250915726153741,0.8798469431146198,0.027944116404972092,-0.6755077198756877,1.6526776102985388,-0.9607689228305228,1.3850227210205581,-0.3157637485020014,1.0,0.0,0.0,1.0,1.0
881,0.8795573644303645,0.6691027096917547,-1.0080322575483704,0.5543871571209893,1.0778218827997421,-0.2133660521998269,0.4855085796131015,0.5968573514759201,0.05714987447555358,0.16208817969462153,-0.4277444326750994,0.9421167085968966,-0.6699759065110109,0.11351371414522002,-0.3971442177429038,1.7289770681323857,-1.0778218827997421,0.07138649261300124,-0.27345488486682706,-1.4106704341391085,-0.07013019566846333,1.6792024259418357,-0.9103472010568161,-0.8955858032027718,-0.6190998870605089,-0.41882013159330606,-0.4991166956979372,-0.6755077198756877,-0.6050786879235088,-0.9607689228305228,-0.7220098160289725,-0.3157637485020014,0.0,0.0,0.0,0.0,0.0
323,-0.19017456528224091,0.6691027096917547,-1.0080322575483704,-0.8103514681768509,-0.445960232374257,-1.110102300104003,-0.8149608300648491,0.5968573514759201,1.7886122437213494,-1.285127710435928,-0.4277444326750994,-0.5939431423763045,-0.192331486469891,-1.1203310048245632,0.5735547190273169,-0.5783766704784492,0.445960232374257,-1.5953713769649591,-0.425318019742888,0.5496528743225574,-0.4279373164259298,-0.55246057368553,0.5484573508457109,0.3291005920670295,-0.8306872644472613,-1.068153668947269,-0.7886525859167715,-0.6755077198756877,-0.6050786879235088,1.0408329997330665,1.3850227210205581,-0.3157637485020014,0.0,0.0,0.0,0.0,0.0
94,0.5229800545261627,-0.7365752518455452,0.9920317455237933,1.4642129073195493,1.0778218827997421,0.23833170500939374,0.4855085796131015,0.5968573514759201,-0.3489259468358184,0.8856961247598962,-0.4277444326750994,2.4781765595700977,2.195890613735709,0.11351371414522002,0.15373884918968372,1.7289770681323857,-1.0778218827997421,0.6936965101108273,2.7638078126543926,0.22293232291227957,0.6454840458464697,1.6792024259418357,-0.6600350481999507,-0.720663126846365,-0.42089244973087747,-0.09415336291632463,1.911631429767369,-0.6755077198756877,1.6526776102985388,-0.9607689228305228,-0.7220098160289725,-0.3157637485020014,0.0,0.0,0.0,0.0,0.0
224,0.3446913995740618,0.6691027096917547,0.9920317455237933,-0.35543859307757086,-1.2078512899612566,0.33831506518296134,-0.8149608300648491,0.5968573514759201,-2.181822407350344,1.609304069825171,-0.4277444326750994,0.9421167085968966,0.5241351435917889,-1.1203310048245632,0.6866272980275058,-0.5783766704784492,1.2078512899612566,1.9711875861209107,0.4858607895134778,-0.18546836635056735,0.28767692508900317,-0.55246057368553,1.1087031664982951,1.2393318065584147,0.8491990050806327,2.1785140178225455,0.7104846293350957,1.4803679818552302,1.6526776102985388,1.0408329997330665,1.3850227210205581,-0.3157637485020014,0.0,0.0,0.0,0.0,0.0
594,-0.7250405301385436,-0.033736271076895225,0.9920317455237933,2.3740386575181094,-1.2078512899612566,-0.7140908363441557,-0.8149608300648491,-1.6754422099806283,0.7801667816547548,-0.5615197653706532,-0.4277444326750994,0.9421167085968966,-0.192331486469891,1.3473584331150033,0.0465981820203885,-0.5783766704784492,1.2078512899612566,-0.6964595442129997,0.030271384885294857,-0.9205896070236921,2.434519649633802,-2.0402359067704405,0.817884523603935,0.8317812841786179,-0.3053046062559404,-0.25648674725481535,-0.5391985473457367,-0.6755077198756877,-0.6050786879235088,1.0408329997330665,-0.7220098160289725,-0.3157637485020014,0.0,0.0,0.0,0.0,0.0
25,0.5229800545261627,1.3719416904604045,-1.0080322575483704,-0.35543859307757086,0.31593082521274257,-0.6336240255621093,0.4855085796131015,0.5968573514759201,-0.14368279369163137,0.16208817969462153,-0.4277444326750994,-0.5939431423763045,-0.6699759065110109,0.11351371414522002,0.017656644968489975,-0.5783766704784492,-0.31593082521274257,0.16360674545928933,-0.577181154618949,-0.4305087799082756,-0.4279373164259298,0.1914270928569252,0.10284725221249368,-0.70901036574536,-0.6080180568059367,-0.09415336291632463,-0.6756015676282687,-0.6755077198756877,-0.6050786879235088,-0.9607689228305228,-0.7220098160289725,-0.3157637485020014,1.0,0.0,0.0,1.0,1.0
213,0.5229800545261627,1.3719416904604045,-1.0080322575483704,1.9191257824188295,-1.2078512899612566,0.2688281624088463,-0.8149608300648491,0.5968573514759201,0.758820274413582,-0.5615197653706532,-0.4277444326750994,-0.5939431423763045,-0.6699759065110109,0.11351371414522002,0.03679869152254076,-0.5783766704784492,1.2078512899612566,-0.6866574521871779,-0.577181154618949,-0.4305087799082756,2.0767125288763357,-0.55246057368553,0.813431797225768,1.2124225850469696,0.7729709260885824,-0.25648674725481535,-0.2966220623899374,-0.6755077198756877,-0.6050786879235088,1.0408329997330665,-0.7220098160289725,-0.3157637485020014,0.0,0.0,0.0,0.0,0.0
411,1.0578460193824655,-0.7365752518455452,0.9920317455237933,0.09947428202170919,-1.2078512899612566,-0.14581333785064418,-0.8149608300648491,0.5968573514759201,-0.6215580652257942,0.8856961247598962,-0.4277444326750994,2.4781765595700977,1.4794239836740288,-1.1203310048245632,0.5924682559393564,-0.5783766704784492,1.2078512899612566,0.818886316736375,2.0804237057121178,-0.2671485042031369,0.6454840458464697,-0.55246057368553,1.0659188553607943,1.0518501673268819,0.31810355147108865,1.3668470961300918,0.8320781144921331,-0.6755077198756877,1.6526776102985388,1.0408329997330665,1.3850227210205581,-0.3157637485020014,0.0,0.0,0.0,0.0,0.0
501,1.771000639190869,0.6691027096917547,0.9920317455237933,-1.7201772183754112,1.8397129403867416,-1.347143442951701,1.7859779892910521,0.5968573514759201,0.5736543009708495,-0.5615197653706532,-0.4277444326750994,-0.5939431423763045,1.957068403715149,-1.1203310048245632,-0.1294859222626355,-0.5783766704784492,-1.8397129403867416,-0.6016311810866876,0.2580660871993863,4.960380318361306,-2.216972920213262,0.9353147593993804,-1.297595205429893,-2.5572779634801246,-1.155552799305882,-0.9058202846087783,-0.7702481512640399,-0.6755077198756877,-0.6050786879235088,-0.9607689228305228,1.3850227210205581,-0.3157637485020014,0.0,0.0,0.0,0.0,0.0
946,0.7012687094782636,-0.033736271076895225,-1.0080322575483704,-0.35543859307757086,0.31593082521274257,-1.415416544789303,1.7859779892910521,0.5968573514759201,-2.043694221489266,2.3329120148904456,-0.4277444326750994,-0.5939431423763045,0.5241351435917889,0.11351371414522002,1.0096949995638709,1.7289770681323857,-0.31593082521274257,2.3436048366729323,-0.19752331742879659,2.019895355668807,-0.4279373164259298,2.4230900924842906,0.2377647734380409,-1.8850713968582797,-1.1226002833711812,1.3668470961300918,-0.946571312393507,-0.6755077198756877,1.6526776102985388,-0.9607689228305228,-0.7220098160289725,-0.3157637485020014,0.0,0.0,0.0,0.0,0.0
899,0.5229800545261627,-0.7365752518455452,0.9920317455237933,-1.265264343276131,-0.445960232374257,-0.2019579889367401,0.4855085796131015,0.5968573514759201,0.3330344233242214,-0.5615197653706532,-0.4277444326750994,-0.5939431423763045,-0.192331486469891,-1.1203310048245632,1.4800145847444912,1.7289770681323857,0.445960232374257,-0.49114105934044533,-0.425318019742888,0.5496528743225574,-0.7857444371833963,1.6792024259418357,0.9603377190868654,-0.19252222559923826,-0.03368991934611031,-0.41882013159330606,-0.21659776741443465,-0.6755077198756877,-0.6050786879235088,-0.9607689228305228,1.3850227210205581,-0.3157637485020014,0.0,0.0,0.0,0.0,0.0
132,-0.36846322023434186,-1.439414232614195,0.9920317455237933,-1.265264343276131,-0.445960232374257,0.9923546585908078,-0.8149608300648491,0.5968573514759201,-0.9646475007157079,-0.5615197653706532,-0.4277444326750994,0.9421167085968966,0.04649072355066898,0.11351371414522002,0.8404121113345272,-0.5783766704784492,0.445960232374257,0.10474085688942529,0.18213451976135583,-0.6755491934659839,-0.7857444371833963,-0.55246057368553,0.6697129355310919,1.143289709168851,1.01445187661661,-0.41882013159330606,0.7999693616632594,1.4803679818552302,-0.6050786879235088,1.0408329997330665,-0.7220098160289725,-0.3157637485020014,0.0,0.0,0.0,0.0,0.0
159,-0.7250405301385436,0.6691027096917547,-1.0080322575483704,0.09947428202170919,-1.2078512899612566,-0.1706704211873004,0.4855085796131015,0.5968573514759201,-0.7340422219492155,0.16208817969462153,-0.4277444326750994,-0.5939431423763045,-0.9087981165315709,-1.1203310048245632,0.23995858369040676,-0.5783766704784492,1.2078512899612566,0.4346935972197949,-0.6531127220569795,-0.9205896070236921,0.6454840458464697,0.1914270928569252,0.9057442915376139,0.168916941614262,0.2908349924124388,0.5551801744376382,-0.6233357629399046,-0.6755077198756877,-0.6050786879235088,-0.9607689228305228,1.3850227210205581,-0.3157637485020014,0.0,0.0,0.0,0.0,0.0
914,1.771000639190869,0.6691027096917547,-1.0080322575483704,0.5543871571209893,1.0778218827997421,-0.2059411517241128,-0.8149608300648491,-1.6754422099806283,1.8107940440880934,-0.5615197653706532,-0.4277444326750994,-0.5939431423763045,-0.192331486469891,0.11351371414522002,-0.9880422342094385,-0.5783766704784492,-1.0778218827997421,-1.1697127634191469,-0.425318019742888,0.5496528743225574,-0.07013019566846333,-2.0402359067704405,-1.1788414850510078,0.11018669322846389,-0.2812300159971403,-0.7434869002702875,-0.3010754785296518,-0.6755077198756877,-0.6050786879235088,1.0408329997330665,-0.7220098160289725,-0.3157637485020014,0.0,1.0,0.0,0.0,1.0
431,-0.7250405301385436,-0.033736271076895225,-1.0080322575483704,0.09947428202170919,-0.445960232374257,1.766394860682205,0.4855085796131015,0.5968573514759201,-2.2238220688890604,3.0565199599557205,-0.4277444326750994,-0.5939431423763045,0.28531293357122894,0.11351371414522002,1.024155377164014,-0.5783766704784492,0.445960232374257,2.8621619165914685,-0.27345488486682706,1.5298145285533904,0.28767692508900317,0.1914270928569252,0.7532028360263605,0.5697342677612685,1.6937579940281406,2.8278475551765085,1.7143268889770704,1.4803679818552302,1.6526776102985388,-0.9607689228305228,-0.7220098160289725,-0.3157637485020014,0.0,0.0,0.0,1.0,1.0
414,-0.19017456528224091,0.6691027096917547,0.9920317455237933,0.5543871571209893,-1.2078512899612566,-0.9808797403085806,-0.8149608300648491,0.5968573514759201,-2.6033416837898566,2.3329120148904456,-0.4277444326750994,0.9421167085968966,0.762957353612349,0.11351371414522002,1.4458806735596883,-0.5783766704784492,1.2078512899612566,2.600589076085517,0.6377239243895387,0.059572047207140884,1.0032911666039361,-0.55246057368553,1.4536953407024067,0.7284656746613576,-0.5979756684806122,2.990180939514999,-0.47890046603710884,-0.6755077198756877,1.6526776102985388,1.0408329997330665,-0.7220098160289725,-0.3157637485020014,0.0,0.0,0.0,0.0,0.0
223,-0.5467518751864427,-1.439414232614195,0.9920317455237933,1.9191257824188295,-0.445960232374257,-0.13661480236220008,-0.8149608300648491,0.5968573514759201,1.0308755912249474,-1.285127710435928,2.3378445716897667,0.9421167085968966,1.957068403715149,-1.1203310048245632,-0.7232412141212031,-0.5783766704784492,0.445960232374257,-1.2474266609890354,1.3970395987698436,1.2847741149956822,1.718905408118869,-0.55246057368553,-0.04078526946186823,0.7060894873774487,0.0236559733495339,-1.068153668947269,1.1360808684438324,-0.6755077198756877,-0.6050786879235088,1.0408329997330665,1.3850227210205581,3.166924654093602,0.0,0.0,0.0,0.0,0.0
65,1.0578460193824655,-1.439414232614195,-1.0080322575483704,0.5543871571209893,0.31593082521274257,0.8944515143665315,-0.8149608300648491,0.5968573514759201,0.9297190517989528,-0.5615197653706532,-0.4277444326750994,-0.5939431423763045,0.04649072355066898,0.11351371414522002,0.017656644968489975,-0.5783766704784492,-0.31593082521274257,-0.7651323766376191,-0.34938645230485754,1.039733701437974,0.28767692508900317,-0.55246057368553,0.10284725221249368,0.7560532588428593,0.3977737541385459,-0.5811535159317968,0.7280201216986174,1.4803679818552302,-0.6050786879235088,1.0408329997330665,-0.7220098160289725,-0.3157637485020014,1.0,0.0,0.0,0.0,1.0
107,-0.011885910330140019,1.3719416904604045,0.9920317455237933,-0.35543859307757086,1.0778218827997421,-0.2059411517241128,-0.8149608300648491,-1.6754422099806283,0.32490858542922024,0.16208817969462153,-0.4277444326750994,0.9421167085968966,-0.192331486469891,1.3473584331150033,0.2450304673488098,1.7289770681323857,-1.0778218827997421,-0.05156549647966772,0.030271384885294857,-0.9205896070236921,-0.7857444371833963,0.1914270928569252,-0.6185536470626126,0.11018669322846389,-0.2812300159971403,-0.41882013159330606,-0.3010754785296518,-0.6755077198756877,-0.6050786879235088,-0.9607689228305228,-0.7220098160289725,-0.3157637485020014,0.0,1.0,1.0,0.0,1.0
36,-1.0816178400427454,1.3719416904604045,-1.0080322575483704,0.5543871571209893,-1.2078512899612566,-0.5644843345038685,-0.8149608300648491,0.5968573514759201,-0.5266233910430458,-0.5615197653706532,2.3378445716897667,-0.5939431423763045,-1.147620326552131,1.3473584331150033,0.017656644968489975,-0.5783766704784492,1.2078512899612566,-0.09639521581940415,-0.72904428949501,-1.4106704341391085,1.0032911666039361,-0.55246057368553,0.10284725221249368,0.8897173028648941,-0.14118423558582885,-0.25648674725481535,-0.8481745320781792,-0.6755077198756877,-0.6050786879235088,1.0408329997330665,-0.7220098160289725,-0.3157637485020014,1.0,0.0,0.0,0.0,1.0
868,-0.19017456528224091,-0.033736271076895225,0.9920317455237933,-0.35543859307757086,0.31593082521274257,-0.7441652365744883,-0.8149608300648491,0.5968573514759201,1.7148151787424701,-1.285127710435928,-0.4277444326750994,-0.5939431423763045,0.04649072355066898,-1.1203310048245632,-0.6438124484935931,1.7289770681323857,-0.31593082521274257,-1.5614845394610084,-0.34938645230485754,1.039733701437974,-0.4279373164259298,0.9353147593993804,-0.5135616584901592,0.12148905518603388,-0.6807771854634956,-1.068153668947269,-0.4762029985870612,-0.6755077198756877,-0.6050786879235088,1.0408329997330665,1.3850227210205581,-0.3157637485020014,0.0,0.0,0.0,0.0,0.0
624,1.771000639190869,-1.439414232614195,-1.0080322575483704,0.09947428202170919,-0.445960232374257,-0.005621688535519487,-0.8149608300648491,0.5968573514759201,-0.9782352891390931,0.8856961247598962,-0.4277444326750994,-0.5939431423763045,-0.431153696490451,0.11351371414522002,0.7274626508472358,-0.5783766704784492,0.445960232374257,0.9826687534981802,-0.5012495871809185,0.059572047207140884,0.28767692508900317,-0.55246057368553,0.6183905691058137,0.7568173594758019,0.13861695770256874,0.8798469431146198,-0.252399009129423,-0.6755077198756877,1.6526776102985388,1.0408329997330665,-0.7220098160289725,-0.3157637485020014,0.0,0.0,0.0,0.0,0.0
447,0.1664027446219609,1.3719416904604045,-1.0080322575483704,-1.7201772183754112,-1.2078512899612566,-0.42306692004103463,0.4855085796131015,0.5968573514759201,-0.9763228220383199,1.609304069825171,-0.4277444326750994,-0.5939431423763045,-0.192331486469891,0.11351371414522002,0.972549025709028,1.7289770681323857,1.2078512899612566,1.41763483208876,-0.425318019742888,0.5496528743225574,-0.7857444371833963,1.6792024259418357,1.2386212698138117,0.07117487763931883,0.01395259466788832,2.1785140178225455,-0.3558778662893991,-0.6755077198756877,1.6526776102985388,-0.9607689228305228,-0.7220098160289725,-0.3157637485020014,0.0,0.0,0.0,0.0,0.0
306,-0.7250405301385436,1.3719416904604045,-1.0080322575483704,0.09947428202170919,-0.445960232374257,-0.33192758029581954,-0.8149608300648491,0.5968573514759201,0.4701652458799597,0.8856961247598962,-0.4277444326750994,-0.5939431423763045,0.28531293357122894,0.11351371414522002,-0.7226838926462587,-0.5783766704784492,0.445960232374257,0.3175784333767399,-0.27345488486682706,1.5298145285533904,0.28767692508900317,-0.55246057368553,-0.040532031802915494,0.6304534380558031,-0.14775264922648207,0.8798469431146198,-0.04802952416496949,-0.6755077198756877,1.6526776102985388,1.0408329997330665,-0.7220098160289725,-0.3157637485020014,0.0,0.0,0.0,0.0,0.0
283,-0.19017456528224091,-0.033736271076895225,0.9920317455237933,-0.35543859307757086,-1.2078512899612566,2.0620693907014633,-0.8149608300648491,0.5968573514759201,-0.7909515279100147,0.16208817969462153,-0.4277444326750994,0.9421167085968966,0.28531293357122894,0.11351371414522002,-0.2029016234481839,-0.5783766704784492,1.2078512899612566,0.4608257530732577,0.3339976546374168,-0.4305087799082756,0.28767692508900317,-0.55246057368553,0.704515939247267,1.906866048622335,2.740180983593295,0.5551801744376382,1.9626604596457051,1.4803679818552302,-0.6050786879235088,1.0408329997330665,-0.7220098160289725,-0.3157637485020014,0.0,0.0,0.0,0.0,0.0
542,-1.4381951499469472,-0.7365752518455452,-1.0080322575483704,1.4642129073195493,-0.445960232374257,-0.855383591655145,-0.8149608300648491,-1.6754422099806283,-2.118700257057386,1.609304069825171,-0.4277444326750994,0.9421167085968966,1.957068403715149,0.11351371414522002,-0.7105119341046586,-0.5783766704784492,0.445960232374257,1.942202557373635,1.3970395987698436,1.2847741149956822,1.3610982873614026,-2.0402359067704405,-0.03500129519124705,0.42774194569076174,-0.6071433498018022,1.5291804804685827,0.0041705975541062364,-0.6755077198756877,1.6526776102985388,1.0408329997330665,-0.7220098160289725,-0.3157637485020014,0.0,0.0,0.0,0.0,0.0
895,-0.9033291850906445,-1.439414232614195,0.9920317455237933,1.4642129073195493,-1.2078512899612566,1.3833756015341905,0.4855085796131015,-1.6754422099806283,-1.2596057651092107,1.609304069825171,-0.4277444326750994,0.9421167085968966,2.9123572437973886,0.11351371414522002,0.7058454250277659,-0.5783766704784492,1.2078512899612566,1.5477153855935846,2.0044921382740872,2.264935769226515,1.718905408118869,0.1914270928569252,1.1174355654992265,0.77073062152935,1.9956446507503063,2.1785140178225455,4.75095524181738,1.4803679818552302,1.6526776102985388,-0.9607689228305228,-0.7220098160289725,-0.3157637485020014,0.0,0.0,0.0,1.0,1.0
990,-1.4381951499469472,0.6691027096917547,0.9920317455237933,1.4642129073195493,1.8397129403867416,-0.2059411517241128,1.7859779892910521,-1.6754422099806283,0.9690060054286481,-0.5615197653706532,-0.4277444326750994,-0.5939431423763045,-0.9087981165315709,0.11351371414522002,-1.9275509864832254,1.7289770681323857,-1.8397129403867416,-0.7831725333031416,-0.6531127220569795,-0.9205896070236921,0.28767692508900317,0.9353147593993804,-2.114606226857513,0.11018669322846389,-0.2812300159971403,-0.9058202846087783,-0.3010754785296518,-0.6755077198756877,-0.6050786879235088,-0.9607689228305228,-0.7220098160289725,-0.3157637485020014,0.0,1.0,0.0,0.0,1.0
11,1.0578460193824655,-0.7365752518455452,-1.0080322575483704,0.09947428202170919,1.8397129403867416,0.28856719533953856,0.4855085796131015,-1.6754422099806283,0.6173003629492145,-0.5615197653706532,-0.4277444326750994,0.9421167085968966,0.762957353612349,1.3473584331150033,-2.427591276856255,1.7289770681323857,-1.8397129403867416,-0.6216729945432459,0.6377239243895387,0.059572047207140884,-0.7857444371833963,0.1914270928569252,-2.3418162630915034,-1.050531998931226,-0.7966734284721317,-0.9058202846087783,0.8538415285274928,1.4803679818552302,-0.6050786879235088,-0.9607689228305228,-0.7220098160289725,-0.3157637485020014,0.0,0.0,0.0,0.0,0.0
816,0.5229800545261627,0.6691027096917547,-1.0080322575483704,1.4642129073195493,0.31593082521274257,-1.149254649541649,-0.8149608300648491,0.5968573514759201,-1.5400435786957798,2.3329120148904456,2.3378445716897667,0.9421167085968966,0.5241351435917889,0.11351371414522002,-1.4633131871878764,-0.5783766704784492,-0.31593082521274257,2.1123337489137146,0.4858607895134778,-0.18546836635056735,1.0032911666039361,-0.55246057368553,-0.8859292378978226,-0.03538425921264849,-0.9474103482989563,1.3668470961300918,-0.6950817757540629,-0.6755077198756877,1.6526776102985388,1.0408329997330665,-0.7220098160289725,-0.3157637485020014,0.0,0.0,0.0,0.0,0.0
574,-0.7250405301385436,1.3719416904604045,0.9920317455237933,1.0093000322202692,1.0778218827997421,-1.118839479311091,0.4855085796131015,0.5968573514759201,0.6401853041720924,-1.285127710435928,2.3378445716897667,-0.5939431423763045,0.04649072355066898,0.11351371414522002,-0.3789242477671125,1.7289770681323857,-1.0778218827997421,-1.0680257827085653,-0.34938645230485754,1.039733701437974,0.28767692508900317,1.6792024259418357,-0.9020683480962003,-1.2462358401179368,-1.0164265611326884,-1.068153668947269,-0.7515519387341925,-0.6755077198756877,-0.6050786879235088,-0.9607689228305228,-0.7220098160289725,3.166924654093602,0.0,0.0,0.0,0.0,0.0
229,-0.7250405301385436,1.3719416904604045,0.9920317455237933,0.5543871571209893,0.31593082521274257,-0.48505715323776166,-0.8149608300648491,0.5968573514759201,-0.10591812224071084,-0.5615197653706532,-0.4277444326750994,-0.5939431423763045,-0.192331486469891,0.11351371414522002,0.04892269024771785,-0.5783766704784492,-0.31593082521274257,-0.289578658616766,-0.425318019742888,0.5496528743225574,0.28767692508900317,-0.55246057368553,-0.1987942707331565,0.2218302206655114,-0.5102301270492433,-0.5811535159317968,-0.39492651876038276,-0.6755077198756877,-0.6050786879235088,1.0408329997330665,-0.7220098160289725,-0.3157637485020014,0.0,0.0,0.0,0.0,0.0
289,1.771000639190869,-0.7365752518455452,0.9920317455237933,1.4642129073195493,-1.2078512899612566,-0.06131673752519136,-0.8149608300648491,0.5968573514759201,-0.4297199761958572,0.16208817969462153,-0.4277444326750994,-0.5939431423763045,-0.9087981165315709,0.11351371414522002,1.4800145847444912,1.7289770681323857,1.2078512899612566,0.2949520167974194,-0.6531127220569795,-0.9205896070236921,1.718905408118869,0.9353147593993804,1.469205225298549,1.0845719845952813,0.4107974731602807,0.5551801744376382,-0.5888939342070436,-0.6755077198756877,-0.6050786879235088,1.0408329997330665,-0.7220098160289725,-0.3157637485020014,0.0,0.0,0.0,0.0,0.0
472,-0.011885910330140019,-1.439414232614195,0.9920317455237933,0.09947428202170919,-1.2078512899612566,0.863713843759136,0.4855085796131015,0.5968573514759201,0.282867136709399,-0.5615197653706532,-0.4277444326750994,-0.5939431423763045,-0.431153696490451,-1.1203310048245632,1.4800145847444912,-0.5783766704784492,1.2078512899612566,-0.4681047679917698,-0.5012495871809185,0.059572047207140884,0.6454840458464697,0.1914270928569252,1.469205225298549,0.5694884767117405,1.4255686229037885,-0.25648674725481535,0.20394144068415376,1.4803679818552302,-0.6050786879235088,-0.9607689228305228,1.3850227210205581,-0.3157637485020014,0.0,0.0,0.0,0.0,0.0
106,0.8795573644303645,1.3719416904604045,-1.0080322575483704,-0.35543859307757086,-0.445960232374257,2.98558253461872,-0.8149608300648491,0.5968573514759201,-0.01798455299308741,0.16208817969462153,-0.4277444326750994,2.4781765595700977,2.4347128237562687,0.11351371414522002,0.9829325168477054,-0.5783766704784492,0.445960232374257,0.10588743293238746,2.991602514968484,0.38629259861741866,-0.07013019566846333,-0.55246057368553,0.7344718502108976,1.9151792062900503,2.7637303842735976,0.23051340576065682,6.999910272599899,1.4803679818552302,-0.6050786879235088,1.0408329997330665,-0.7220098160289725,-0.3157637485020014,0.0,0.0,0.0,0.0,0.0
467,0.3446913995740618,-1.439414232614195,0.9920317455237933,1.0093000322202692,-0.445960232374257,0.3236773795259663,0.4855085796131015,0.5968573514759201,1.3101952474541505,-0.5615197653706532,-0.4277444326750994,-0.5939431423763045,-1.386442536572691,0.11351371414522002,-0.4731710622367969,-0.5783766704784492,0.445960232374257,-0.9398430513775827,-0.8049758569330404,-1.900751261254525,1.0032911666039361,0.1914270928569252,0.07284247087143328,0.011033235926984675,0.4276134087753642,-0.41882013159330606,-0.855733842126165,1.4803679818552302,-0.6050786879235088,-0.9607689228305228,-0.7220098160289725,-0.3157637485020014,0.0,0.0,0.0,0.0,0.0
524,-0.9033291850906445,-0.7365752518455452,-1.0080322575483704,0.5543871571209893,0.31593082521274257,-0.6930117864115014,-0.8149608300648491,0.5968573514759201,0.512735413620458,-0.5615197653706532,-0.4277444326750994,-0.5939431423763045,1.001779563632909,-1.1203310048245632,0.017656644968489975,-0.5783766704784492,-0.31593082521274257,-0.5736578675524028,-0.04566018255273563,3.0000570098996397,0.28767692508900317,-0.55246057368553,0.10284725221249368,0.14129853677978285,-0.6471075664354393,-0.5811535159317968,-0.08936901867840029,-0.6755077198756877,-0.6050786879235088,1.0408329997330665,1.3850227210205581,-0.3157637485020014,1.0,0.0,0.0,0.0,1.0
346,0.7012687094782636,-1.439414232614195,0.9920317455237933,-0.35543859307757086,-0.445960232374257,0.1729402389195937,0.4855085796131015,0.5968573514759201,-2.1029321566474386,2.3329120148904456,2.3378445716897667,-0.5939431423763045,-0.431153696490451,-1.1203310048245632,-0.2750809868672203,-0.5783766704784492,0.445960232374257,2.370806274607477,-0.5012495871809185,0.059572047207140884,-0.07013019566846333,0.1914270928569252,0.1628513242955032,-0.04734062942954811,0.29532485133563047,2.1785140178225455,-0.15866646597734257,-0.6755077198756877,1.6526776102985388,-0.9607689228305228,1.3850227210205581,-0.3157637485020014,0.0,0.0,0.0,0.0,0.0
260,-1.0816178400427454,0.6691027096917547,0.9920317455237933,-0.35543859307757086,-1.2078512899612566,1.3491921463838097,-0.8149608300648491,0.5968573514759201,1.0075809630900885,-1.285127710435928,-0.4277444326750994,-0.5939431423763045,-0.431153696490451,2.5812031520847865,0.3132789006734713,-0.5783766704784492,1.2078512899612566,-1.2367300123005427,-0.5012495871809185,0.059572047207140884,0.28767692508900317,0.1914270928569252,0.9390598307034327,1.6308000432029954,1.9581449347549758,-1.068153668947269,0.45878364920368864,1.4803679818552302,-0.6050786879235088,1.0408329997330665,-0.7220098160289725,-0.3157637485020014,0.0,0.0,0.0,1.0,1.0
66,0.1664027446219609,0.6691027096917547,-1.0080322575483704,-1.265264343276131,-0.445960232374257,2.98558253461872,-0.8149608300648491,0.5968573514759201,-0.9692482298583022,0.8856961247598962,-0.4277444326750994,-0.5939431423763045,-0.9087981165315709,0.11351371414522002,-0.7710674932036665,-0.5783766704784492,0.445960232374257,0.9785419902241433,-0.6531127220569795,-0.9205896070236921,-0.7857444371833963,-0.55246057368553,-0.06251673953032377,1.9151792062900503,2.7637303842735976,0.8798469431146198,0.37075167975978846,1.4803679818552302,1.6526776102985388,1.0408329997330665,-0.7220098160289725,-0.3157637485020014,0.0,0.0,0.0,0.0,0.0
801,-0.9033291850906445,0.6691027096917547,0.9920317455237933,-0.35543859307757086,1.8397129403867416,-1.0981065699893595,1.7859779892910521,-1.6754422099806283,2.1710742020227025,-1.285127710435928,-0.4277444326750994,-0.5939431423763045,0.28531293357122894,-1.1203310048245632,-0.5909174577641652,-0.5783766704784492,-1.8397129403867416,-1.7709938930651572,-0.27345488486682706,1.5298145285533904,-1.1435515579408628,-0.55246057368553,-1.5072620621197736,-2.4608369348614545,-1.1009134308314585,-1.068153668947269,-0.691534273354868,-0.6755077198756877,-0.6050786879235088,-0.9607689228305228,1.3850227210205581,-0.3157637485020014,0.0,0.0,0.0,0.0,0.0
826,-0.36846322023434186,-0.033736271076895225,-1.0080322575483704,0.09947428202170919,-1.2078512899612566,-0.7507968368817266,-0.8149608300648491,0.5968573514759201,-0.6672281850661241,1.609304069825171,-0.4277444326750994,-0.5939431423763045,-0.431153696490451,-1.1203310048245632,1.4800145847444912,-0.5783766704784492,1.2078512899612566,1.2757018197200827,-0.5012495871809185,0.059572047207140884,0.6454840458464697,-0.55246057368553,1.469205225298549,0.8175666644469597,-0.3455715889066983,2.1785140178225455,-0.6435639273384123,-0.6755077198756877,1.6526776102985388,1.0408329997330665,1.3850227210205581,-0.3157637485020014,0.0,0.0,0.0,0.0,0.0
940,1.4144233292866673,-1.439414232614195,0.9920317455237933,1.4642129073195493,-1.2078512899612566,0.7181369059673134,-0.8149608300648491,0.5968573514759201,-0.6244375117348496,0.16208817969462153,2.3378445716897667,-0.5939431423763045,-0.6699759065110109,0.11351371414522002,0.8195329358391781,1.7289770681323857,1.2078512899612566,0.3843642649385615,-0.577181154618949,-0.4305087799082756,1.718905408118869,0.9353147593993804,1.1690932897828892,1.3864201014817878,1.2658687388912622,0.5551801744376382,-0.10793748984112064,1.4803679818552302,-0.6050786879235088,1.0408329997330665,-0.7220098160289725,-0.3157637485020014,0.0,0.0,0.0,0.0,0.0
756,1.2361346743345663,-0.033736271076895225,0.9920317455237933,1.0093000322202692,-1.2078512899612566,0.8016358748191149,-0.8149608300648491,0.5968573514759201,-1.4154144968019815,1.609304069825171,-0.4277444326750994,-0.5939431423763045,-0.9087981165315709,0.11351371414522002,0.07946583600475975,1.7289770681323857,1.2078512899612566,1.6192611194798936,-0.6531127220569795,-0.9205896070236921,1.3610982873614026,0.9353147593993804,0.8328190418747424,1.4187555799548233,1.3574682452627125,2.1785140178225455,-0.3171000166763432,1.4803679818552302,1.6526776102985388,1.0408329997330665,-0.7220098160289725,-0.3157637485020014,0.0,0.0,0.0,0.0,0.0
205,0.5229800545261627,-0.033736271076895225,-1.0080322575483704,1.0093000322202692,-0.445960232374257,2.243781446412225,1.7859779892910521,0.5968573514759201,0.7213643132187528,0.16208817969462153,2.3378445716897667,-0.5939431423763045,-1.386442536572691,0.11351371414522002,1.103912921385925,-0.5783766704784492,0.445960232374257,-0.23361380461982612,-0.8049758569330404,-1.900751261254525,1.0032911666039361,0.9353147593993804,0.7894433447643172,-0.1187020728682754,2.1127176645728944,0.23051340576065682,-0.6541497308086572,1.4803679818552302,-0.6050786879235088,-0.9607689228305228,-0.7220098160289725,3.166924654093602,0.0,0.0,0.0,0.0,0.0
979,-1.2599064949948464,0.6691027096917547,-1.0080322575483704,-1.265264343276131,-0.445960232374257,2.98558253461872,-0.8149608300648491,-1.6754422099806283,-0.48283866714921075,0.16208817969462153,-0.4277444326750994,0.9421167085968966,0.762957353612349,1.3473584331150033,0.2690437129590762,-0.5783766704784492,0.445960232374257,0.3193435620339952,0.6377239243895387,0.059572047207140884,-0.7857444371833963,-2.0402359067704405,0.41009258693678724,1.9151792062900503,2.7637303842735976,0.23051340576065682,3.685330976179844,1.4803679818552302,-0.6050786879235088,1.0408329997330665,-0.7220098160289725,-0.3157637485020014,0.0,0.0,0.0,0.0,0.0
404,-1.6164838048990482,1.3719416904604045,0.9920317455237933,-1.265264343276131,0.31593082521274257,2.458370150879844,-0.8149608300648491,0.5968573514759201,1.0019346639198523,-0.5615197653706532,-0.4277444326750994,-0.5939431423763045,-0.6699759065110109,0.11351371414522002,0.04450188390797269,-0.5783766704784492,-0.31593082521274257,-0.798293027591551,-0.577181154618949,-0.4305087799082756,-1.1435515579408628,0.1914270928569252,-0.20080301200456013,0.11018669322846389,1.4271577842382663,-0.5811535159317968,0.6228632583282356,1.4803679818552302,-0.6050786879235088,-0.9607689228305228,-0.7220098160289725,-0.3157637485020014,0.0,0.0,1.0,0.0,1.0
238,1.5927119842387683,0.6691027096917547,0.9920317455237933,1.0093000322202692,-1.2078512899612566,-1.2780098201647079,-0.8149608300648491,0.5968573514759201,-0.34883766919486153,-0.5615197653706532,-0.4277444326750994,-0.5939431423763045,-0.6699759065110109,-1.1203310048245632,1.4433544935507345,-0.5783766704784492,1.2078512899612566,-0.17803255286683542,-0.577181154618949,-0.4305087799082756,1.3610982873614026,-0.55246057368553,1.4525474862946353,0.6134002620820507,-0.923931414008883,-0.25648674725481535,-0.9462076040213695,-0.6755077198756877,-0.6050786879235088,1.0408329997330665,1.3850227210205581,-0.3157637485020014,0.0,0.0,0.0,0.0,0.0
24,-0.7250405301385436,-1.439414232614195,-1.0080322575483704,0.09947428202170919,1.0778218827997421,0.32060957764182696,1.7859779892910521,0.5968573514759201,0.049679713973786774,-0.5615197653706532,-0.4277444326750994,-0.5939431423763045,0.04649072355066898,-1.1203310048245632,0.017656644968489975,-0.5783766704784492,-1.0778218827997421,-0.361027551513469,-0.34938645230485754,1.039733701437974,-0.4279373164259298,0.9353147593993804,0.10284725221249368,-1.5621076957517768,-0.38478847085755596,-0.7434869002702875,0.3063023971626296,1.4803679818552302,-0.6050786879235088,-0.9607689228305228,1.3850227210205581,-0.3157637485020014,1.0,0.0,0.0,0.0,1.0
923,0.3446913995740618,-0.033736271076895225,-1.0080322575483704,0.09947428202170919,1.0778218827997421,-1.4308286848304843,1.7859779892910521,0.5968573514759201,1.092813188022494,-1.285127710435928,2.3378445716897667,0.9421167085968966,-0.431153696490451,0.11351371414522002,-1.5331450914535079,-0.5783766704784492,-1.0778218827997421,-1.2758677552068658,-0.12159174999076611,-1.1656300205814003,-0.4279373164259298,0.9353147593993804,-1.4265272062421597,-2.240362709098604,-1.1533291246578463,-1.068153668947269,-1.0005331617160438,-0.6755077198756877,-0.6050786879235088,-0.9607689228305228,-0.7220098160289725,3.166924654093602,0.0,0.0,0.0,0.0,0.0
948,1.4144233292866673,-1.439414232614195,0.9920317455237933,0.09947428202170919,0.31593082521274257,0.5192074330544336,0.4855085796131015,-1.6754422099806283,1.6083892396799178,-1.285127710435928,-0.4277444326750994,2.4781765595700977,1.7182461936945888,-1.1203310048245632,0.723242800945416,-0.5783766704784492,-0.31593082521274257,-1.5126148655213985,2.3082184080262094,-0.10378822849799779,-0.07013019566846333,0.1914270928569252,0.10760563290388082,-0.26256944167483914,0.15078503255563339,-1.068153668947269,1.9542871162324038,1.4803679818552302,-0.6050786879235088,-0.9607689228305228,1.3850227210205581,-0.3157637485020014,0.0,0.0,0.0,1.0,1.0
77,1.5927119842387683,0.6691027096917547,0.9920317455237933,0.5543871571209893,-1.2078512899612566,-0.5513039237156337,0.4855085796131015,0.5968573514759201,0.07037204694926812,0.8856961247598962,-0.4277444326750994,-0.5939431423763045,-0.6699759065110109,0.11351371414522002,-0.596149825243508,-0.5783766704784492,1.2078512899612566,0.5011592732275694,-0.577181154618949,-0.4305087799082756,1.0032911666039361,0.1914270928569252,0.5258304614986395,0.021514325793148822,-0.1267251453889422,1.3668470961300918,-0.6410317235026868,-0.6755077198756877,1.6526776102985388,-0.9607689228305228,-0.7220098160289725,-0.3157637485020014,0.0,0.0,0.0,0.0,0.0
666,0.3446913995740618,0.6691027096917547,0.9920317455237933,1.4642129073195493,-1.2078512899612566,2.4555201717032675,-0.8149608300648491,0.5968573514759201,0.12415519653859129,-0.5615197653706532,-0.4277444326750994,-0.5939431423763045,-1.147620326552131,0.11351371414522002,1.4800145847444912,-0.5783766704784492,1.2078512899612566,-0.39522591125073125,-0.72904428949501,-1.4106704341391085,1.718905408118869,-0.55246057368553,1.469205225298549,2.0592322327109485,3.1718018504951644,-0.25648674725481535,-0.21405793906885143,1.4803679818552302,-0.6050786879235088,1.0408329997330665,-0.7220098160289725,-0.3157637485020014,0.0,0.0,0.0,0.0,0.0
340,-0.36846322023434186,1.3719416904604045,0.9920317455237933,0.09947428202170919,-0.445960232374257,-0.6374590059612253,-0.8149608300648491,0.5968573514759201,0.8511777268907214,-1.285127710435928,-0.4277444326750994,-0.5939431423763045,-0.9087981165315709,1.3473584331150033,-0.46808907930719984,-0.5783766704784492,0.445960232374257,-1.1649112881860162,-0.6531127220569795,-0.9205896070236921,0.28767692508900317,0.1914270928569252,0.07515163984802319,0.5121345537235376,-0.41589035829533133,-1.068153668947269,-0.7703546099767763,-0.6755077198756877,-0.6050786879235088,1.0408329997330665,-0.7220098160289725,-0.3157637485020014,0.0,0.0,0.0,1.0,1.0
773,-0.9033291850906445,-0.033736271076895225,-1.0080322575483704,0.5543871571209893,-1.2078512899612566,1.4357741357007061,0.4855085796131015,-1.6754422099806283,-1.0594295158748241,0.8856961247598962,-0.4277444326750994,0.9421167085968966,1.001779563632909,-1.1203310048245632,1.4800145847444912,-0.5783766704784492,1.2078512899612566,1.0199522900241937,0.7895870592655997,0.3046124607648491,1.0032911666039361,-1.2963482402279851,1.469205225298549,0.7910222694006812,2.053126556577899,1.3668470961300918,2.369051690200782,1.4803679818552302,1.6526776102985388,-0.9607689228305228,1.3850227210205581,-0.3157637485020014,0.0,0.0,0.0,0.0,0.0
119,1.0578460193824655,-0.033736271076895225,-1.0080322575483704,0.5543871571209893,0.31593082521274257,-0.1182092908375864,-0.8149608300648491,-1.6754422099806283,-0.8506806471280665,1.609304069825171,2.3378445716897667,0.9421167085968966,-0.192331486469891,-1.1203310048245632,0.5344671920203266,-0.5783766704784492,-0.31593082521274257,1.359941264383253,0.030271384885294857,-0.9205896070236921,0.28767692508900317,-2.0402359067704405,0.021829118951443096,0.36389426433740113,-0.2687678653852583,0.8798469431146198,-0.16384310529543747,-0.6755077198756877,1.6526776102985388,1.0408329997330665,1.3850227210205581,-0.3157637485020014,0.0,0.0,0.0,0.0,0.0
226,1.2361346743345663,-0.7365752518455452,0.9920317455237933,-0.8103514681768509,0.31593082521274257,0.13570310239714617,0.4855085796131015,0.5968573514759201,0.004443091876110892,-0.5615197653706532,-0.4277444326750994,0.9421167085968966,1.4794239836740288,-1.1203310048245632,-0.29178795351207987,1.7289770681323857,-0.31593082521274257,-0.34025536954809843,1.0933133290177217,0.7946932878802656,-0.7857444371833963,1.6792024259418357,-0.353607551191457,-0.411083802975449,-0.10164065266596077,-0.5811535159317968,1.216296944760227,-0.6755077198756877,-0.6050786879235088,-0.9607689228305228,1.3850227210205581,-0.3157637485020014,0.0,0.0,0.0,0.0,0.0
304,-1.6164838048990482,-0.033736271076895225,-1.0080322575483704,1.9191257824188295,-0.445960232374257,-0.2851024574221951,-0.8149608300648491,0.5968573514759201,-0.6584298063816455,-0.5615197653706532,2.3378445716897667,-0.5939431423763045,-0.431153696490451,0.11351371414522002,1.4800145847444912,1.7289770681323857,0.445960232374257,-0.03587109362246253,-0.5012495871809185,0.059572047207140884,1.718905408118869,0.9353147593993804,0.9603377190868654,0.6485867488439236,-0.1066584110581605,-0.41882013159330606,-0.399106896993325,-0.6755077198756877,-0.6050786879235088,1.0408329997330665,-0.7220098160289725,-0.3157637485020014,0.0,0.0,0.0,0.0,0.0
3,0.5229800545261627,-0.7365752518455452,-1.0080322575483704,0.09947428202170919,1.0778218827997421,0.5670261733132195,1.7859779892910521,-1.6754422099806283,-0.3334610779295024,1.609304069825171,-0.4277444326750994,-0.5939431423763045,0.04649072355066898,-1.1203310048245632,-1.2322230849933327,1.7289770681323857,-1.0778218827997421,1.1224394680677596,-0.34938645230485754,1.039733701437974,-0.4279373164259298,0.9353147593993804,-1.2897932243855863,-1.4666813852919056,-0.2766595258628261,0.23051340576065682,0.4873945052221667,1.4803679818552302,1.6526776102985388,-0.9607689228305228,1.3850227210205581,-0.3157637485020014,0.0,0.0,0.0,0.0,0.0
376,-0.9033291850906445,0.6691027096917547,-1.0080322575483704,0.09947428202170919,-0.445960232374257,-0.9403697804960389,-0.8149608300648491,0.5968573514759201,0.44922582653507737,-0.5615197653706532,-0.4277444326750994,2.4781765595700977,1.4794239836740288,-1.1203310048245632,0.017656644968489975,-0.5783766704784492,0.445960232374257,-0.5444949318974248,2.0804237057121178,-0.2671485042031369,0.28767692508900317,-0.55246057368553,0.10284725221249368,0.39483053232172366,-0.6817281553702007,-0.41882013159330606,-0.2523471741570176,-0.6755077198756877,-0.6050786879235088,1.0408329997330665,1.3850227210205581,-0.3157637485020014,1.0,0.0,0.0,0.0,1.0
888,1.0578460193824655,1.3719416904604045,-1.0080322575483704,-0.35543859307757086,0.31593082521274257,-1.0884997488690238,-0.8149608300648491,-1.6754422099806283,1.2374102390027977,-1.285127710435928,2.3378445716897667,0.9421167085968966,1.001779563632909,0.11351371414522002,0.017656644968489975,-0.5783766704784492,-0.31593082521274257,-1.3422652030121727,0.7895870592655997,0.3046124607648491,-0.4279373164259298,-2.0402359067704405,0.10284725221249368,-0.011856558094352038,-0.9074209760627346,-1.068153668947269,-0.54609685914312,-0.6755077198756877,-0.6050786879235088,1.0408329997330665,-0.7220098160289725,3.166924654093602,1.0,0.0,0.0,0.0,1.0
195,1.5927119842387683,-0.7365752518455452,-1.0080322575483704,0.5543871571209893,-0.445960232374257,1.6577307972769635,0.4855085796131015,0.5968573514759201,-0.8345465384837008,0.16208817969462153,-0.4277444326750994,-0.5939431423763045,-0.192331486469891,1.3473584331150033,1.4800145847444912,-0.5783766704784492,0.445960232374257,0.4808441242607338,-0.425318019742888,0.5496528743225574,0.6454840458464697,0.1914270928569252,0.9603377190868654,0.527653454891961,1.5983932276832793,0.23051340576065682,0.9548503361374376,1.4803679818552302,-0.6050786879235088,-0.9607689228305228,-0.7220098160289725,-0.3157637485020014,0.0,0.0,0.0,0.0,0.0
350,0.3446913995740618,-0.7365752518455452,-1.0080322575483704,-0.8103514681768509,1.0778218827997421,0.10506940120088162,0.4855085796131015,0.5968573514759201,1.9645459527267457,-1.285127710435928,-0.4277444326750994,-0.5939431423763045,-0.6699759065110109,0.11351371414522002,0.02650145046980908,1.7289770681323857,-1.0778218827997421,-1.6761582891577333,-0.577181154618949,-0.4305087799082756,-1.1435515579408628,1.6792024259418357,-0.7178496174057538,-0.7722697564290051,-0.4793686748370684,-1.068153668947269,-0.365391594037451,-0.6755077198756877,-0.6050786879235088,-0.9607689228305228,-0.7220098160289725,-0.3157637485020014,0.0,0.0,0.0,0.0,0.0
105,-0.19017456528224091,-0.033736271076895225,0.9920317455237933,1.0093000322202692,1.0778218827997421,-1.0072776393154728,-0.8149608300648491,0.5968573514759201,0.6397850057919566,-0.5615197653706532,-0.4277444326750994,-0.5939431423763045,-1.386442536572691,2.5812031520847865,0.3528700028487237,1.7289770681323857,-1.0778218827997421,-0.6319977064889638,-0.8049758569330404,-1.900751261254525,0.28767692508900317,0.9353147593993804,-0.5695531460227594,-0.3297256753004551,-0.9674726178013566,-0.7434869002702875,-0.9954655313110208,-0.6755077198756877,-0.6050786879235088,1.0408329997330665,-0.7220098160289725,-0.3157637485020014,0.0,0.0,0.0,0.0,0.0
900,-0.5467518751864427,-1.439414232614195,-1.0080322575483704,-2.175090093474691,0.31593082521274257,-1.2269344497313373,-0.8149608300648491,0.5968573514759201,-0.09625683236002423,-0.5615197653706532,-0.4277444326750994,0.9421167085968966,-0.431153696490451,0.11351371414522002,0.017656644968489975,-0.5783766704784492,-0.31593082521274257,-0.29401502150408526,-0.12159174999076611,-1.1656300205814003,-1.8591657994557957,-0.55246057368553,0.10284725221249368,-0.06546622958142631,-0.9985398277422571,-0.5811535159317968,-0.8935029259750263,-0.6755077198756877,-0.6050786879235088,1.0408329997330665,-0.7220098160289725,-0.3157637485020014,1.0,0.0,0.0,0.0,1.0
452,0.1664027446219609,-0.7365752518455452,-1.0080322575483704,-0.8103514681768509,1.0778218827997421,-0.3020145846445163,0.4855085796131015,0.5968573514759201,-0.5189422826130309,0.8856961247598962,-0.4277444326750994,0.9421167085968966,-0.431153696490451,0.11351371414522002,-2.006200645126901,-0.5783766704784492,-1.0778218827997421,0.7717662266388268,-0.12159174999076611,-1.1656300205814003,-1.1435515579408628,0.1914270928569252,-1.6414758245037795,-0.929915481185013,-0.6579993461755029,-0.09415336291632463,-0.40798458283180355,-0.6755077198756877,1.6526776102985388,-0.9607689228305228,-0.7220098160289725,-0.3157637485020014,0.0,0.0,0.0,0.0,0.0
661,-0.5467518751864427,1.3719416904604045,0.9920317455237933,-1.265264343276131,-1.2078512899612566,0.3018006911651043,-0.8149608300648491,0.5968573514759201,-0.4784899264494228,0.8856961247598962,-0.4277444326750994,-0.5939431423763045,-0.9087981165315709,0.11351371414522002,-0.35926035316787436,-0.5783766704784492,1.2078512899612566,0.7531909293643291,-0.6531127220569795,-0.9205896070236921,-0.4279373164259298,0.1914270928569252,0.6334691189628278,0.11018669322846389,0.8091422393326084,1.3668470961300918,-0.4745271577981984,1.4803679818552302,1.6526776102985388,-0.9607689228305228,-0.7220098160289725,-0.3157637485020014,0.0,0.0,1.0,0.0,1.0
402,0.8795573644303645,1.3719416904604045,-1.0080322575483704,-0.35543859307757086,1.8397129403867416,-1.0420551989267333,-0.8149608300648491,0.5968573514759201,1.442448843851502,-1.285127710435928,2.3378445716897667,2.4781765595700977,0.762957353612349,0.11351371414522002,-1.2623099492375423,-0.5783766704784492,-1.8397129403867416,-1.436416777827964,1.3970395987698436,-0.7572293313185532,-1.1435515579408628,-0.55246057368553,-1.8123317040102205,-0.6925163628772706,-1.0886156072981112,-1.068153668947269,-0.5431261539706774,-0.6755077198756877,-0.6050786879235088,1.0408329997330665,-0.7220098160289725,3.166924654093602,0.0,0.0,0.0,0.0,0.0
8,0.5229800545261627,-0.7365752518455452,-1.0080322575483704,-0.8103514681768509,0.31593082521274257,0.6430348062457206,-0.8149608300648491,0.5968573514759201,0.6335755029348463,-0.5615197653706532,-0.4277444326750994,-0.5939431423763045,-0.431153696490451,0.11351371414522002,-0.40457831193065874,-0.5783766704784492,-0.31593082521274257,-0.6291463679654137,-0.5012495871809185,0.059572047207140884,-0.7857444371833963,-0.55246057368553,-0.40485762426859273,0.6586906247290055,0.23228922176108247,-0.5811535159317968,0.08810035573794926,1.4803679818552302,-0.6050786879235088,1.0408329997330665,-0.7220098160289725,-0.3157637485020014,0.0,0.0,0.0,0.0,0.0
701,-1.2599064949948464,-0.033736271076895225,-1.0080322575483704,-0.8103514681768509,0.31593082521274257,-0.2059411517241128,-0.8149608300648491,0.5968573514759201,0.4414492542945046,0.16208817969462153,-0.4277444326750994,-0.5939431423763045,-0.9087981165315709,0.11351371414522002,-0.4763899742795918,-0.5783766704784492,-0.31593082521274257,-0.1050797481585096,-0.6531127220569795,-0.9205896070236921,-0.7857444371833963,-0.55246057368553,-0.43748765572496234,0.11018669322846389,-0.2812300159971403,-0.09415336291632463,-0.3010754785296518,-0.6755077198756877,-0.6050786879235088,1.0408329997330665,-0.7220098160289725,-0.3157637485020014,0.0,1.0,0.0,0.0,1.0
680,-0.36846322023434186,0.6691027096917547,-1.0080322575483704,1.0093000322202692,0.31593082521274257,0.9634691267202912,-0.8149608300648491,0.5968573514759201,0.06711752876072583,-0.5615197653706532,-0.4277444326750994,-0.5939431423763045,0.04649072355066898,0.11351371414522002,-0.6559559127674045,-0.5783766704784492,-0.31593082521274257,-0.369034812998436,-0.34938645230485754,1.039733701437974,0.6454840458464697,-0.55246057368553,-0.5190794477778998,0.7827807448132108,0.4432017107430956,-0.5811535159317968,0.7787413195965287,1.4803679818552302,-0.6050786879235088,1.0408329997330665,-0.7220098160289725,-0.3157637485020014,0.0,0.0,0.0,0.0,0.0
765,-0.011885910330140019,1.3719416904604045,0.9920317455237933,-0.8103514681768509,-0.445960232374257,0.5522782113296386,-0.8149608300648491,-1.6754422099806283,-0.29082620886048444,0.8856961247598962,-0.4277444326750994,-0.5939431423763045,-1.147620326552131,-1.1203310048245632,0.2737754721477229,-0.5783766704784492,0.445960232374257,0.6670177203736514,-0.72904428949501,-1.4106704341391085,-0.4279373164259298,-2.0402359067704405,0.4122426200389217,0.9728674550670064,0.6282359902252908,0.8798469431146198,-0.6136855903203566,1.4803679818552302,1.6526776102985388,1.0408329997330665,1.3850227210205581,-0.3157637485020014,0.0,0.0,0.0,0.0,0.0
311,-1.2599064949948464,-0.7365752518455452,-1.0080322575483704,-0.35543859307757086,0.31593082521274257,-0.2059411517241128,-0.8149608300648491,0.5968573514759201,2.255501312637277,-1.285127710435928,-0.4277444326750994,-0.5939431423763045,0.762957353612349,-1.1203310048245632,-0.521319311481349,-0.5783766704784492,-0.31593082521274257,-1.8097619359289618,-0.12159174999076611,2.5099761827842233,-0.4279373164259298,-0.55246057368553,-0.45790280332429933,0.11018669322846389,-0.2812300159971403,-1.068153668947269,-0.3010754785296518,-0.6755077198756877,-0.6050786879235088,1.0408329997330665,1.3850227210205581,-0.3157637485020014,0.0,1.0,0.0,0.0,1.0
580,-0.5467518751864427,-0.033736271076895225,-1.0080322575483704,1.9191257824188295,-0.445960232374257,0.4794273410782624,0.4855085796131015,0.5968573514759201,-0.7117337437403821,0.8856961247598962,-0.4277444326750994,-0.5939431423763045,-0.431153696490451,0.11351371414522002,0.017656644968489975,-0.5783766704784492,0.445960232374257,0.8602940416304055,-0.5012495871809185,0.059572047207140884,1.718905408118869,0.1914270928569252,0.10284725221249368,0.07134834637929545,0.5643012725106286,0.8798469431146198,0.00221786103500489,1.4803679818552302,1.6526776102985388,-0.9607689228305228,-0.7220098160289725,-0.3157637485020014,1.0,0.0,0.0,0.0,1.0
975,-0.011885910330140019,1.3719416904604045,0.9920317455237933,-1.265264343276131,1.0778218827997421,-0.28374770073131134,-0.8149608300648491,0.5968573514759201,0.6352690712781964,-1.285127710435928,-0.4277444326750994,-0.5939431423763045,-0.6699759065110109,0.11351371414522002,-0.5280314866074551,-0.5783766704784492,-1.0778218827997421,-1.0657683001751512,-0.577181154618949,-0.4305087799082756,-1.5013586786983293,-0.55246057368553,-0.9698202108798794,-0.04953434988170498,-0.6499837379714596,-1.068153668947269,-0.5286730563493433,-0.6755077198756877,-0.6050786879235088,1.0408329997330665,-0.7220098160289725,-0.3157637485020014,0.0,0.0,0.0,0.0,0.0
673,1.2361346743345663,1.3719416904604045,0.9920317455237933,-1.7201772183754112,1.0778218827997421,0.3583801770591049,-0.8149608300648491,0.5968573514759201,1.7280574092382015,-0.5615197653706532,-0.4277444326750994,2.4781765595700977,1.001779563632909,1.3473584331150033,-0.6459514454940191,-0.5783766704784492,-1.0778218827997421,-1.1317209692795778,1.624834301083935,-0.5938690556134145,-1.8591657994557957,-0.55246057368553,-1.0234010895553551,0.1991335373359257,-0.3682145260074488,-0.7434869002702875,1.1248271808063506,1.4803679818552302,-0.6050786879235088,1.0408329997330665,-0.7220098160289725,-0.3157637485020014,0.0,0.0,0.0,0.0,0.0
299,-0.7250405301385436,-1.439414232614195,0.9920317455237933,-0.8103514681768509,1.0778218827997421,-0.7438272642523862,-0.8149608300648491,0.5968573514759201,0.4643090364630546,-1.285127710435928,2.3378445716897667,-0.5939431423763045,-0.9087981165315709,-1.1203310048245632,-1.485323260832146,1.7289770681323857,-1.0778218827997421,-0.9872652469560502,-0.6531127220569795,-0.9205896070236921,-1.1435515579408628,0.9353147593993804,-1.4047977574808415,-0.2277029312030366,-0.8518691575862597,-1.068153668947269,-0.8038561547989588,-0.6755077198756877,-0.6050786879235088,1.0408329997330665,1.3850227210205581,3.166924654093602,0.0,0.0,0.0,0.0,0.0
71,1.5927119842387683,-1.439414232614195,0.9920317455237933,-0.35543859307757086,1.8397129403867416,0.492335040309529,-0.8149608300648491,-1.6754422099806283,1.690593054002419,-0.5615197653706532,-0.4277444326750994,-0.5939431423763045,0.28531293357122894,-1.1203310048245632,-1.0205415978060026,1.7289770681323857,-1.8397129403867416,-1.114517730662587,-0.27345488486682706,1.5298145285533904,-1.1435515579408628,-0.55246057368553,-1.7024761644735704,-0.09831450347322791,-0.7519662080829723,-0.9058202846087783,0.6442589855361538,1.4803679818552302,-0.6050786879235088,1.0408329997330665,1.3850227210205581,-0.3157637485020014,0.0,0.0,0.0,0.0,0.0
550,0.3446913995740618,-0.033736271076895225,0.9920317455237933,2.3740386575181094,-1.2078512899612566,-0.5811958306224339,-0.8149608300648491,0.5968573514759201,-0.9777516807133448,0.8856961247598962,-0.4277444326750994,-0.5939431423763045,1.001779563632909,0.11351371414522002,1.427003471965126,-0.5783766704784492,1.2078512899612566,0.9824466855860814,-0.04566018255273563,3.0000570098996397,2.434519649633802,-0.55246057368553,1.4451178525662063,0.8832456753654793,-0.15951697449552577,1.3668470961300918,0.03976123271964198,-0.6755077198756877,1.6526776102985388,1.0408329997330665,-0.7220098160289725,-0.3157637485020014,0.0,0.0,0.0,0.0,0.0
672,1.2361346743345663,1.3719416904604045,0.9920317455237933,-1.265264343276131,-1.2078512899612566,-0.6004200681974786,-0.8149608300648491,0.5968573514759201,0.7035779940777602,-0.5615197653706532,-0.4277444326750994,-0.5939431423763045,-0.6699759065110109,1.3473584331150033,0.9786154070483509,-0.5783766704784492,1.2078512899612566,-0.6612907769999813,-0.577181154618949,-0.4305087799082756,-0.4279373164259298,-0.55246057368553,1.241377733143773,0.8758009736066867,-0.1806062250150978,-0.25648674725481535,-0.6616577604086364,-0.6755077198756877,-0.6050786879235088,1.0408329997330665,-0.7220098160289725,-0.3157637485020014,0.0,0.0,0.0,0.0,0.0
976,0.5229800545261627,-0.7365752518455452,0.9920317455237933,-1.7201772183754112,-0.445960232374257,0.5253045330452818,-0.8149608300648491,0.5968573514759201,-0.39275790512042635,0.8856961247598962,-0.4277444326750994,-0.5939431423763045,-0.431153696490451,2.5812031520847865,-0.2503394114621285,1.7289770681323857,0.445960232374257,0.7138236851996406,-0.5012495871809185,0.059572047207140884,-1.1435515579408628,0.9353147593993804,0.17409348688220877,0.9624217357306346,0.6045635961840693,0.8798469431146198,0.02630018326926681,1.4803679818552302,1.6526776102985388,1.0408329997330665,-0.7220098160289725,-0.3157637485020014,0.0,0.0,0.0,0.0,0.0
762,-1.0816178400427454,-1.439414232614195,0.9920317455237933,-0.35543859307757086,1.0778218827997421,0.9874088023297078,-0.8149608300648491,0.5968573514759201,0.15183083707473022,-0.5615197653706532,2.3378445716897667,-0.5939431423763045,-0.431153696490451,-1.1203310048245632,-1.4508455362284338,1.7289770681323857,-1.0778218827997421,-0.40793427484126543,-0.5012495871809185,0.059572047207140884,-0.7857444371833963,0.9353147593993804,-1.3891316497545398,0.4427286601387171,-0.09219333743174835,-0.7434869002702875,0.26887265646544334,1.4803679818552302,-0.6050786879235088,1.0408329997330665,1.3850227210205581,3.166924654093602,0.0,0.0,0.0,0.0,0.0
634,1.0578460193824655,0.6691027096917547,-1.0080322575483704,0.09947428202170919,1.0778218827997421,-1.343401140667385,-0.8149608300648491,0.5968573514759201,-1.094131156373165,0.8856961247598962,-0.4277444326750994,0.9421167085968966,0.28531293357122894,0.11351371414522002,0.43273579999587986,-0.5783766704784492,-1.0778218827997421,1.0358869190372084,0.3339976546374168,-0.4305087799082756,-0.4279373164259298,-0.55246057368553,-0.5332634489463004,-0.45989152515108817,-1.1149654418544255,-0.09415336291632463,-0.8975543069307604,-0.6755077198756877,1.6526776102985388,1.0408329997330665,-0.7220098160289725,-0.3157637485020014,0.0,0.0,0.0,0.0,0.0
654,0.8795573644303645,-0.033736271076895225,-1.0080322575483704,0.09947428202170919,0.31593082521274257,2.8672175045313852,0.4855085796131015,0.5968573514759201,1.0063580010531685,-0.5615197653706532,-0.4277444326750994,-0.5939431423763045,-0.192331486469891,1.3473584331150033,-0.3632346029297053,-0.5783766704784492,-0.31593082521274257,-0.8003241775662115,-0.425318019742888,0.5496528743225574,-0.07013019566846333,0.1914270928569252,-0.3860717268099169,0.6467115969385683,1.6962644543497754,-0.5811535159317968,1.716725613327809,1.4803679818552302,-0.6050786879235088,-0.9607689228305228,-0.7220098160289725,-0.3157637485020014,0.0,0.0,0.0,0.0,0.0
519,0.3446913995740618,0.6691027096917547,0.9920317455237933,-0.35543859307757086,1.0778218827997421,-1.2319245022153056,0.4855085796131015,-1.6754422099806283,0.7362392716869003,-1.285127710435928,2.3378445716897667,-0.5939431423763045,-1.147620326552131,1.3473584331150033,-0.7497051878588241,-0.5783766704784492,-1.0778218827997421,-1.112132756200202,-0.72904428949501,-1.4106704341391085,-0.7857444371833963,-1.2963482402279851,-1.0705450737821727,-1.2900286961738248,-1.0660488854246928,-1.068153668947269,-0.9883183246840708,-0.6755077198756877,-0.6050786879235088,-0.9607689228305228,-0.7220098160289725,3.166924654093602,0.0,0.0,0.0,0.0,0.0
178,0.3446913995740618,-0.033736271076895225,-1.0080322575483704,1.4642129073195493,-1.2078512899612566,0.19780772599536606,1.7859779892910521,0.5968573514759201,-0.4086989657603197,0.16208817969462153,-0.4277444326750994,-0.5939431423763045,-0.9087981165315709,-1.1203310048245632,0.7391053818797703,-0.5783766704784492,1.2078512899612566,0.28529938948762346,-0.6531127220569795,-0.9205896070236921,1.718905408118869,0.9353147593993804,1.1325483397035747,-0.5616948476298665,0.6950605398021844,0.5551801744376382,-0.5072805848054274,-0.6755077198756877,-0.6050786879235088,-0.9607689228305228,1.3850227210205581,-0.3157637485020014,0.0,0.0,0.0,0.0,0.0
116,1.0578460193824655,1.3719416904604045,0.9920317455237933,1.4642129073195493,-0.445960232374257,0.7027640368843231,0.4855085796131015,0.5968573514759201,-0.48954445305002114,0.16208817969462153,-0.4277444326750994,-0.5939431423763045,0.04649072355066898,0.11351371414522002,-0.3212960637114118,-0.5783766704784492,0.445960232374257,0.3224227885211471,-0.34938645230485754,1.039733701437974,1.3610982873614026,0.1914270928569252,0.14185195787146562,0.15783682664176793,0.7603039908366478,0.23051340576065682,0.5871485651734247,1.4803679818552302,-0.6050786879235088,-0.9607689228305228,-0.7220098160289725,-0.3157637485020014,0.0,0.0,0.0,0.0,0.0
227,-1.2599064949948464,0.6691027096917547,0.9920317455237933,0.09947428202170919,-1.2078512899612566,-0.8204097873243731,-0.8149608300648491,0.5968573514759201,-2.0174256151551626,1.609304069825171,-0.4277444326750994,-0.5939431423763045,-0.192331486469891,0.11351371414522002,0.795178754284502,-0.5783766704784492,1.2078512899612566,1.8956983050108394,-0.425318019742888,0.5496528743225574,0.6454840458464697,-0.55246057368553,1.1580271525535089,0.7906086302168863,-0.4219379439083274,2.1785140178225455,-0.6061705775158901,-0.6755077198756877,1.6526776102985388,1.0408329997330665,-0.7220098160289725,-0.3157637485020014,0.0,0.0,0.0,0.0,0.0
779,-1.0816178400427454,-0.033736271076895225,0.9920317455237933,-0.8103514681768509,1.0778218827997421,0.6076514771232816,-0.8149608300648491,-1.6754422099806283,-0.575769019556418,0.8856961247598962,-0.4277444326750994,0.9421167085968966,-0.192331486469891,0.11351371414522002,0.33118627569081793,-0.5783766704784492,-1.0778218827997421,0.7978604676663178,0.030271384885294857,-0.9205896070236921,-1.1435515579408628,-2.0402359067704405,-0.5794058729491445,0.29566534926137356,-0.25883292116883727,-0.09415336291632463,0.2933883553521682,1.4803679818552302,1.6526776102985388,1.0408329997330665,-0.7220098160289725,-0.3157637485020014,0.0,0.0,0.0,0.0,0.0
360,-0.011885910330140019,-0.7365752518455452,0.9920317455237933,-1.265264343276131,-0.445960232374257,-0.7748202733956718,0.4855085796131015,-1.6754422099806283,-2.1156438587258597,3.0565199599557205,-0.4277444326750994,0.9421167085968966,1.240601773653469,0.11351371414522002,1.4800145847444912,1.7289770681323857,0.445960232374257,2.8124876181580856,0.9414501941416606,0.5496528743225574,-0.7857444371833963,0.1914270928569252,0.9603377190868654,-0.41436659471968845,-0.5364401036593363,2.8278475551765085,-0.10512370336590082,-0.6755077198756877,1.6526776102985388,-0.9607689228305228,-0.7220098160289725,-0.3157637485020014,0.0,0.0,0.0,0.0,0.0
608,-0.011885910330140019,-0.7365752518455452,0.9920317455237933,-1.265264343276131,1.8397129403867416,-1.2712236375078418,-0.8149608300648491,-1.6754422099806283,0.6614145038533769,-1.285127710435928,-0.4277444326750994,-0.5939431423763045,-0.6699759065110109,0.11351371414522002,-1.566624532893455,-0.5783766704784492,-1.8397129403867416,-1.0777740083344014,-0.577181154618949,-0.4305087799082756,-1.8591657994557957,-2.0402359067704405,-1.9506072168242197,-0.7812632206449498,-1.1388957871341108,-1.068153668947269,-0.9433577864021797,-0.6755077198756877,-0.6050786879235088,1.0408329997330665,-0.7220098160289725,-0.3157637485020014,0.0,0.0,0.0,0.0,0.0
552,-1.2599064949948464,1.3719416904604045,-1.0080322575483704,-0.35543859307757086,0.31593082521274257,2.0527094123185416,0.4855085796131015,0.5968573514759201,0.26604536827705977,0.16208817969462153,-0.4277444326750994,2.4781765595700977,2.6735350337768287,-1.1203310048245632,0.3766951201984233,-0.5783766704784492,-0.31593082521274257,-0.024536125119629236,3.2193972172825753,0.5496528743225574,-0.4279373164259298,0.1914270928569252,-0.04985990060460957,0.3312884337063703,1.1601485702266983,-0.09415336291632463,5.710525908529603,1.4803679818552302,-0.6050786879235088,-0.9607689228305228,1.3850227210205581,-0.3157637485020014,0.0,0.0,0.0,0.0,0.0
921,1.2361346743345663,0.6691027096917547,0.9920317455237933,0.09947428202170919,-1.2078512899612566,0.25483662137211,-0.8149608300648491,0.5968573514759201,-0.8950799325596143,0.8856961247598962,-0.4277444326750994,-0.5939431423763045,-0.192331486469891,0.11351371414522002,0.8390025052015514,-0.5783766704784492,1.2078512899612566,0.9444846867361981,-0.425318019742888,0.5496528743225574,0.6454840458464697,-0.55246057368553,1.1779399400337824,1.2070042765310767,0.757622014958726,1.3668470961300918,0.07114456018678555,-0.6755077198756877,1.6526776102985388,1.0408329997330665,-0.7220098160289725,-0.3157637485020014,0.0,0.0,0.0,0.0,0.0
179,1.4144233292866673,-0.7365752518455452,0.9920317455237933,-0.35543859307757086,-0.445960232374257,-0.557070037493545,-0.8149608300648491,0.5968573514759201,-1.7865341307169627,1.609304069825171,-0.4277444326750994,-0.5939431423763045,0.5241351435917889,-1.1203310048245632,1.0709075981876415,1.7289770681323857,0.445960232374257,1.789675359295553,-0.19752331742879659,2.019895355668807,-0.07013019566846333,0.9353147593993804,0.774446271880047,0.5432656658210995,-0.3453401234303343,1.5291804804685827,-0.1355417501226168,-0.6755077198756877,1.6526776102985388,1.0408329997330665,1.3850227210205581,-0.3157637485020014,0.0,0.0,0.0,0.0,0.0
246,1.0578460193824655,-0.7365752518455452,0.9920317455237933,-1.265264343276131,1.0778218827997421,-0.5588446390605263,0.4855085796131015,0.5968573514759201,1.3048978942222764,-1.285127710435928,-0.4277444326750994,0.9421167085968966,-0.192331486469891,-1.1203310048245632,0.017656644968489975,1.7289770681323857,-1.0778218827997421,-1.373254825791881,0.030271384885294857,-0.9205896070236921,-1.5013586786983293,1.6792024259418357,0.10284725221249368,-1.0293744662478965,-0.770697773614115,-1.068153668947269,-0.44140645184043587,-0.6755077198756877,-0.6050786879235088,-0.9607689228305228,1.3850227210205581,-0.3157637485020014,1.0,0.0,0.0,0.0,1.0
658,-0.36846322023434186,0.6691027096917547,-1.0080322575483704,-0.35543859307757086,-0.445960232374257,-1.1318259468856684,-0.8149608300648491,0.5968573514759201,-0.5991617749856875,0.8856961247598962,-0.4277444326750994,0.9421167085968966,1.240601773653469,-1.1203310048245632,-0.044689559492639246,-0.5783766704784492,0.445960232374257,0.8086021753782463,0.9414501941416606,0.5496528743225574,-0.07013019566846333,-0.55246057368553,0.26753737773877373,0.32068797904289603,-0.8497521736230385,0.8798469431146198,-0.5548910217123124,-0.6755077198756877,1.6526776102985388,1.0408329997330665,1.3850227210205581,-0.3157637485020014,0.0,0.0,0.0,0.0,0.0
495,-1.4381951499469472,-1.439414232614195,-1.0080322575483704,-0.35543859307757086,1.0778218827997421,-0.7014048364282385,0.4855085796131015,0.5968573514759201,0.3526272718112025,-0.5615197653706532,-0.4277444326750994,-0.5939431423763045,-1.147620326552131,0.11351371414522002,-0.33926026792533576,-0.5783766704784492,-1.0778218827997421,-0.5001378896765551,-0.72904428949501,-1.4106704341391085,-0.7857444371833963,0.1914270928569252,-0.884045691781224,-1.084581761098173,-0.8332539650817045,-0.7434869002702875,-0.8769240130855607,-0.6755077198756877,-0.6050786879235088,-0.9607689228305228,-0.7220098160289725,-0.3157637485020014,0.0,0.0,0.0,0.0,0.0
639,-1.4381951499469472,1.3719416904604045,0.9920317455237933,-0.35543859307757086,-1.2078512899612566,2.98558253461872,0.4855085796131015,0.5968573514759201,-0.6013820363872462,0.16208817969462153,-0.4277444326750994,-0.5939431423763045,-0.6699759065110109,0.11351371414522002,0.7040988103051542,-0.5783766704784492,1.2078512899612566,0.3737774326993094,-0.577181154618949,-0.4305087799082756,0.28767692508900317,0.1914270928569252,1.1166419326619292,1.3911949039812168,3.7532874838724486,0.5551801744376382,0.8442630078197964,1.4803679818552302,-0.6050786879235088,-0.9607689228305228,-0.7220098160289725,-0.3157637485020014,0.0,0.0,0.0,0.0,0.0
9,-0.36846322023434186,-1.439414232614195,0.9920317455237933,-0.35543859307757086,-1.2078512899612566,-0.675093767051152,-0.8149608300648491,0.5968573514759201,-0.513808002028641,0.16208817969462153,-0.4277444326750994,-0.5939431423763045,-0.431153696490451,0.11351371414522002,1.4800145847444912,1.7289770681323857,1.2078512899612566,0.33356435548919605,-0.5012495871809185,0.059572047207140884,0.28767692508900317,0.9353147593993804,1.469205225298549,0.8468831340813809,-0.26252428996829413,0.5551801744376382,-0.6038251019304985,-0.6755077198756877,-0.6050786879235088,1.0408329997330665,-0.7220098160289725,-0.3157637485020014,0.0,0.0,0.0,0.0,0.0
363,0.8795573644303645,-0.033736271076895225,0.9920317455237933,1.9191257824188295,-1.2078512899612566,2.0062352072381144,-0.8149608300648491,0.5968573514759201,-0.269775054707419,0.16208817969462153,-0.4277444326750994,-0.5939431423763045,-0.431153696490451,-1.1203310048245632,-0.3252060119640639,-0.5783766704784492,1.2078512899612566,0.22150698797937587,-0.5012495871809185,0.059572047207140884,2.0767125288763357,-0.55246057368553,0.6489428482758597,1.8852439248732011,2.678930123681803,0.5551801744376382,0.8036853756357283,1.4803679818552302,-0.6050786879235088,1.0408329997330665,1.3850227210205581,-0.3157637485020014,0.0,0.0,0.0,0.0,0.0
880,-0.19017456528224091,-1.439414232614195,-1.0080322575483704,-0.8103514681768509,1.8397129403867416,-1.3860698527399111,-0.8149608300648491,-1.6754422099806283,1.7737837678337334,-1.285127710435928,-0.4277444326750994,-0.5939431423763045,-0.6699759065110109,0.11351371414522002,-1.4732994483300348,-0.5783766704784492,-1.8397129403867416,-1.58856229650927,-0.577181154618949,-0.4305087799082756,-1.5013586786983293,0.1914270928569252,-1.9082018421905544,0.11018669322846389,-1.1640933596755347,-1.068153668947269,-0.991586781142614,-0.6755077198756877,-0.6050786879235088,-0.9607689228305228,-0.7220098160289725,-0.3157637485020014,0.0,0.0,1.0,0.0,1.0
780,0.3446913995740618,-0.033736271076895225,0.9920317455237933,0.09947428202170919,-1.2078512899612566,-0.5918990472043217,-0.8149608300648491,0.5968573514759201,-1.2642187054986156,1.609304069825171,-0.4277444326750994,-0.5939431423763045,-1.147620326552131,0.11351371414522002,0.2188408885610932,-0.5783766704784492,1.2078512899612566,1.5498335993929535,-0.72904428949501,-1.4106704341391085,0.6454840458464697,-0.55246057368553,0.896148760201669,0.8791007902952201,-0.17125854890020767,2.1785140178225455,-0.8539308560108788,-0.6755077198756877,1.6526776102985388,1.0408329997330665,-0.7220098160289725,-0.3157637485020014,0.0,0.0,0.0,0.0,0.0
499,-0.9033291850906445,1.3719416904604045,0.9920317455237933,-1.265264343276131,1.0778218827997421,0.14317378097838185,1.7859779892910521,0.5968573514759201,0.5912614474274176,0.16208817969462153,-0.4277444326750994,0.9421167085968966,1.001779563632909,-1.1203310048245632,0.06803332680037973,-0.5783766704784492,-1.0778218827997421,-0.17387193449083055,0.7895870592655997,0.3046124607648491,-1.5013586786983293,0.9353147593993804,-0.6989782198251815,-1.630820776431132,-0.4626482653460045,-0.41882013159330606,0.8762968540541154,-0.6755077198756877,-0.6050786879235088,-0.9607689228305228,1.3850227210205581,-0.3157637485020014,0.0,0.0,0.0,0.0,0.0
313,1.0578460193824655,1.3719416904604045,-1.0080322575483704,0.09947428202170919,0.31593082521274257,-0.2059411517241128,0.4855085796131015,0.5968573514759201,1.4878509696261155,-0.5615197653706532,-0.4277444326750994,-0.5939431423763045,-0.6699759065110109,-1.1203310048245632,-0.364526095483004,-0.5783766704784492,-0.31593082521274257,-1.0214206939384534,-0.577181154618949,-0.4305087799082756,-0.07013019566846333,0.1914270928569252,-0.38665855966215007,0.11018669322846389,-0.2812300159971403,-0.5811535159317968,-0.3010754785296518,-0.6755077198756877,-0.6050786879235088,-0.9607689228305228,1.3850227210205581,-0.3157637485020014,0.0,1.0,0.0,0.0,1.0
690,1.0578460193824655,-1.439414232614195,0.9920317455237933,-0.35543859307757086,0.31593082521274257,0.38802914420044,1.7859779892910521,0.5968573514759201,-0.1391003685269053,0.16208817969462153,-0.4277444326750994,0.9421167085968966,0.28531293357122894,1.3473584331150033,-1.1649123839993492,-0.5783766704784492,-0.31593082521274257,0.16150254393073882,0.3339976546374168,-0.4305087799082756,-0.4279373164259298,0.9353147593993804,-0.750340849101914,-1.1866761944322655,0.06444241057425018,-0.09415336291632463,0.5566536864903597,1.4803679818552302,-0.6050786879235088,-0.9607689228305228,-0.7220098160289725,-0.3157637485020014,0.0,0.0,0.0,0.0,0.0
747,-0.011885910330140019,-1.439414232614195,0.9920317455237933,1.4642129073195493,0.31593082521274257,0.40246571318737967,0.4855085796131015,0.5968573514759201,0.20755162466802834,0.16208817969462153,-0.4277444326750994,2.4781765595700977,2.195890613735709,-1.1203310048245632,-0.037490627528359764,-0.5783766704784492,-0.31593082521274257,0.002323587868201341,2.7638078126543926,0.22293232291227957,1.0032911666039361,0.1914270928569252,-0.23805905287372162,-0.3077783756482183,0.0739446782866677,-0.09415336291632463,2.1873398874173353,1.4803679818552302,-0.6050786879235088,-0.9607689228305228,1.3850227210205581,-0.3157637485020014,0.0,0.0,0.0,0.0,0.0
902,-0.7250405301385436,-0.033736271076895225,-1.0080322575483704,1.9191257824188295,-1.2078512899612566,-0.46233732959465923,0.4855085796131015,-1.6754422099806283,-0.32324387337231647,-0.5615197653706532,-0.4277444326750994,-0.5939431423763045,0.28531293357122894,0.11351371414522002,-0.11794613382272921,-0.5783766704784492,1.2078512899612566,-0.18978495522045327,-0.27345488486682706,1.5298145285533904,2.0767125288763357,-1.2963482402279851,0.7431183083917139,0.05596717507472453,-0.029127579609486344,-0.25648674725481535,-0.15755914340972824,-0.6755077198756877,-0.6050786879235088,-0.9607689228305228,-0.7220098160289725,-0.3157637485020014,0.0,0.0,0.0,0.0,0.0
735,-1.4381951499469472,-1.439414232614195,-1.0080322575483704,1.9191257824188295,-1.2078512899612566,-0.2059411517241128,-0.8149608300648491,0.5968573514759201,-1.5072945703195066,0.8856961247598962,-0.4277444326750994,-0.5939431423763045,-0.6699759065110109,-1.1203310048245632,0.008811839467169626,-0.5783766704784492,1.2078512899612566,1.2256072212603948,-0.577181154618949,-0.4305087799082756,2.0767125288763357,-0.55246057368553,0.8007150346128343,0.11018669322846389,-0.2812300159971403,1.3668470961300918,-0.3010754785296518,-0.6755077198756877,1.6526776102985388,1.0408329997330665,1.3850227210205581,-0.3157637485020014,0.0,1.0,0.0,0.0,1.0
637,-1.4381951499469472,-0.7365752518455452,0.9920317455237933,1.0093000322202692,-1.2078512899612566,-0.29795017910982285,-0.8149608300648491,0.5968573514759201,-0.9496445947506404,1.609304069825171,-0.4277444326750994,-0.5939431423763045,-0.192331486469891,-1.1203310048245632,0.5219943432893575,-0.5783766704784492,1.2078512899612566,1.4053844701909017,-0.425318019742888,0.5496528743225574,1.3610982873614026,-0.55246057368553,1.0338966752384433,0.9929342594643175,0.15120736398659168,2.1785140178225455,-0.27706480360224467,-0.6755077198756877,1.6526776102985388,1.0408329997330665,1.3850227210205581,-0.3157637485020014,0.0,0.0,0.0,0.0,0.0
15,-1.0816178400427454,-1.439414232614195,-1.0080322575483704,0.09947428202170919,-1.2078512899612566,0.05751868069587629,1.7859779892910521,0.5968573514759201,-0.9388205516128504,0.8856961247598962,-0.4277444326750994,-0.5939431423763045,-0.9087981165315709,1.3473584331150033,0.1730673811126486,-0.5783766704784492,1.2078512899612566,0.9645699198088608,-0.6531127220569795,-0.9205896070236921,0.6454840458464697,0.9353147593993804,0.8753500356065781,-0.6160226251660865,0.5411615458928961,1.3668470961300918,-0.5514657563468944,-0.6755077198756877,1.6526776102985388,-0.9607689228305228,-0.7220098160289725,-0.3157637485020014,0.0,0.0,0.0,0.0,0.0
184,-0.7250405301385436,-0.7365752518455452,0.9920317455237933,1.0093000322202692,-1.2078512899612566,1.9929447001601952,-0.8149608300648491,-1.6754422099806283,-0.8784756469375387,0.16208817969462153,-0.4277444326750994,-0.5939431423763045,0.5241351435917889,-1.1203310048245632,-0.012815022012579426,-0.5783766704784492,1.2078512899612566,0.5010159096873585,-0.19752331742879659,2.019895355668807,1.3610982873614026,-2.0402359067704405,0.790888146509926,1.8800970959791041,2.6643502563552444,0.5551801744376382,2.273901660999717,1.4803679818552302,-0.6050786879235088,1.0408329997330665,1.3850227210205581,-0.3157637485020014,0.0,0.0,0.0,0.0,0.0
72,1.0578460193824655,-0.7365752518455452,0.9920317455237933,0.5543871571209893,-1.2078512899612566,-0.33178376208989113,0.4855085796131015,0.5968573514759201,0.7010927372640497,-0.5615197653706532,2.3378445716897667,-0.5939431423763045,-0.431153696490451,1.3473584331150033,1.4800145847444912,-0.5783766704784492,1.2078512899612566,-0.6601495731617812,-0.5012495871809185,0.059572047207140884,1.0032911666039361,0.1914270928569252,1.469205225298549,0.10652483021320926,0.11409146252854764,-0.25648674725481535,-0.42361132224523185,-0.6755077198756877,-0.6050786879235088,-0.9607689228305228,-0.7220098160289725,3.166924654093602,0.0,0.0,0.0,0.0,0.0
502,-1.6164838048990482,-0.7365752518455452,-1.0080322575483704,1.0093000322202692,-1.2078512899612566,1.0689302097193087,0.4855085796131015,0.5968573514759201,-0.2323149831279942,-0.5615197653706532,-0.4277444326750994,0.9421167085968966,0.762957353612349,1.3473584331150033,0.7368128012221093,-0.5783766704784492,1.2078512899612566,-0.23153854703343055,0.6377239243895387,0.059572047207140884,1.3610982873614026,0.1914270928569252,1.1315066289768092,0.6489597501306656,1.6506937721096175,-0.25648674725481535,1.6731137100290805,1.4803679818552302,-0.6050786879235088,-0.9607689228305228,-0.7220098160289725,-0.3157637485020014,0.0,0.0,0.0,0.0,0.0
142,0.5229800545261627,-0.7365752518455452,0.9920317455237933,1.0093000322202692,0.31593082521274257,-0.6396405422042608,0.4855085796131015,0.5968573514759201,1.1599154444766966,-0.5615197653706532,-0.4277444326750994,-0.5939431423763045,-0.192331486469891,0.11351371414522002,0.4722983227550485,-0.5783766704784492,-0.31593082521274257,-0.8708361435136979,-0.425318019742888,0.5496528743225574,0.6454840458464697,0.1914270928569252,-0.006419386839665278,-0.71134029804321,-0.6119781772390992,-0.5811535159317968,-0.4923011005656083,-0.6755077198756877,-0.6050786879235088,-0.9607689228305228,-0.7220098160289725,-0.3157637485020014,0.0,0.0,0.0,1.0,1.0
618,-1.4381951499469472,1.3719416904604045,0.9920317455237933,0.09947428202170919,-0.445960232374257,1.6650998511359216,0.4855085796131015,0.5968573514759201,0.19954807799790986,-0.5615197653706532,-0.4277444326750994,0.9421167085968966,0.04649072355066898,-1.1203310048245632,0.961567108256882,-0.5783766704784492,0.445960232374257,-0.42984553092934197,0.18213451976135583,-0.6755491934659839,0.28767692508900317,0.1914270928569252,0.7247637619757403,0.5305071653712593,1.6048603896632383,-0.41882013159330606,1.2943713104158425,1.4803679818552302,-0.6050786879235088,-0.9607689228305228,1.3850227210205581,-0.3157637485020014,0.0,0.0,0.0,0.0,0.0
844,1.2361346743345663,-0.033736271076895225,-1.0080322575483704,-0.8103514681768509,1.8397129403867416,-0.7859011726856031,-0.8149608300648491,-1.6754422099806283,0.9263540294071024,-0.5615197653706532,-0.4277444326750994,-0.5939431423763045,-0.192331486469891,0.11351371414522002,-1.8971573819636016,-0.5783766704784492,-1.8397129403867416,-0.7635871936818686,-0.425318019742888,0.5496528743225574,-1.5013586786983293,-2.0402359067704405,-2.1007958757375387,-0.5933191737957814,-1.032414716002336,-0.9058202846087783,-0.5844330419268876,-0.6755077198756877,-0.6050786879235088,1.0408329997330665,-0.7220098160289725,-0.3157637485020014,0.0,0.0,0.0,0.0,0.0
74,0.3446913995740618,0.6691027096917547,0.9920317455237933,-0.8103514681768509,0.31593082521274257,-0.3666981783948058,0.4855085796131015,0.5968573514759201,-0.18301885675711907,-0.5615197653706532,2.3378445716897667,0.9421167085968966,1.240601773653469,-1.1203310048245632,0.5424051031408691,-0.5783766704784492,-0.31593082521274257,-0.2541748107436764,0.9414501941416606,0.5496528743225574,-0.7857444371833963,0.1914270928569252,0.025435974454977032,-0.6056417241481888,-0.43232528233561857,-0.5811535159317968,0.4090417395303516,-0.6755077198756877,-0.6050786879235088,-0.9607689228305228,1.3850227210205581,-0.3157637485020014,0.0,0.0,0.0,0.0,0.0
217,0.5229800545261627,-0.033736271076895225,0.9920317455237933,-0.35543859307757086,0.31593082521274257,-0.2059411517241128,-0.8149608300648491,0.5968573514759201,-0.3998568784126759,0.8856961247598962,-0.4277444326750994,-0.5939431423763045,-0.431153696490451,-1.1203310048245632,1.0422371519918157,1.7289770681323857,-0.31593082521274257,0.7170834592091924,-0.5012495871809185,0.059572047207140884,-0.4279373164259298,0.9353147593993804,0.25255138918608294,0.11018669322846389,-0.2812300159971403,0.3928467900991475,-0.3010754785296518,-0.6755077198756877,1.6526776102985388,1.0408329997330665,1.3850227210205581,-0.3157637485020014,0.0,1.0,0.0,0.0,1.0
684,1.2361346743345663,-1.439414232614195,-1.0080322575483704,-0.35543859307757086,-0.445960232374257,1.1155720800373294,1.7859779892910521,-1.6754422099806283,1.018772406336719,-0.5615197653706532,2.3378445716897667,2.4781765595700977,1.240601773653469,-1.1203310048245632,0.783541724421029,-0.5783766704784492,0.445960232374257,-0.8060247421438442,1.8526290033980264,-0.4305087799082756,-0.07013019566846333,-0.55246057368553,0.6438719724726601,-0.5556079434574298,1.1225888285916361,-0.41882013159330606,2.2764538528516955,1.4803679818552302,-0.6050786879235088,-0.9607689228305228,1.3850227210205581,3.166924654093602,0.0,0.0,0.0,0.0,0.0
578,0.8795573644303645,-0.7365752518455452,-1.0080322575483704,-0.35543859307757086,1.8397129403867416,-0.43103666358721393,1.7859779892910521,0.5968573514759201,0.11815170616451422,0.16208817969462153,2.3378445716897667,-0.5939431423763045,-1.6252647465932508,1.3473584331150033,-0.14887738126050087,1.7289770681323857,-1.8397129403867416,0.04337509190920949,-0.880907424371071,-2.3908320883699417,-1.1435515579408628,2.4230900924842906,-1.306406363623262,-2.2025100968766607,-0.9545564758129231,-0.7434869002702875,-1.0497823044202352,-0.6755077198756877,-0.6050786879235088,-0.9607689228305228,-0.7220098160289725,3.166924654093602,0.0,0.0,0.0,0.0,0.0
847,1.2361346743345663,1.3719416904604045,0.9920317455237933,0.09947428202170919,-1.2078512899612566,-0.24683146125009528,-0.8149608300648491,-1.6754422099806283,-0.021413073244302205,0.16208817969462153,-0.4277444326750994,0.9421167085968966,0.5241351435917889,1.3473584331150033,0.8757815876375016,-0.5783766704784492,1.2078512899612566,0.10746177343854676,0.4858607895134778,-0.18546836635056735,0.6454840458464697,-2.0402359067704405,1.1946517466897844,1.0127302907644902,0.20728529389017092,0.5551801744376382,0.15759470998017003,-0.6755077198756877,-0.6050786879235088,1.0408329997330665,-0.7220098160289725,-0.3157637485020014,0.0,0.0,0.0,0.0,0.0
275,1.2361346743345663,0.6691027096917547,0.9920317455237933,0.09947428202170919,-1.2078512899612566,0.8684108779536462,0.4855085796131015,-1.6754422099806283,-0.8444517375750855,-0.5615197653706532,-0.4277444326750994,-0.5939431423763045,-0.431153696490451,-1.1203310048245632,1.4800145847444912,-0.5783766704784492,1.2078512899612566,0.049548224291159994,-0.5012495871809185,0.059572047207140884,0.6454840458464697,-1.2963482402279851,1.469205225298549,0.5713074314865385,1.430721333404808,-0.25648674725481535,0.20640705564809622,1.4803679818552302,-0.6050786879235088,-0.9607689228305228,1.3850227210205581,-0.3157637485020014,0.0,0.0,0.0,0.0,0.0
584,-0.5467518751864427,-0.7365752518455452,0.9920317455237933,-1.265264343276131,0.31593082521274257,-0.3601505841543066,1.7859779892910521,-1.6754422099806283,0.0029243097386298642,0.16208817969462153,-0.4277444326750994,2.4781765595700977,1.240601773653469,0.11351371414522002,-0.5116087051363554,1.7289770681323857,-0.31593082521274257,0.09628630267083982,1.8526290033980264,-0.4305087799082756,-1.1435515579408628,0.9353147593993804,-0.45349046443485885,-1.476413299367243,-0.42801560228616964,-0.09415336291632463,0.4172906109681112,-0.6755077198756877,-0.6050786879235088,-0.9607689228305228,-0.7220098160289725,-0.3157637485020014,0.0,0.0,0.0,0.0,0.0
118,-1.6164838048990482,-0.033736271076895225,-1.0080322575483704,-0.8103514681768509,1.8397129403867416,1.6550407313352626,1.7859779892910521,0.5968573514759201,1.0967137669591212,-0.5615197653706532,-0.4277444326750994,-0.5939431423763045,-0.431153696490451,0.11351371414522002,-0.15812950645016596,1.7289770681323857,-1.8397129403867416,-0.8418145966997681,-0.5012495871809185,0.059572047207140884,-1.5013586786983293,2.4230900924842906,-1.3106103762599577,-1.3946640644744603,-0.4968654114677212,-0.9058202846087783,0.6193327992691267,1.4803679818552302,-0.6050786879235088,-0.9607689228305228,-0.7220098160289725,-0.3157637485020014,0.0,0.0,0.0,0.0,0.0
170,1.4144233292866673,-1.439414232614195,0.9920317455237933,-1.265264343276131,-1.2078512899612566,0.04115208943847128,0.4855085796131015,-1.6754422099806283,1.300271600543954,-1.285127710435928,-0.4277444326750994,-0.5939431423763045,-0.192331486469891,0.11351371414522002,1.4800145847444912,-0.5783766704784492,1.2078512899612566,-1.371130480302427,-0.425318019742888,0.5496528743225574,-0.4279373164259298,-1.2963482402279851,1.469205225298549,0.2509464843335349,0.5232071723146737,-1.068153668947269,-0.06345878933476469,-0.6755077198756877,-0.6050786879235088,-0.9607689228305228,-0.7220098160289725,-0.3157637485020014,0.0,0.0,0.0,0.0,0.0
558,1.5927119842387683,-0.033736271076895225,-1.0080322575483704,0.5543871571209893,0.31593082521274257,-1.158292096159445,0.4855085796131015,0.5968573514759201,-1.565391493732723,2.3329120148904456,-0.4277444326750994,-0.5939431423763045,1.001779563632909,0.11351371414522002,-0.7050019835836709,-0.5783766704784492,-0.31593082521274257,2.123973245391883,-0.04566018255273563,3.0000570098996397,0.28767692508900317,0.1914270928569252,-0.5413651710322908,-0.9121912353486789,-0.9533588695353161,1.3668470961300918,-0.626696298531472,-0.6755077198756877,1.6526776102985388,-0.9607689228305228,-0.7220098160289725,-0.3157637485020014,0.0,0.0,0.0,0.0,0.0
675,-0.011885910330140019,-1.439414232614195,0.9920317455237933,0.09947428202170919,-0.445960232374257,-1.0235804267614284,0.4855085796131015,0.5968573514759201,-0.6827107225505631,0.8856961247598962,-0.4277444326750994,2.4781765595700977,2.4347128237562687,-1.1203310048245632,1.4800145847444912,-0.5783766704784492,0.445960232374257,0.8469669749887366,2.991602514968484,0.38629259861741866,0.28767692508900317,0.1914270928569252,0.9603377190868654,-0.5107004620083263,-0.7547547254231751,0.8798469431146198,-0.15549376658174868,-0.6755077198756877,1.6526776102985388,-0.9607689228305228,1.3850227210205581,-0.3157637485020014,0.0,0.0,0.0,0.0,0.0
448,1.4144233292866673,-1.439414232614195,-1.0080322575483704,0.09947428202170919,1.0778218827997421,0.045883766000523254,0.4855085796131015,0.5968573514759201,1.3817772786960039,-1.285127710435928,2.3378445716897667,-0.5939431423763045,-1.386442536572691,0.11351371414522002,-0.8561218049484908,-0.5783766704784492,-1.0778218827997421,-1.4085570320491427,-0.8049758569330404,-1.900751261254525,-0.4279373164259298,0.1914270928569252,-1.1188990242344539,-0.7951897500439066,-0.5053396540871509,-1.068153668947269,-0.8848982919484167,-0.6755077198756877,-0.6050786879235088,-0.9607689228305228,-0.7220098160289725,3.166924654093602,0.0,0.0,0.0,0.0,0.0
392,-0.19017456528224091,-0.7365752518455452,0.9920317455237933,0.09947428202170919,1.0778218827997421,-0.7176647746899205,1.7859779892910521,-1.6754422099806283,1.2371686537721405,-1.285127710435928,-0.4277444326750994,-0.5939431423763045,-1.386442536572691,1.3473584331150033,-0.1904209392282511,-0.5783766704784492,-1.0778218827997421,-1.3421542696104585,-0.8049758569330404,-1.900751261254525,-0.4279373164259298,-0.55246057368553,-0.8164155629348474,-1.9641856906131978,-0.8403889145972788,-1.068153668947269,-0.9650602251880387,-0.6755077198756877,-0.6050786879235088,-0.9607689228305228,-0.7220098160289725,-0.3157637485020014,0.0,0.0,0.0,0.0,0.0
5,-0.011885910330140019,1.3719416904604045,0.9920317455237933,-1.265264343276131,-1.2078512899612566,1.1839351355078556,-0.8149608300648491,0.5968573514759201,0.189647652932513,0.16208817969462153,-0.4277444326750994,-0.5939431423763045,-0.192331486469891,0.11351371414522002,-0.29555631848994346,1.7289770681323857,1.2078512899612566,0.010544903730158322,-0.425318019742888,0.5496528743225574,-0.4279373164259298,0.9353147593993804,0.6624151785226008,1.5668032706538406,1.7768557424593734,0.5551801744376382,0.6563987707115083,1.4803679818552302,-0.6050786879235088,1.0408329997330665,-0.7220098160289725,-0.3157637485020014,0.0,0.0,0.0,0.0,0.0
470,0.1664027446219609,0.6691027096917547,0.9920317455237933,1.9191257824188295,0.31593082521274257,-0.8831824249193524,0.4855085796131015,0.5968573514759201,-0.11725191171822462,-0.5615197653706532,-0.4277444326750994,0.9421167085968966,0.762957353612349,-1.1203310048245632,0.45094343839659756,-0.5783766704784492,-0.31593082521274257,-0.2843743014727737,0.6377239243895387,0.059572047207140884,1.3610982873614026,0.1914270928569252,-0.016122693037725233,-0.8056533586008024,-0.7722794351653138,-0.5811535159317968,-0.3763319290474391,-0.6755077198756877,-0.6050786879235088,-0.9607689228305228,1.3850227210205581,-0.3157637485020014,0.0,0.0,0.0,1.0,1.0
469,-0.011885910330140019,-1.439414232614195,-1.0080322575483704,0.09947428202170919,0.31593082521274257,-0.6743950559282913,1.7859779892910521,0.5968573514759201,-0.4199892945703002,0.16208817969462153,-0.4277444326750994,-0.5939431423763045,-0.431153696490451,0.11351371414522002,0.0459527972100579,-0.5783766704784492,-0.31593082521274257,0.29048378994934226,-0.5012495871809185,0.059572047207140884,-0.07013019566846333,0.9353147593993804,-0.2001437410012311,-1.5981063632702592,-0.6348538822573341,-0.09415336291632463,-0.6034583273811431,-0.6755077198756877,-0.6050786879235088,-0.9607689228305228,-0.7220098160289725,-0.3157637485020014,0.0,0.0,0.0,0.0,0.0
183,-1.0816178400427454,-0.033736271076895225,-1.0080322575483704,1.0093000322202692,-0.445960232374257,0.33606292764653106,-0.8149608300648491,-1.6754422099806283,1.1961466269105527,-0.5615197653706532,-0.4277444326750994,-0.5939431423763045,-1.147620326552131,1.3473584331150033,0.017656644968489975,1.7289770681323857,0.445960232374257,-0.8874731221261054,-0.72904428949501,-1.4106704341391085,1.0032911666039361,-0.55246057368553,0.10284725221249368,0.8891367845304015,0.4384831007927319,-0.41882013159330606,-0.6590847606738706,1.4803679818552302,-0.6050786879235088,1.0408329997330665,-0.7220098160289725,-0.3157637485020014,1.0,0.0,0.0,0.0,1.0
28,-1.2599064949948464,0.6691027096917547,-1.0080322575483704,0.09947428202170919,1.0778218827997421,-0.9559697204236923,0.4855085796131015,0.5968573514759201,-0.014890719590739673,1.609304069825171,-0.4277444326750994,0.9421167085968966,0.28531293357122894,0.11351371414522002,-1.9737926956205114,-0.5783766704784492,-1.0778218827997421,0.9761553039253166,0.3339976546374168,-0.4305087799082756,-0.4279373164259298,0.1914270928569252,-1.6267501883432953,-1.1831635452760778,-0.9449584233960345,0.23051340576065682,-0.5721552001085735,-0.6755077198756877,1.6526776102985388,-0.9607689228305228,-0.7220098160289725,-0.3157637485020014,0.0,0.0,0.0,0.0,0.0
980,-1.6164838048990482,-0.033736271076895225,-1.0080322575483704,-1.265264343276131,0.31593082521274257,0.8243625307200205,-0.8149608300648491,0.5968573514759201,0.21937704860348503,0.16208817969462153,-0.4277444326750994,-0.5939431423763045,-1.386442536572691,0.11351371414522002,-0.3999544575368052,-0.5783766704784492,-0.31593082521274257,-0.003106522657614761,-0.8049758569330404,-1.900751261254525,-1.1435515579408628,-0.55246057368553,-0.4027566213202414,0.7289108778881774,0.35164061219166626,-0.09415336291632463,-0.8031688936976149,1.4803679818552302,-0.6050786879235088,1.0408329997330665,-0.7220098160289725,-0.3157637485020014,0.0,0.0,0.0,0.0,0.0
44,-0.7250405301385436,0.6691027096917547,-1.0080322575483704,-0.8103514681768509,-1.2078512899612566,-0.09549746345206768,0.4855085796131015,0.5968573514759201,-0.33780070598433076,0.16208817969462153,-0.4277444326750994,0.9421167085968966,0.28531293357122894,0.11351371414522002,1.4800145847444912,-0.5783766704784492,1.2078512899612566,0.252743652900682,0.3339976546374168,-0.4305087799082756,-0.07013019566846333,0.1914270928569252,1.469205225298549,0.19802812214771617,0.37330075116031636,0.5551801744376382,0.15054535858055207,-0.6755077198756877,-0.6050786879235088,-0.9607689228305228,-0.7220098160289725,-0.3157637485020014,0.0,0.0,0.0,0.0,0.0
898,-1.6164838048990482,-0.7365752518455452,-1.0080322575483704,0.5543871571209893,1.8397129403867416,-0.44353149795117985,1.7859779892910521,-1.6754422099806283,0.07006000507358562,0.16208817969462153,-0.4277444326750994,-0.5939431423763045,-0.9087981165315709,1.3473584331150033,-1.4340511710746033,-0.5783766704784492,-1.8397129403867416,0.06545829617516863,-0.6531127220569795,-0.9205896070236921,-0.4279373164259298,0.1914270928569252,-1.8903680742542233,-2.2073487967211727,-0.9572978765168376,-0.7434869002702875,-0.7092755699865868,-0.6755077198756877,-0.6050786879235088,-0.9607689228305228,-0.7220098160289725,-0.3157637485020014,0.0,0.0,0.0,1.0,1.0
155,1.5927119842387683,-1.439414232614195,-1.0080322575483704,-0.8103514681768509,-0.445960232374257,0.5877396126184138,-0.8149608300648491,0.5968573514759201,-0.7778802772538713,2.3329120148904456,-0.4277444326750994,-0.5939431423763045,-1.386442536572691,1.3473584331150033,1.3486043545183464,-0.5783766704784492,0.445960232374257,1.7623563622137406,-0.8049758569330404,-1.900751261254525,-0.4279373164259298,-0.55246057368553,0.9006270842719676,0.9866000962452712,0.6593573024806013,2.1785140178225455,-0.8280109954802645,1.4803679818552302,1.6526776102985388,1.0408329997330665,-0.7220098160289725,-0.3157637485020014,0.0,0.0,0.0,0.0,0.0
115,-0.19017456528224091,-0.7365752518455452,0.9920317455237933,0.5543871571209893,0.31593082521274257,-0.8123315016027866,0.4855085796131015,0.5968573514759201,-0.7676645613949955,0.8856961247598962,2.3378445716897667,-0.5939431423763045,-1.147620326552131,-1.1203310048245632,0.985270734510014,-0.5783766704784492,-0.31593082521274257,0.8859768859260073,-0.72904428949501,-1.4106704341391085,0.28767692508900317,0.1914270928569252,0.22666679142596036,-0.7782159119209069,-0.7256447782994724,0.3928467900991475,-0.9002155144226605,-0.6755077198756877,1.6526776102985388,-0.9607689228305228,1.3850227210205581,-0.3157637485020014,0.0,0.0,0.0,0.0,0.0
113,0.3446913995740618,-0.033736271076895225,0.9920317455237933,-1.265264343276131,1.8397129403867416,-0.2059411517241128,1.7859779892910521,0.5968573514759201,1.1220861148425996,-1.285127710435928,-0.4277444326750994,-0.5939431423763045,0.04649072355066898,0.11351371414522002,-0.7790199623199023,-0.5783766704784492,-1.8397129403867416,-1.2893095758904098,-0.34938645230485754,1.039733701437974,-1.8591657994557957,0.9353147593993804,-1.5927327285813309,0.11018669322846389,-0.2812300159971403,-1.068153668947269,-0.3010754785296518,-0.6755077198756877,-0.6050786879235088,-0.9607689228305228,-0.7220098160289725,-0.3157637485020014,0.0,1.0,0.0,0.0,1.0
906,-0.5467518751864427,0.6691027096917547,0.9920317455237933,0.09947428202170919,-0.445960232374257,-0.42149811311939633,-0.8149608300648491,0.5968573514759201,-0.3352488131530277,0.16208817969462153,-0.4277444326750994,-0.5939431423763045,-1.386442536572691,-1.1203310048245632,0.7410907330819277,-0.5783766704784492,0.445960232374257,0.25157185050275993,-0.8049758569330404,-1.900751261254525,0.28767692508900317,-0.55246057368553,0.6245829442362941,0.5957667098750551,-0.22636072503761603,0.23051340576065682,-0.9339668619145658,-0.6755077198756877,-0.6050786879235088,1.0408329997330665,1.3850227210205581,-0.3157637485020014,0.0,0.0,0.0,0.0,0.0
595,-1.2599064949948464,0.6691027096917547,0.9920317455237933,-0.8103514681768509,1.8397129403867416,-0.6458493765661559,1.7859779892910521,0.5968573514759201,0.13528153080556005,0.16208817969462153,-0.4277444326750994,0.9421167085968966,1.001779563632909,1.3473584331150033,-1.716703474344742,-0.5783766704784492,-1.8397129403867416,0.03550925626590283,0.7895870592655997,0.3046124607648491,-1.5013586786983293,0.9353147593993804,-2.0188006052003193,-2.2856976134625637,-1.0016869703370086,-0.7434869002702875,-0.0349036805529948,-0.6755077198756877,-0.6050786879235088,-0.9607689228305228,-0.7220098160289725,-0.3157637485020014,0.0,0.0,0.0,0.0,0.0
277,-0.5467518751864427,-1.439414232614195,0.9920317455237933,0.5543871571209893,1.8397129403867416,0.253331300997087,0.4855085796131015,-1.6754422099806283,-0.3918276956246295,0.16208817969462153,-0.4277444326750994,-0.5939431423763045,0.28531293357122894,1.3473584331150033,-1.928535081322896,1.7289770681323857,-1.8397129403867416,0.2775522793588263,-0.27345488486682706,1.5298145285533904,-0.4279373164259298,0.1914270928569252,-2.1150533832736738,-1.064177311186647,-0.8044042796975013,-0.7434869002702875,0.44352254745760705,-0.6755077198756877,-0.6050786879235088,-0.9607689228305228,-0.7220098160289725,-0.3157637485020014,0.0,0.0,0.0,0.0,0.0
674,1.771000639190869,-1.439414232614195,0.9920317455237933,-1.265264343276131,-0.445960232374257,-0.2059411517241128,-0.8149608300648491,0.5968573514759201,1.2303307193099846,-0.5615197653706532,-0.4277444326750994,-0.5939431423763045,-1.147620326552131,2.5812031520847865,-0.1315100219296353,1.7289770681323857,0.445960232374257,-0.9031700984854104,-0.72904428949501,-1.4106704341391085,-0.7857444371833963,0.1914270928569252,0.22808759579931065,0.11018669322846389,-0.2812300159971403,-0.41882013159330606,-0.3010754785296518,-0.6755077198756877,-0.6050786879235088,-0.9607689228305228,-0.7220098160289725,-0.3157637485020014,0.0,1.0,1.0,0.0,1.0
171,0.5229800545261627,-0.033736271076895225,0.9920317455237933,1.0093000322202692,0.31593082521274257,0.2553945309902645,-0.8149608300648491,0.5968573514759201,-0.7347586163357073,0.8856961247598962,-0.4277444326750994,0.9421167085968966,1.4794239836740288,-1.1203310048245632,0.5418510035628233,1.7289770681323857,-0.31593082521274257,0.8708668214070843,1.0933133290177217,0.7946932878802656,0.6454840458464697,0.9353147593993804,0.025184200772678144,0.5085745939783565,-0.022858776002437704,0.3928467900991475,1.37965401423257,-0.6755077198756877,1.6526776102985388,1.0408329997330665,1.3850227210205581,-0.3157637485020014,0.0,0.0,0.0,0.0,0.0
698,0.5229800545261627,-0.7365752518455452,0.9920317455237933,0.09947428202170919,1.0778218827997421,-1.0598391310375102,-0.8149608300648491,0.5968573514759201,-0.4175971678909312,0.16208817969462153,2.3378445716897667,0.9421167085968966,-0.431153696490451,1.3473584331150033,-1.5960999125618651,1.7289770681323857,-1.0778218827997421,0.2893853504911355,-0.12159174999076611,-1.1656300205814003,-0.4279373164259298,0.1914270928569252,-1.455132835549477,0.11018669322846389,-0.9905368867957721,-0.41882013159330606,-0.8057895517233008,-0.6755077198756877,-0.6050786879235088,-0.9607689228305228,-0.7220098160289725,-0.3157637485020014,0.0,0.0,1.0,0.0,1.0
901,1.771000639190869,-0.033736271076895225,-1.0080322575483704,-0.8103514681768509,1.8397129403867416,-0.1997500762139364,1.7859779892910521,0.5968573514759201,-0.3890817658509046,-0.5615197653706532,2.3378445716897667,-0.5939431423763045,0.04649072355066898,1.3473584331150033,-1.9205243834110326,1.7289770681323857,-1.8397129403867416,-0.15955288617186703,-0.34938645230485754,1.039733701437974,-1.5013586786983293,2.4230900924842906,-2.1114134546562093,-2.1129429732348792,-0.9038115683606381,-0.9058202846087783,-0.07611107790840499,-0.6755077198756877,-0.6050786879235088,-0.9607689228305228,-0.7220098160289725,-0.3157637485020014,0.0,0.0,0.0,0.0,0.0
938,-1.0816178400427454,-0.7365752518455452,-1.0080322575483704,-0.35543859307757086,-1.2078512899612566,-0.3680150960712875,0.4855085796131015,0.5968573514759201,-2.7697650423063025,3.7801279050209953,-0.4277444326750994,-0.5939431423763045,-1.147620326552131,0.11351371414522002,0.3898126032571469,-0.5783766704784492,1.2078512899612566,3.5486974619867575,-0.72904428949501,-1.4106704341391085,0.28767692508900317,0.1914270928569252,0.9738354791300551,0.09249402796361314,0.07434519555649212,4.613514782899907,-0.8069214796903624,-0.6755077198756877,1.6526776102985388,-0.9607689228305228,-0.7220098160289725,-0.3157637485020014,0.0,0.0,0.0,0.0,0.0
294,0.7012687094782636,0.6691027096917547,-1.0080322575483704,-1.265264343276131,1.8397129403867416,-0.2059411517241128,0.4855085796131015,-1.6754422099806283,0.8058250362393595,-1.285127710435928,-0.4277444326750994,-0.5939431423763045,-0.431153696490451,1.3473584331150033,-0.6744217558381559,-0.5783766704784492,-1.8397129403867416,-1.1440858087593007,-0.5012495871809185,0.059572047207140884,-1.8591657994557957,-1.2963482402279851,-1.5452050338289764,0.11018669322846389,-0.2812300159971403,-1.068153668947269,-0.3010754785296518,-0.6755077198756877,-0.6050786879235088,-0.9607689228305228,-0.7220098160289725,-0.3157637485020014,0.0,1.0,0.0,0.0,1.0
41,0.1664027446219609,0.6691027096917547,-1.0080322575483704,-0.35543859307757086,-0.445960232374257,-1.387397430450895,-0.8149608300648491,0.5968573514759201,0.6563818028030847,-1.285127710435928,-0.4277444326750994,-0.5939431423763045,-0.192331486469891,1.3473584331150033,0.2631988946885002,1.7289770681323857,0.445960232374257,-1.0754630448462732,-0.425318019742888,0.5496528743225574,-0.07013019566846333,0.9353147593993804,0.40743679820014767,0.2217163831204037,-1.0740444930047894,-1.068153668947269,-0.963325282217962,-0.6755077198756877,-0.6050786879235088,1.0408329997330665,-0.7220098160289725,-0.3157637485020014,0.0,0.0,0.0,0.0,0.0
812,-0.9033291850906445,-0.033736271076895225,0.9920317455237933,-1.265264343276131,0.31593082521274257,-0.8670994644045424,-0.8149608300648491,0.5968573514759201,-0.15662274468194562,1.609304069825171,-0.4277444326750994,-0.5939431423763045,0.04649072355066898,0.11351371414522002,-0.19104340760953917,-0.5783766704784492,-0.31593082521274257,1.0412371619198875,-0.34938645230485754,1.039733701437974,-1.1435515579408628,-0.55246057368553,-0.307830896058693,0.07388203521608266,-0.7616934990915679,0.8798469431146198,-0.5665476379558473,-0.6755077198756877,1.6526776102985388,1.0408329997330665,-0.7220098160289725,-0.3157637485020014,0.0,0.0,0.0,0.0,0.0
90,0.1664027446219609,-1.439414232614195,-1.0080322575483704,-1.265264343276131,0.31593082521274257,0.1222204844480998,-0.8149608300648491,0.5968573514759201,0.08974262755809484,-1.285127710435928,2.3378445716897667,0.9421167085968966,0.28531293357122894,-1.1203310048245632,-0.7134203116275945,-0.5783766704784492,-0.31593082521274257,-0.8152682842498323,0.3339976546374168,-0.4305087799082756,-1.1435515579408628,-0.55246057368553,-0.5451903200387089,0.45700214255354615,-0.11051502200759511,-1.068153668947269,0.33340411005019954,-0.6755077198756877,-0.6050786879235088,1.0408329997330665,1.3850227210205581,3.166924654093602,0.0,0.0,0.0,0.0,0.0
250,-1.4381951499469472,-0.7365752518455452,0.9920317455237933,-1.7201772183754112,-1.2078512899612566,0.4123208712431343,1.7859779892910521,0.5968573514759201,-0.3807168526009106,0.16208817969462153,-0.4277444326750994,-0.5939431423763045,-0.6699759065110109,-1.1203310048245632,0.9075354301994784,-0.5783766704784492,1.2078512899612566,0.2724502968858862,-0.577181154618949,-0.4305087799082756,-0.7857444371833963,0.9353147593993804,1.209080167475024,-0.4786233404516937,0.9303843825403794,0.5551801744376382,-0.23636314061637012,1.4803679818552302,-0.6050786879235088,-0.9607689228305228,1.3850227210205581,-0.3157637485020014,0.0,0.0,0.0,0.0,0.0
937,-1.6164838048990482,1.3719416904604045,0.9920317455237933,-0.35543859307757086,-0.445960232374257,-0.2059411517241128,0.4855085796131015,0.5968573514759201,-1.45009715979368,0.8856961247598962,-0.4277444326750994,0.9421167085968966,1.001779563632909,-1.1203310048245632,1.4800145847444912,-0.5783766704784492,0.445960232374257,1.1993427708152427,0.7895870592655997,0.3046124607648491,-0.07013019566846333,0.1914270928569252,0.9603377190868654,0.11018669322846389,-0.2812300159971403,0.8798469431146198,-0.3010754785296518,-0.6755077198756877,1.6526776102985388,-0.9607689228305228,1.3850227210205581,-0.3157637485020014,0.0,1.0,0.0,0.0,1.0
660,-0.19017456528224091,-0.7365752518455452,-1.0080322575483704,-0.35543859307757086,0.31593082521274257,-0.4078972665389586,1.7859779892910521,0.5968573514759201,1.0218463248953613,-0.5615197653706532,-0.4277444326750994,-0.5939431423763045,-0.6699759065110109,0.11351371414522002,-0.864963156171535,-0.5783766704784492,-0.31593082521274257,-0.8074362532754441,-0.577181154618949,-0.4305087799082756,-0.4279373164259298,0.9353147593993804,-0.6140488817640938,-1.4949034896251372,-0.45944285891544123,-0.5811535159317968,-0.580808938618211,-0.6755077198756877,-0.6050786879235088,-0.9607689228305228,-0.7220098160289725,-0.3157637485020014,0.0,0.0,0.0,0.0,0.0
318,0.7012687094782636,-1.439414232614195,0.9920317455237933,1.0093000322202692,-0.445960232374257,-0.22635608949437963,-0.8149608300648491,0.5968573514759201,1.3093286395398063,-1.285127710435928,2.3378445716897667,0.9421167085968966,0.5241351435917889,-1.1203310048245632,0.5073217295682172,-0.5783766704784492,0.445960232374257,-1.3752893775269603,0.4858607895134778,-0.18546836635056735,1.0032911666039361,0.1914270928569252,0.5183621760675722,0.11018669322846389,-0.05510195830383512,-1.068153668947269,0.1769413627028446,-0.6755077198756877,-0.6050786879235088,-0.9607689228305228,1.3850227210205581,3.166924654093602,0.0,0.0,1.0,0.0,1.0
111,0.7012687094782636,1.3719416904604045,-1.0080322575483704,1.0093000322202692,0.31593082521274257,-0.9252921876398031,0.4855085796131015,0.5968573514759201,0.3362908764625021,-1.285127710435928,-0.4277444326750994,-0.5939431423763045,-0.431153696490451,0.11351371414522002,-0.03822716030852001,-0.5783766704784492,-0.31593082521274257,-0.9284806518405803,-0.5012495871809185,0.059572047207140884,0.6454840458464697,0.1914270928569252,-0.23839372118523486,-0.8219606177762843,-0.7999964251951538,-1.068153668947269,-0.7351618016886449,-0.6755077198756877,-0.6050786879235088,-0.9607689228305228,-0.7220098160289725,-0.3157637485020014,0.0,0.0,0.0,0.0,0.0
797,0.5229800545261627,0.6691027096917547,0.9920317455237933,-1.7201772183754112,1.0778218827997421,-1.1669025378149898,0.4855085796131015,-1.6754422099806283,0.1320167664238048,0.16208817969462153,-0.4277444326750994,0.9421167085968966,1.7182461936945888,-1.1203310048245632,-2.0065109037463316,1.7289770681323857,-1.0778218827997421,0.03700840179594369,1.2451764638937826,1.039733701437974,-1.8591657994557957,0.1914270928569252,-1.641616800888123,-1.2648485489330539,-1.0375168931173775,-0.41882013159330606,-0.5239648717313833,-0.6755077198756877,-0.6050786879235088,-0.9607689228305228,1.3850227210205581,-0.3157637485020014,0.0,0.0,0.0,0.0,0.0
254,-0.7250405301385436,0.6691027096917547,0.9920317455237933,1.0093000322202692,-0.445960232374257,1.0666240187969869,0.4855085796131015,0.5968573514759201,0.5983759680523695,-0.5615197653706532,-0.4277444326750994,-0.5939431423763045,-0.6699759065110109,-1.1203310048245632,1.4800145847444912,1.7289770681323857,0.445960232374257,-0.612983111078185,-0.577181154618949,-0.4305087799082756,1.0032911666039361,1.6792024259418357,0.9603377190868654,0.2987437956034853,1.0796314765753479,-0.41882013159330606,0.0384076300029178,1.4803679818552302,-0.6050786879235088,-0.9607689228305228,1.3850227210205581,-0.3157637485020014,0.0,0.0,0.0,0.0,0.0
137,0.8795573644303645,0.6691027096917547,-1.0080322575483704,0.5543871571209893,0.31593082521274257,-0.16785481408061143,-0.8149608300648491,0.5968573514759201,0.3641240677678693,-0.5615197653706532,-0.4277444326750994,-0.5939431423763045,0.28531293357122894,-1.1203310048245632,1.1788692483334469,-0.5783766704784492,-0.31593082521274257,-0.5054170976845043,-0.27345488486682706,1.5298145285533904,0.28767692508900317,-0.55246057368553,0.31463475358327814,0.34466873652332003,-0.3014449545887281,-0.5811535159317968,0.08977326825360277,-0.6755077198756877,-0.6050786879235088,1.0408329997330665,1.3850227210205581,-0.3157637485020014,0.0,0.0,0.0,0.0,0.0
952,-1.0816178400427454,-0.033736271076895225,-1.0080322575483704,-0.8103514681768509,-0.445960232374257,2.98558253461872,-0.8149608300648491,0.5968573514759201,-2.608373623070699,1.609304069825171,-0.4277444326750994,0.9421167085968966,-0.431153696490451,1.3473584331150033,-0.5212131768329507,-0.5783766704784492,0.445960232374257,2.167055426371266,-0.12159174999076611,-1.1656300205814003,-0.4279373164259298,-0.55246057368553,0.05101292871592708,1.9151792062900503,2.7637303842735976,1.5291804804685827,1.3177743358798042,1.4803679818552302,1.6526776102985388,1.0408329997330665,-0.7220098160289725,-0.3157637485020014,0.0,0.0,0.0,0.0,0.0
135,-0.36846322023434186,0.6691027096917547,-1.0080322575483704,-0.35543859307757086,-0.445960232374257,0.529121392587853,1.7859779892910521,-1.6754422099806283,-1.4017205986818837,1.609304069825171,-0.4277444326750994,0.9421167085968966,1.001779563632909,-1.1203310048245632,-0.30658953793327665,1.7289770681323857,0.445960232374257,1.6129730252240553,0.7895870592655997,0.3046124607648491,-0.07013019566846333,0.9353147593993804,0.14853435990837643,-0.7827145034579079,0.6079133137175561,1.5291804804685827,1.322007054909705,1.4803679818552302,1.6526776102985388,-0.9607689228305228,1.3850227210205581,-0.3157637485020014,0.0,0.0,0.0,0.0,0.0
62,1.5927119842387683,-0.033736271076895225,0.9920317455237933,2.3740386575181094,-1.2078512899612566,0.534561255577434,-0.8149608300648491,0.5968573514759201,-0.17830637629398935,0.8856961247598962,-0.4277444326750994,-0.5939431423763045,0.762957353612349,-1.1203310048245632,-0.6462773549123151,1.7289770681323857,1.2078512899612566,0.6153497945117786,-0.12159174999076611,2.5099761827842233,2.434519649633802,0.9353147593993804,0.5030533412312439,1.3153293254760259,1.064483749486473,1.3668470961300918,1.1121009368462142,1.4803679818552302,1.6526776102985388,1.0408329997330665,1.3850227210205581,-0.3157637485020014,0.0,0.0,0.0,0.0,0.0
839,0.3446913995740618,0.6691027096917547,-1.0080322575483704,0.09947428202170919,-0.445960232374257,-0.2059411517241128,-0.8149608300648491,0.5968573514759201,0.5496264308995913,-0.5615197653706532,-0.4277444326750994,-0.5939431423763045,0.5241351435917889,0.11351371414522002,1.4744321343683686,-0.5783766704784492,0.445960232374257,-0.5905978353987013,-0.19752331742879659,2.019895355668807,0.28767692508900317,-0.55246057368553,0.9578011459813521,0.11018669322846389,-0.2812300159971403,-0.41882013159330606,-0.3010754785296518,-0.6755077198756877,-0.6050786879235088,1.0408329997330665,-0.7220098160289725,-0.3157637485020014,0.0,1.0,0.0,0.0,1.0
186,-0.9033291850906445,-1.439414232614195,-1.0080322575483704,-1.265264343276131,1.0778218827997421,-0.15827257084055335,-0.8149608300648491,0.5968573514759201,1.0870553196929764,-0.5615197653706532,-0.4277444326750994,-0.5939431423763045,-0.192331486469891,0.11351371414522002,-1.1204265833850255,-0.5783766704784492,-1.0778218827997421,-0.8373795391112041,-0.425318019742888,0.5496528743225574,-1.5013586786983293,-0.55246057368553,-1.2389947434025692,-0.0009433502888225986,-0.5949245672155369,-0.7434869002702875,-0.18907961461326606,-0.6755077198756877,-0.6050786879235088,1.0408329997330665,-0.7220098160289725,-0.3157637485020014,0.0,0.0,0.0,0.0,0.0
168,-0.36846322023434186,-1.439414232614195,-1.0080322575483704,0.09947428202170919,-0.445960232374257,-0.9219666567848732,-0.8149608300648491,0.5968573514759201,-0.6226825950687866,1.609304069825171,-0.4277444326750994,-0.5939431423763045,-0.6699759065110109,1.3473584331150033,0.7763367371917915,-0.5783766704784492,0.445960232374257,1.2552469524406134,-0.577181154618949,-0.4305087799082756,0.28767692508900317,-0.55246057368553,0.6405981454612422,0.40195725279243005,-0.6655773734305825,1.5291804804685827,-0.7966893650501069,-0.6755077198756877,1.6526776102985388,1.0408329997330665,-0.7220098160289725,-0.3157637485020014,0.0,0.0,0.0,0.0,0.0
266,-0.011885910330140019,-1.439414232614195,0.9920317455237933,-0.8103514681768509,-1.2078512899612566,-0.5976344358100257,-0.8149608300648491,-1.6754422099806283,-1.9200057609215937,1.609304069825171,-0.4277444326750994,-0.5939431423763045,-1.147620326552131,-1.1203310048245632,-0.5802475314187462,-0.5783766704784492,1.2078512899612566,1.8509641306772626,-0.72904428949501,-1.4106704341391085,-0.07013019566846333,0.1914270928569252,0.5330562007554345,0.8768797265222842,-0.17755034833623873,2.1785140178225455,-0.855135127419997,-0.6755077198756877,1.6526776102985388,1.0408329997330665,1.3850227210205581,-0.3157637485020014,0.0,0.0,0.0,1.0,1.0
449,-0.19017456528224091,0.6691027096917547,0.9920317455237933,1.0093000322202692,0.31593082521274257,-0.9360811811991764,-0.8149608300648491,0.5968573514759201,0.7182935318595951,0.16208817969462153,-0.4277444326750994,0.9421167085968966,0.28531293357122894,0.11351371414522002,-0.8518468358854563,-0.5783766704784492,-0.31593082521274257,-0.23220373405729455,0.3339976546374168,-0.4305087799082756,0.6454840458464697,0.1914270928569252,-0.6080890427974512,0.047168450017146556,-0.807097828945689,-0.09415336291632463,-0.5554510492279224,-0.6755077198756877,-0.6050786879235088,1.0408329997330665,-0.7220098160289725,-0.3157637485020014,0.0,0.0,0.0,1.0,1.0
356,-0.5467518751864427,0.6691027096917547,0.9920317455237933,0.09947428202170919,0.31593082521274257,-1.0430387820569977,-0.8149608300648491,0.5968573514759201,1.2378516308737533,-1.285127710435928,-0.4277444326750994,0.9421167085968966,0.762957353612349,-1.1203310048245632,-1.318297106568802,-0.5783766704784492,-0.31593082521274257,-1.3424678855255074,0.6377239243895387,0.059572047207140884,-0.07013019566846333,-0.55246057368553,-0.82003632973358,0.0057484750447123764,-0.8774981961069154,-1.068153668947269,-0.5441587788926316,-0.6755077198756877,-0.6050786879235088,1.0408329997330665,1.3850227210205581,-0.3157637485020014,0.0,0.0,0.0,0.0,0.0
456,-1.0816178400427454,-1.439414232614195,-1.0080322575483704,-0.35543859307757086,-0.445960232374257,-0.6259752028586117,1.7859779892910521,-1.6754422099806283,-1.374476494821443,1.609304069825171,-0.4277444326750994,-0.5939431423763045,-0.431153696490451,0.11351371414522002,1.4800145847444912,-0.5783766704784492,0.445960232374257,1.6004628187446548,-0.5012495871809185,0.059572047207140884,-0.07013019566846333,-0.55246057368553,0.9603377190868654,-1.2300326154052323,-0.4058120475335943,1.5291804804685827,-0.5780412856189118,-0.6755077198756877,1.6526776102985388,-0.9607689228305228,-0.7220098160289725,-0.3157637485020014,0.0,0.0,0.0,0.0,0.0
151,0.5229800545261627,-0.7365752518455452,-1.0080322575483704,0.09947428202170919,1.8397129403867416,1.220311464463429,1.7859779892910521,0.5968573514759201,2.0126066604917114,-1.285127710435928,-0.4277444326750994,-0.5939431423763045,0.5241351435917889,-1.1203310048245632,0.017656644968489975,-0.5783766704784492,-1.8397129403867416,-1.6982272616137837,-0.19752331742879659,2.019895355668807,-0.7857444371833963,0.9353147593993804,0.10284725221249368,-1.5630155907727354,-0.5922461971187604,-1.068153668947269,1.5438603669338764,1.4803679818552302,-0.6050786879235088,-0.9607689228305228,1.3850227210205581,-0.3157637485020014,1.0,0.0,0.0,0.0,1.0
164,-1.4381951499469472,1.3719416904604045,0.9920317455237933,0.09947428202170919,-0.445960232374257,-0.6024481079946462,-0.8149608300648491,0.5968573514759201,-0.5257388808870019,0.16208817969462153,2.3378445716897667,0.9421167085968966,1.001779563632909,-1.1203310048245632,1.4800145847444912,-0.5783766704784492,0.445960232374257,0.3390428898085257,0.7895870592655997,0.3046124607648491,0.28767692508900317,-0.55246057368553,0.9603377190868654,0.5256927347775966,-0.38516441266549467,0.23051340576065682,0.015218117200139127,-0.6755077198756877,-0.6050786879235088,1.0408329997330665,1.3850227210205581,-0.3157637485020014,0.0,0.0,0.0,0.0,0.0
249,-0.5467518751864427,0.6691027096917547,-1.0080322575483704,-0.8103514681768509,-1.2078512899612566,-0.5788556151768107,1.7859779892910521,0.5968573514759201,-0.14450714764447142,-0.5615197653706532,-0.4277444326750994,2.4781765595700977,2.6735350337768287,-1.1203310048245632,1.4800145847444912,-0.5783766704784492,1.2078512899612566,-0.2718589832656216,3.2193972172825753,0.5496528743225574,-0.07013019566846333,0.9353147593993804,1.469205225298549,-0.8624624031411499,-0.15694972626995338,-0.25648674725481535,0.737529538890884,-0.6755077198756877,-0.6050786879235088,-0.9607689228305228,1.3850227210205581,-0.3157637485020014,0.0,0.0,0.0,0.0,0.0
378,-0.19017456528224091,-0.033736271076895225,-1.0080322575483704,-0.8103514681768509,-0.445960232374257,1.2228796937214679,-0.8149608300648491,0.5968573514759201,-0.0024429370459357136,0.8856961247598962,-0.4277444326750994,-0.5939431423763045,-1.147620326552131,0.11351371414522002,1.4800145847444912,-0.5783766704784492,0.445960232374257,0.534595149453872,-0.72904428949501,-1.4106704341391085,-0.4279373164259298,-0.55246057368553,0.9603377190868654,1.2325619171190267,1.2167631598776758,0.8798469431146198,-0.47287800993188384,1.4803679818552302,1.6526776102985388,1.0408329997330665,-0.7220098160289725,-0.3157637485020014,0.0,0.0,0.0,0.0,0.0
711,0.7012687094782636,-0.033736271076895225,0.9920317455237933,-0.8103514681768509,-1.2078512899612566,2.98558253461872,-0.8149608300648491,0.5968573514759201,-0.04690865861536401,0.16208817969462153,-0.4277444326750994,-0.5939431423763045,-0.9087981165315709,0.11351371414522002,1.4800145847444912,-0.5783766704784492,1.2078512899612566,0.11916907858387381,-0.6531127220569795,-0.9205896070236921,-0.07013019566846333,-0.55246057368553,1.469205225298549,2.26450207449594,3.7532874838724486,0.5551801744376382,0.37075167975978846,1.4803679818552302,-0.6050786879235088,1.0408329997330665,-0.7220098160289725,-0.3157637485020014,0.0,0.0,0.0,0.0,0.0
528,-0.7250405301385436,-0.033736271076895225,0.9920317455237933,-0.35543859307757086,1.0778218827997421,-0.21874029685127633,-0.8149608300648491,-1.6754422099806283,0.5708578154354458,-0.5615197653706532,-0.4277444326750994,0.9421167085968966,0.04649072355066898,0.11351371414522002,-0.3395082496980635,1.7289770681323857,-1.0778218827997421,-0.600347064286819,0.18213451976135583,-0.6755491934659839,-0.7857444371833963,-0.55246057368553,-0.8841583705966141,-0.024359841290088096,-0.621458134899789,-0.7434869002702875,-0.09006703358728971,-0.6755077198756877,-0.6050786879235088,1.0408329997330665,-0.7220098160289725,-0.3157637485020014,0.0,0.0,0.0,0.0,0.0
599,0.8795573644303645,-0.7365752518455452,0.9920317455237933,1.4642129073195493,-1.2078512899612566,1.4402309205322623,-0.8149608300648491,0.5968573514759201,-0.22181638750900837,-0.5615197653706532,2.3378445716897667,-0.5939431423763045,-0.431153696490451,-1.1203310048245632,1.4648540410817557,1.7289770681323857,1.2078512899612566,-0.23635939192559638,-0.5012495871809185,0.059572047207140884,1.718905408118869,0.9353147593993804,1.4623165250452794,1.6660553566777476,2.0580157102547414,-0.25648674725481535,0.5065726485049391,1.4803679818552302,-0.6050786879235088,1.0408329997330665,1.3850227210205581,-0.3157637485020014,0.0,0.0,0.0,0.0,0.0
319,1.0578460193824655,1.3719416904604045,-1.0080322575483704,1.0093000322202692,-0.445960232374257,-0.9025604421976483,-0.8149608300648491,0.5968573514759201,0.24189580209881623,-0.5615197653706532,-0.4277444326750994,-0.5939431423763045,-0.192331486469891,2.5812031520847865,0.017656644968489975,-0.5783766704784492,0.445960232374257,-0.44929116126274676,-0.425318019742888,0.5496528743225574,1.0032911666039361,-0.55246057368553,0.10284725221249368,0.40947242624495556,-0.6485462680057172,-0.41882013159330606,-0.6579186063098778,-0.6755077198756877,-0.6050786879235088,1.0408329997330665,-0.7220098160289725,-0.3157637485020014,1.0,0.0,0.0,0.0,1.0
676,1.2361346743345663,1.3719416904604045,-1.0080322575483704,-0.8103514681768509,1.0778218827997421,-1.2616142623396152,-0.8149608300648491,-1.6754422099806283,0.5807609019045679,-1.285127710435928,2.3378445716897667,-0.5939431423763045,-0.192331486469891,-1.1203310048245632,0.11446533068542679,-0.5783766704784492,-1.0778218827997421,-1.0407387210349701,-0.425318019742888,0.5496528743225574,-1.1435515579408628,-2.0402359067704405,-0.6778802853422058,-0.42821906404275706,-1.079076913957598,-1.068153668947269,-0.8840924262503224,-0.6755077198756877,-0.6050786879235088,1.0408329997330665,1.3850227210205581,3.166924654093602,0.0,0.0,0.0,0.0,0.0
513,-0.36846322023434186,0.6691027096917547,0.9920317455237933,-1.265264343276131,-0.445960232374257,-0.18978723860417301,-0.8149608300648491,0.5968573514759201,0.0922988132826221,-1.285127710435928,-0.4277444326750994,-0.5939431423763045,-0.431153696490451,0.11351371414522002,1.095464908859843,-0.5783766704784492,0.445960232374257,-0.8164420578992555,-0.5012495871809185,0.059572047207140884,-0.7857444371833963,-0.55246057368553,0.7856047076202507,0.685498141267381,-0.023008736208512747,-1.068153668947269,-0.3490730628594719,-0.6755077198756877,-0.6050786879235088,1.0408329997330665,-0.7220098160289725,-0.3157637485020014,0.0,0.0,0.0,0.0,0.0
683,1.5927119842387683,-0.033736271076895225,-1.0080322575483704,-0.35543859307757086,-1.2078512899612566,-0.8610793092480061,-0.8149608300648491,-1.6754422099806283,-1.36454807346608,0.16208817969462153,-0.4277444326750994,2.4781765595700977,2.9123572437973886,-1.1203310048245632,1.4800145847444912,-0.5783766704784492,1.2078512899612566,0.7242152650768678,3.447191919596667,0.713013150027696,0.28767692508900317,0.1914270928569252,1.469205225298549,0.7748591129623151,-0.46655296351628844,0.5551801744376382,0.27386325950458396,-0.6755077198756877,-0.6050786879235088,1.0408329997330665,1.3850227210205581,-0.3157637485020014,0.0,0.0,0.0,1.0,1.0
782,-1.6164838048990482,-0.7365752518455452,0.9920317455237933,0.5543871571209893,1.0778218827997421,0.07407318546865631,-0.8149608300648491,0.5968573514759201,-0.022325681825195398,0.8856961247598962,2.3378445716897667,-0.5939431423763045,-0.192331486469891,0.11351371414522002,-0.16751783340424017,1.7289770681323857,-1.0778218827997421,0.5437250971240148,-0.425318019742888,0.5496528743225574,-0.07013019566846333,0.9353147593993804,-0.8060087705136562,0.08903394290113548,-0.492969983210081,-0.09415336291632463,-0.04272125744378217,-0.6755077198756877,1.6526776102985388,1.0408329997330665,-0.7220098160289725,-0.3157637485020014,0.0,0.0,0.0,0.0,0.0
153,-1.0816178400427454,-0.033736271076895225,-1.0080322575483704,-1.265264343276131,1.8397129403867416,-1.1789824658483252,-0.8149608300648491,-1.6754422099806283,1.882661560076378,0.16208817969462153,-0.4277444326750994,0.9421167085968966,1.7182461936945888,0.11351371414522002,-0.39911154387675846,1.7289770681323857,-1.8397129403867416,-0.7668693088775107,1.2451764638937826,1.039733701437974,-1.8591657994557957,-0.55246057368553,-1.4201086277200365,-0.7455422714938567,-1.1186578227440784,-0.7434869002702875,-0.5417200040657448,-0.6755077198756877,-0.6050786879235088,1.0408329997330665,-0.7220098160289725,-0.3157637485020014,0.0,0.0,0.0,0.0,0.0
719,0.1664027446219609,-0.7365752518455452,0.9920317455237933,1.0093000322202692,-1.2078512899612566,0.15553853060050907,-0.8149608300648491,0.5968573514759201,0.26234428994536235,0.16208817969462153,-0.4277444326750994,-0.5939431423763045,-0.9087981165315709,0.11351371414522002,0.5037344211074988,-0.5783766704784492,1.2078512899612566,-0.022836628804274388,-0.6531127220569795,-0.9205896070236921,1.3610982873614026,0.1914270928569252,1.0255996686562845,0.11018669322846389,0.6486906566032768,0.5551801744376382,-0.5205936103909564,-0.6755077198756877,-0.6050786879235088,-0.9607689228305228,-0.7220098160289725,-0.3157637485020014,0.0,0.0,1.0,1.0,1.0
494,-0.5467518751864427,1.3719416904604045,-1.0080322575483704,-1.7201772183754112,-0.445960232374257,0.026690750373633575,-0.8149608300648491,0.5968573514759201,-0.2635661589360374,0.16208817969462153,2.3378445716897667,-0.5939431423763045,0.5241351435917889,0.11351371414522002,-0.752658770090163,-0.5783766704784492,0.445960232374257,0.21865592822321905,-0.19752331742879659,2.019895355668807,-1.1435515579408628,-0.55246057368553,-0.05415212026630356,0.7693305460112262,0.16697470625382838,0.23051340576065682,0.41603882046353885,-0.6755077198756877,-0.6050786879235088,1.0408329997330665,-0.7220098160289725,-0.3157637485020014,0.0,0.0,0.0,0.0,0.0
331,-1.6164838048990482,-1.439414232614195,0.9920317455237933,0.09947428202170919,1.0778218827997421,-0.8313684223104691,-0.8149608300648491,0.5968573514759201,-1.5761348745053032,-0.5615197653706532,-0.4277444326750994,-0.5939431423763045,-0.431153696490451,1.3473584331150033,-0.7489944745250323,-0.5783766704784492,-1.0778218827997421,0.3855294394334043,-0.5012495871809185,0.059572047207140884,-0.4279373164259298,-0.55246057368553,-1.070222137399982,-0.26160377178606037,-0.890282694785923,-0.7434869002702875,-0.6858583834728511,-0.6755077198756877,-0.6050786879235088,1.0408329997330665,-0.7220098160289725,-0.3157637485020014,0.0,0.0,0.0,0.0,0.0
278,0.7012687094782636,-0.033736271076895225,-1.0080322575483704,0.09947428202170919,0.31593082521274257,0.10609251338749902,-0.8149608300648491,-1.6754422099806283,-0.5092654420992874,0.8856961247598962,-0.4277444326750994,-0.5939431423763045,-0.9087981165315709,0.11351371414522002,0.08937601665718677,-0.5783766704784492,-0.31593082521274257,0.7673227230640611,-0.6531127220569795,-0.9205896070236921,-0.07013019566846333,0.1914270928569252,-0.1804129483952623,0.11018669322846389,-0.12113058439049885,0.3928467900991475,-0.536167034159969,-0.6755077198756877,1.6526776102985388,-0.9607689228305228,-0.7220098160289725,-0.3157637485020014,0.0,0.0,1.0,0.0,1.0
742,-0.5467518751864427,1.3719416904604045,-1.0080322575483704,-0.8103514681768509,-0.445960232374257,2.0301898472861826,0.4855085796131015,-1.6754422099806283,0.2948176500728075,-1.285127710435928,2.3378445716897667,-0.5939431423763045,-1.147620326552131,0.11351371414522002,0.7114657261106437,-0.5783766704784492,0.445960232374257,-0.9094365816755356,-0.72904428949501,-1.4106704341391085,-0.4279373164259298,0.1914270928569252,0.6111218311280758,0.6718904647529601,1.9252673493024488,-1.068153668947269,-0.3033654270770879,1.4803679818552302,-0.6050786879235088,-0.9607689228305228,-0.7220098160289725,3.166924654093602,0.0,0.0,0.0,1.0,1.0
474,0.8795573644303645,1.3719416904604045,-1.0080322575483704,-1.265264343276131,1.8397129403867416,-0.2059411517241128,-0.8149608300648491,-1.6754422099806283,0.9468568772392134,-1.285127710435928,-0.4277444326750994,0.9421167085968966,1.7182461936945888,0.11351371414522002,-1.1238081078651414,1.7289770681323857,-1.8397129403867416,-1.208846149569776,1.2451764638937826,1.039733701437974,-1.8591657994557957,-0.55246057368553,-1.7493987584005344,0.11018669322846389,-0.2812300159971403,-1.068153668947269,-0.3010754785296518,-0.6755077198756877,-0.6050786879235088,1.0408329997330665,-0.7220098160289725,-0.3157637485020014,0.0,1.0,0.0,0.0,1.0
792,-1.2599064949948464,0.6691027096917547,-1.0080322575483704,-0.35543859307757086,0.31593082521274257,-0.18203142305734715,1.7859779892910521,0.5968573514759201,-0.8453264739761184,0.8856961247598962,-0.4277444326750994,0.9421167085968966,-0.192331486469891,0.11351371414522002,0.017656644968489975,1.7289770681323857,-0.31593082521274257,0.9216384208750696,0.030271384885294857,-0.9205896070236921,-0.4279373164259298,2.4230900924842906,0.10284725221249368,-1.4074355816961617,-0.3107761144975038,0.3928467900991475,-0.20404570064779992,-0.6755077198756877,1.6526776102985388,-0.9607689228305228,-0.7220098160289725,-0.3157637485020014,1.0,0.0,0.0,0.0,1.0
365,1.4144233292866673,0.6691027096917547,-1.0080322575483704,-1.7201772183754112,1.0778218827997421,-0.8224428043607047,1.7859779892910521,0.5968573514759201,-2.0473698893419625,1.609304069825171,-0.4277444326750994,2.4781765595700977,1.7182461936945888,-1.1203310048245632,-1.4285016391436218,-0.5783766704784492,-1.0778218827997421,1.9094484013572492,2.3082184080262094,-0.10378822849799779,-1.8591657994557957,0.1914270928569252,-1.3789789525339589,-2.0047616135192645,-0.8863660849906109,0.23051340576065682,-0.017676412523482992,-0.6755077198756877,1.6526776102985388,-0.9607689228305228,1.3850227210205581,-0.3157637485020014,0.0,0.0,0.0,1.0,1.0
55,0.3446913995740618,1.3719416904604045,-1.0080322575483704,1.4642129073195493,-1.2078512899612566,1.1529913698643866,0.4855085796131015,0.5968573514759201,-0.9029712397108615,1.609304069825171,-0.4277444326750994,-0.5939431423763045,-1.386442536572691,-1.1203310048245632,-0.2668666152619654,-0.5783766704784492,1.2078512899612566,1.3839525555415884,-0.8049758569330404,-1.900751261254525,1.718905408118869,0.1914270928569252,0.6754513050817396,0.6815129405672321,1.7429100099887567,2.1785140178225455,-0.7686674551377509,1.4803679818552302,1.6526776102985388,-0.9607689228305228,1.3850227210205581,-0.3157637485020014,0.0,0.0,0.0,0.0,0.0
564,-0.19017456528224091,-0.7365752518455452,-1.0080322575483704,-0.35543859307757086,1.0778218827997421,-0.47766443576202877,1.7859779892910521,0.5968573514759201,1.1471973381235734,-0.5615197653706532,-0.4277444326750994,-0.5939431423763045,-0.9087981165315709,1.3473584331150033,0.04953058480086824,-0.5783766704784492,-1.0778218827997421,-0.8649961225932234,-0.6531127220569795,-0.9205896070236921,-0.7857444371833963,0.9353147593993804,-0.707385559715735,-1.8712441142124403,-0.735075458026126,-0.7434869002702875,-0.7200260153201261,-0.6755077198756877,-0.6050786879235088,-0.9607689228305228,-0.7220098160289725,-0.3157637485020014,0.0,0.0,0.0,0.0,0.0
301,1.5927119842387683,1.3719416904604045,-1.0080322575483704,-1.7201772183754112,-1.2078512899612566,-0.2059411517241128,0.4855085796131015,-1.6754422099806283,-0.21217971990886939,-1.285127710435928,-0.4277444326750994,-0.5939431423763045,0.5241351435917889,-1.1203310048245632,1.0271572095433639,-0.5783766704784492,1.2078512899612566,-0.6766287119260218,-0.19752331742879659,2.019895355668807,-0.7857444371833963,-1.2963482402279851,1.263434325214638,0.11018669322846389,-0.2812300159971403,-1.068153668947269,-0.3010754785296518,-0.6755077198756877,-0.6050786879235088,-0.9607689228305228,1.3850227210205581,-0.3157637485020014,0.0,1.0,0.0,0.0,1.0
760,-1.0816178400427454,-1.439414232614195,-1.0080322575483704,0.5543871571209893,-1.2078512899612566,-0.2668095609696555,-0.8149608300648491,0.5968573514759201,-1.0652180962789743,1.609304069825171,-0.4277444326750994,-0.5939431423763045,-0.192331486469891,0.11351371414522002,0.6826520500377621,-0.5783766704784492,1.2078512899612566,1.4584546087821058,-0.425318019742888,0.5496528743225574,1.0032911666039361,-0.55246057368553,1.106896879570666,1.0049936513508877,0.18536904632788925,2.1785140178225455,-0.25744882358765087,-0.6755077198756877,1.6526776102985388,1.0408329997330665,-0.7220098160289725,-0.3157637485020014,0.0,0.0,0.0,0.0,0.0
656,-1.0816178400427454,1.3719416904604045,0.9920317455237933,-0.35543859307757086,1.8397129403867416,-0.7220725780640733,1.7859779892910521,0.5968573514759201,0.8873670530329644,-0.5615197653706532,2.3378445716897667,-0.5939431423763045,0.04649072355066898,0.11351371414522002,-1.5522297504617668,-0.5783766704784492,-1.8397129403867416,-0.7456847834228849,-0.34938645230485754,1.039733701437974,-1.1435515579408628,0.9353147593993804,-1.9440664658070477,-2.3152155072171117,-1.0184105484296984,-0.9058202846087783,-0.45996705436670615,-0.6755077198756877,-0.6050786879235088,-0.9607689228305228,-0.7220098160289725,3.166924654093602,0.0,0.0,0.0,0.0,0.0
961,-0.9033291850906445,1.3719416904604045,-1.0080322575483704,-0.35543859307757086,-1.2078512899612566,-1.1008746074922653,-0.8149608300648491,-1.6754422099806283,-1.6880575832973697,0.8856961247598962,2.3378445716897667,-0.5939431423763045,0.28531293357122894,-1.1203310048245632,-0.4833995458604677,-0.5783766704784492,1.2078512899612566,1.308611699138457,-0.27345488486682706,1.5298145285533904,0.28767692508900317,-2.0402359067704405,0.5770623233250178,0.6819969398009383,-0.7296116725208716,1.3668470961300918,-0.6938591155954101,-0.6755077198756877,1.6526776102985388,1.0408329997330665,1.3850227210205581,-0.3157637485020014,0.0,0.0,0.0,0.0,0.0
514,-1.4381951499469472,-0.033736271076895225,0.9920317455237933,1.4642129073195493,-0.445960232374257,1.6572688702986913,-0.8149608300648491,0.5968573514759201,0.7953507259656707,-0.5615197653706532,-0.4277444326750994,-0.5939431423763045,-0.192331486469891,-1.1203310048245632,-1.1728405563214692,-0.5783766704784492,0.445960232374257,-0.7034318520368988,-0.425318019742888,0.5496528743225574,1.3610982873614026,0.1914270928569252,-0.24507577324486174,1.4007817414028763,1.5979878355327295,-0.41882013159330606,0.9545593608480839,1.4803679818552302,-0.6050786879235088,1.0408329997330665,1.3850227210205581,-0.3157637485020014,0.0,0.0,0.0,1.0,1.0
916,0.3446913995740618,1.3719416904604045,-1.0080322575483704,0.09947428202170919,-0.445960232374257,-0.13651154643074892,-0.8149608300648491,0.5968573514759201,0.27273021800214203,-0.5615197653706532,-0.4277444326750994,-0.5939431423763045,-1.147620326552131,-1.1203310048245632,-1.1303165228817869,-0.5783766704784492,0.445960232374257,-0.46345000134052317,-0.72904428949501,-1.4106704341391085,0.28767692508900317,-0.55246057368553,-0.22575355588626103,0.7061294738586531,0.023746591880334074,-0.41882013159330606,-0.7583122005101827,-0.6755077198756877,-0.6050786879235088,1.0408329997330665,1.3850227210205581,-0.3157637485020014,0.0,0.0,0.0,0.0,0.0
717,-0.7250405301385436,-0.7365752518455452,0.9920317455237933,-1.7201772183754112,1.0778218827997421,-0.8027449011652374,0.4855085796131015,-1.6754422099806283,0.759219898885382,-1.285127710435928,-0.4277444326750994,-0.5939431423763045,-0.192331486469891,1.3473584331150033,-0.15382119188651963,1.7289770681323857,-1.0778218827997421,-1.1226852189551464,-0.425318019742888,0.5496528743225574,-1.8591657994557957,0.1914270928569252,-0.7997852431790814,-1.1238263113820846,-0.8777225377273634,-1.068153668947269,-0.5950431794566101,-0.6755077198756877,-0.6050786879235088,-0.9607689228305228,-0.7220098160289725,-0.3157637485020014,0.0,0.0,0.0,0.0,0.0
338,0.7012687094782636,-0.7365752518455452,-1.0080322575483704,1.0093000322202692,0.31593082521274257,0.13569318215120715,0.4855085796131015,0.5968573514759201,-0.016354948019192638,-1.285127710435928,-0.4277444326750994,0.9421167085968966,0.762957353612349,-1.1203310048245632,-0.8771680780943035,-0.5783766704784492,-0.31593082521274257,-0.7665493913754393,0.6377239243895387,0.059572047207140884,0.6454840458464697,0.1914270928569252,-0.6195945963908824,-0.4110876446504233,-0.10164718225292647,-1.068153668947269,0.6933451646919372,-0.6755077198756877,-0.6050786879235088,-0.9607689228305228,1.3850227210205581,-0.3157637485020014,0.0,0.0,0.0,0.0,0.0
425,-0.7250405301385436,-1.439414232614195,0.9920317455237933,1.9191257824188295,-0.445960232374257,0.617466208041278,-0.8149608300648491,0.5968573514759201,-0.2911410021475389,0.8856961247598962,-0.4277444326750994,-0.5939431423763045,-0.9087981165315709,1.3473584331150033,-0.593586958915057,1.7289770681323857,0.445960232374257,0.6671622701463121,-0.6531127220569795,-0.9205896070236921,1.718905408118869,0.9353147593993804,0.01812747935143875,0.9981118993200943,0.6854456866058807,0.8798469431146198,-0.3751057455052864,1.4803679818552302,1.6526776102985388,1.0408329997330665,-0.7220098160289725,-0.3157637485020014,0.0,0.0,0.0,0.0,0.0
984,-0.9033291850906445,1.3719416904604045,-1.0080322575483704,0.5543871571209893,-0.445960232374257,-0.3372709686916897,-0.8149608300648491,0.5968573514759201,-0.6412655004731761,0.16208817969462153,-0.4277444326750994,-0.5939431423763045,-0.9087981165315709,0.11351371414522002,1.4800145847444912,-0.5783766704784492,0.445960232374257,0.3920915007040649,-0.6531127220569795,-0.9205896070236921,0.6454840458464697,0.1914270928569252,0.9603377190868654,0.628384178724536,-0.15244206511885172,0.23051340576065682,-0.6758079552958286,-0.6755077198756877,-0.6050786879235088,1.0408329997330665,-0.7220098160289725,-0.3157637485020014,0.0,0.0,0.0,1.0,1.0
720,0.3446913995740618,-1.439414232614195,0.9920317455237933,0.5543871571209893,-1.2078512899612566,1.7305239087910795,-0.8149608300648491,0.5968573514759201,-1.215613289741671,0.16208817969462153,-0.4277444326750994,-0.5939431423763045,-0.192331486469891,1.3473584331150033,1.4800145847444912,-0.5783766704784492,1.2078512899612566,0.6558259759337357,-0.425318019742888,0.5496528743225574,1.0032911666039361,-0.55246057368553,1.469205225298549,1.7784730643667659,2.3764710731562335,0.5551801744376382,1.000703896726178,1.4803679818552302,-0.6050786879235088,1.0408329997330665,-0.7220098160289725,-0.3157637485020014,0.0,0.0,0.0,0.0,0.0
907,0.7012687094782636,-0.033736271076895225,-1.0080322575483704,-1.265264343276131,1.0778218827997421,-0.2059411517241128,0.4855085796131015,0.5968573514759201,0.4962194783665731,0.16208817969462153,-0.4277444326750994,-0.5939431423763045,-0.6699759065110109,-1.1203310048245632,-1.296621154716531,-0.5783766704784492,-1.0778218827997421,-0.1302296600651189,-0.577181154618949,-0.4305087799082756,-1.5013586786983293,0.1914270928569252,-1.3190546419891391,0.11018669322846389,-0.2812300159971403,-0.41882013159330606,-0.3010754785296518,-0.6755077198756877,-0.6050786879235088,-0.9607689228305228,1.3850227210205581,-0.3157637485020014,0.0,1.0,0.0,0.0,1.0
479,-0.19017456528224091,-0.7365752518455452,0.9920317455237933,-0.35543859307757086,-1.2078512899612566,0.5477846144883809,-0.8149608300648491,0.5968573514759201,-0.5426125155719812,-0.5615197653706532,-0.4277444326750994,-0.5939431423763045,0.04649072355066898,0.11351371414522002,1.4800145847444912,1.7289770681323857,1.2078512899612566,-0.08905317769231154,-0.34938645230485754,1.039733701437974,0.28767692508900317,0.9353147593993804,1.469205225298549,1.3204501508381328,1.078989954359075,-0.25648674725481535,0.47325384054636566,1.4803679818552302,-0.6050786879235088,1.0408329997330665,-0.7220098160289725,-0.3157637485020014,0.0,0.0,0.0,0.0,0.0
688,-0.9033291850906445,-1.439414232614195,-1.0080322575483704,0.5543871571209893,-0.445960232374257,-0.2059411517241128,1.7859779892910521,0.5968573514759201,0.10810878674047125,0.16208817969462153,-0.4277444326750994,0.9421167085968966,1.001779563632909,0.11351371414522002,-0.8594248076630014,-0.5783766704784492,0.445960232374257,0.047986695076424994,0.7895870592655997,0.3046124607648491,0.6454840458464697,0.9353147593993804,-0.10266484160599307,0.11018669322846389,-0.2812300159971403,0.23051340576065682,-0.3010754785296518,-0.6755077198756877,-0.6050786879235088,-0.9607689228305228,-0.7220098160289725,-0.3157637485020014,0.0,1.0,0.0,0.0,1.0
959,1.2361346743345663,0.6691027096917547,-1.0080322575483704,1.0093000322202692,-1.2078512899612566,1.0804780961177043,0.4855085796131015,0.5968573514759201,-1.025738177941046,0.8856961247598962,-0.4277444326750994,-0.5939431423763045,-0.431153696490451,-1.1203310048245632,1.2988385952818011,1.7289770681323857,1.2078512899612566,1.0044815813424948,-0.5012495871809185,0.059572047207140884,1.3610982873614026,1.6792024259418357,1.386881852716235,0.6534317386735075,1.663361960810295,1.3668470961300918,0.3177275367887417,1.4803679818552302,1.6526776102985388,-0.9607689228305228,1.3850227210205581,-0.3157637485020014,0.0,0.0,0.0,0.0,0.0
943,0.7012687094782636,0.6691027096917547,-1.0080322575483704,-0.35543859307757086,-0.445960232374257,-0.3310080354156417,-0.8149608300648491,0.5968573514759201,-0.03441101361800707,-0.5615197653706532,-0.4277444326750994,-0.5939431423763045,0.04649072355066898,1.3473584331150033,0.6765788154064988,-0.5783766704784492,0.445960232374257,-0.3224139722023186,-0.34938645230485754,1.039733701437974,-0.07013019566846333,-0.55246057368553,0.595269796006531,0.6308095373476484,-0.14694564661776555,-0.41882013159330606,-0.1725728461049253,-0.6755077198756877,-0.6050786879235088,1.0408329997330665,-0.7220098160289725,-0.3157637485020014,0.0,0.0,0.0,0.0,0.0
468,0.5229800545261627,-0.7365752518455452,0.9920317455237933,1.4642129073195493,-1.2078512899612566,0.5282588888798574,-0.8149608300648491,0.5968573514759201,-1.7663103589890794,0.8856961247598962,-0.4277444326750994,0.9421167085968966,1.240601773653469,-1.1203310048245632,0.017656644968489975,-0.5783766704784492,1.2078512899612566,1.3445445522249178,0.9414501941416606,0.5496528743225574,1.718905408118869,0.1914270928569252,0.10284725221249368,1.3128886960229795,1.0575699673594807,1.3668470961300918,1.5365376592683706,1.4803679818552302,1.6526776102985388,1.0408329997330665,1.3850227210205581,-0.3157637485020014,1.0,0.0,0.0,1.0,1.0
809,-1.4381951499469472,-1.439414232614195,-1.0080322575483704,0.09947428202170919,-0.445960232374257,0.7496318175360249,1.7859779892910521,0.5968573514759201,-1.0369759600083779,0.16208817969462153,2.3378445716897667,2.4781765595700977,1.4794239836740288,-1.1203310048245632,-0.5696593896465423,-0.5783766704784492,0.445960232374257,0.5737975894857893,2.0804237057121178,-0.2671485042031369,0.28767692508900317,0.9353147593993804,0.028999771015046735,-0.6973205136034114,0.8014356659359256,0.23051340576065682,2.054198179199786,1.4803679818552302,-0.6050786879235088,-0.9607689228305228,1.3850227210205581,-0.3157637485020014,0.0,0.0,0.0,0.0,0.0
609,-1.0816178400427454,-1.439414232614195,0.9920317455237933,1.0093000322202692,1.0778218827997421,0.10787531734766292,1.7859779892910521,0.5968573514759201,-0.9962241767782137,0.8856961247598962,-0.4277444326750994,-0.5939431423763045,-0.192331486469891,0.11351371414522002,-1.0915601039019052,-0.5783766704784492,-1.0778218827997421,0.9909290618516109,-0.425318019742888,0.5496528743225574,0.28767692508900317,0.9353147593993804,-1.2258782926373424,-1.644490319020193,-0.4781374235413978,-0.09415336291632463,-0.021428746794033973,-0.6755077198756877,1.6526776102985388,-0.9607689228305228,-0.7220098160289725,-0.3157637485020014,0.0,0.0,0.0,0.0,0.0
70,-0.011885910330140019,-1.439414232614195,0.9920317455237933,0.09947428202170919,1.0778218827997421,-0.2963797784704348,1.7859779892910521,0.5968573514759201,0.988680158273022,-0.5615197653706532,-0.4277444326750994,-0.5939431423763045,-0.9087981165315709,1.3473584331150033,-1.2897135877299128,-0.5783766704784492,-1.0778218827997421,-0.792206697746619,-0.6531127220569795,-0.9205896070236921,-0.4279373164259298,0.9353147593993804,-1.3159159578160147,-1.801040539079098,-0.655526762520197,-0.7434869002702875,-0.6629289436053307,-0.6755077198756877,-0.6050786879235088,-0.9607689228305228,-0.7220098160289725,-0.3157637485020014,0.0,0.0,0.0,0.0,0.0
139,-0.5467518751864427,1.3719416904604045,0.9920317455237933,-0.8103514681768509,1.0778218827997421,1.160472311932007,0.4855085796131015,0.5968573514759201,0.23361048332050519,-0.5615197653706532,-0.4277444326750994,-0.5939431423763045,-0.431153696490451,0.11351371414522002,0.3256052768316141,-0.5783766704784492,-1.0778218827997421,-0.44548662986045573,-0.5012495871809185,0.059572047207140884,-1.1435515579408628,0.1914270928569252,-0.5819417865093809,-0.3635586241886035,-0.016252126331921437,-0.7434869002702875,0.3597189141926164,1.4803679818552302,-0.6050786879235088,-0.9607689228305228,-0.7220098160289725,-0.3157637485020014,0.0,0.0,0.0,0.0,0.0
815,0.8795573644303645,1.3719416904604045,-1.0080322575483704,0.09947428202170919,1.8397129403867416,-0.8137131730671208,0.4855085796131015,-1.6754422099806283,1.4010684991861617,-1.285127710435928,-0.4277444326750994,-0.5939431423763045,0.04649072355066898,-1.1203310048245632,-1.992055368775995,-0.5783766704784492,-1.8397129403867416,-1.4174153579756543,-0.34938645230485754,1.039733701437974,-0.7857444371833963,-1.2963482402279851,-2.1439159511340464,-1.4773967089269198,-1.0385167446649204,-1.068153668947269,-0.5273139328824,-0.6755077198756877,-0.6050786879235088,-0.9607689228305228,1.3850227210205581,-0.3157637485020014,0.0,0.0,0.0,0.0,0.0
860,0.7012687094782636,1.3719416904604045,-1.0080322575483704,0.09947428202170919,-1.2078512899612566,2.785533496045505,-0.8149608300648491,0.5968573514759201,-0.263033763809193,0.16208817969462153,-0.4277444326750994,-0.5939431423763045,-0.9087981165315709,0.11351371414522002,0.6637884790922136,-0.5783766704784492,1.2078512899612566,0.21841145797014833,-0.6531127220569795,-0.9205896070236921,0.6454840458464697,-0.55246057368553,1.0983255849758982,2.1870318797224364,3.5338309632067526,0.5551801744376382,0.3077446141176131,1.4803679818552302,-0.6050786879235088,1.0408329997330665,-0.7220098160289725,-0.3157637485020014,0.0,0.0,0.0,0.0,0.0
274,1.5927119842387683,-1.439414232614195,0.9920317455237933,2.3740386575181094,0.31593082521274257,0.16926718524214557,1.7859779892910521,-1.6754422099806283,0.042358768037255426,0.16208817969462153,-0.4277444326750994,0.9421167085968966,1.001779563632909,0.11351371414522002,-1.1107854794487741,-0.5783766704784492,-0.31593082521274257,0.07817841340987433,0.7895870592655997,0.3046124607648491,1.718905408118869,0.1914270928569252,-0.7257464790462628,-1.2713930803038747,-0.07954849898294389,-0.09415336291632463,0.9064307274233757,-0.6755077198756877,-0.6050786879235088,-0.9607689228305228,-0.7220098160289725,-0.3157637485020014,0.0,0.0,0.0,1.0,1.0
31,1.2361346743345663,1.3719416904604045,0.9920317455237933,-0.35543859307757086,1.0778218827997421,-1.0525806706446756,-0.8149608300648491,-1.6754422099806283,0.34939652162250856,-0.5615197653706532,2.3378445716897667,-0.5939431423763045,0.28531293357122894,1.3473584331150033,-1.536722859892966,-0.5783766704784492,-1.0778218827997421,-0.4986543631068811,-0.27345488486682706,1.5298145285533904,-0.7857444371833963,0.1914270928569252,-1.4281528850372818,0.11018669322846389,-0.9873518348213919,-0.7434869002702875,-0.6532976043342734,-0.6755077198756877,-0.6050786879235088,-0.9607689228305228,-0.7220098160289725,3.166924654093602,0.0,0.0,1.0,0.0,1.0
369,-0.7250405301385436,-0.033736271076895225,0.9920317455237933,-0.8103514681768509,1.0778218827997421,-0.08708429530783962,-0.8149608300648491,0.5968573514759201,1.398315573970964,-0.5615197653706532,-0.4277444326750994,-0.5939431423763045,-0.431153696490451,-1.1203310048245632,-2.08756868049892,-0.5783766704784492,-1.0778218827997421,-0.980306980211676,-0.5012495871809185,0.059572047207140884,-1.1435515579408628,-0.55246057368553,-1.6784481137794565,0.026624738068126604,-0.5636867639808414,-0.7434869002702875,-0.2951611892503053,-0.6755077198756877,-0.6050786879235088,1.0408329997330665,1.3850227210205581,-0.3157637485020014,0.0,0.0,0.0,0.0,0.0
737,1.771000639190869,-1.439414232614195,0.9920317455237933,0.5543871571209893,-1.2078512899612566,-0.6532351406438069,-0.8149608300648491,0.5968573514759201,-0.8841317163130841,1.609304069825171,-0.4277444326750994,0.9421167085968966,0.28531293357122894,0.11351371414522002,-0.13397351291641743,-0.5783766704784492,1.2078512899612566,1.3753016441779036,0.3339976546374168,-0.4305087799082756,1.0032911666039361,-0.55246057368553,0.7358357324578897,0.8553480187783322,-0.2385450790103191,2.1785140178225455,-0.31789197643248973,-0.6755077198756877,1.6526776102985388,1.0408329997330665,-0.7220098160289725,-0.3157637485020014,0.0,0.0,0.0,0.0,0.0
949,-0.5467518751864427,-0.033736271076895225,0.9920317455237933,-0.8103514681768509,-1.2078512899612566,2.98558253461872,-0.8149608300648491,0.5968573514759201,-1.1156444952206026,-0.5615197653706532,2.3378445716897667,-0.5939431423763045,-0.431153696490451,-1.1203310048245632,0.6526992062822485,-0.5783766704784492,1.2078512899612566,0.17407709157351064,-0.5012495871809185,0.059572047207140884,-0.07013019566846333,-0.55246057368553,1.0932868028507987,2.26450207449594,3.7532874838724486,-0.25648674725481535,1.3177743358798042,1.4803679818552302,-0.6050786879235088,1.0408329997330665,1.3850227210205581,-0.3157637485020014,0.0,0.0,0.0,0.0,0.0
736,-0.5467518751864427,1.3719416904604045,-1.0080322575483704,1.0093000322202692,-1.2078512899612566,-0.08979416299122528,-0.8149608300648491,-1.6754422099806283,-0.12397722993540763,-0.5615197653706532,-0.4277444326750994,-0.5939431423763045,-0.192331486469891,2.5812031520847865,1.4800145847444912,-0.5783766704784492,1.2078512899612566,-0.2812861059509971,-0.425318019742888,0.5496528743225574,1.3610982873614026,-2.0402359067704405,1.469205225298549,1.07354393010806,0.379557349464284,-0.25648674725481535,-0.14594395578474162,-0.6755077198756877,-0.6050786879235088,1.0408329997330665,-0.7220098160289725,-0.3157637485020014,0.0,0.0,0.0,0.0,0.0
582,-0.011885910330140019,0.6691027096917547,0.9920317455237933,-0.35543859307757086,-1.2078512899612566,-1.075836331672059,-0.8149608300648491,-1.6754422099806283,0.7282938829238474,-1.285127710435928,-0.4277444326750994,-0.5939431423763045,-0.192331486469891,1.3473584331150033,0.2046961594162675,-0.5783766704784492,1.2078512899612566,-1.1084843170922736,-0.425318019742888,0.5496528743225574,0.28767692508900317,-2.0402359067704405,0.8897216292616436,0.6916931628791311,-0.702144342839307,-1.068153668947269,-0.7670678971056423,-0.6755077198756877,-0.6050786879235088,1.0408329997330665,-0.7220098160289725,-0.3157637485020014,0.0,0.0,0.0,0.0,0.0
486,-0.7250405301385436,-1.439414232614195,-1.0080322575483704,-0.8103514681768509,1.8397129403867416,-1.267204163055978,0.4855085796131015,0.5968573514759201,1.530230787417885,-1.285127710435928,-0.4277444326750994,-0.5939431423763045,-1.386442536572691,1.3473584331150033,-0.7849619205692984,1.7289770681323857,-1.8397129403867416,-1.476725324763622,-0.8049758569330404,-1.900751261254525,-1.5013586786983293,1.6792024259418357,-1.595432656117448,-1.6530138254751092,-1.138013903487579,-1.068153668947269,-1.0227541862332765,-0.6755077198756877,-0.6050786879235088,-0.9607689228305228,-0.7220098160289725,-0.3157637485020014,0.0,0.0,0.0,0.0,0.0
413,-1.4381951499469472,-0.7365752518455452,-1.0080322575483704,-0.35543859307757086,1.0778218827997421,-0.2059411517241128,1.7859779892910521,-1.6754422099806283,0.24908141418572083,-0.5615197653706532,-0.4277444326750994,-0.5939431423763045,-0.192331486469891,0.11351371414522002,-1.52678719888196,1.7289770681323857,-1.0778218827997421,-0.45259071889725494,-0.425318019742888,0.5496528743225574,-0.7857444371833963,0.9353147593993804,-1.42363828503048,0.11018669322846389,-0.2812300159971403,-0.7434869002702875,-0.3010754785296518,-0.6755077198756877,-0.6050786879235088,-0.9607689228305228,-0.7220098160289725,-0.3157637485020014,0.0,1.0,0.0,0.0,1.0
628,0.5229800545261627,-0.7365752518455452,-1.0080322575483704,0.5543871571209893,-1.2078512899612566,0.2953987142596425,0.4855085796131015,0.5968573514759201,-2.709597583668896,2.3329120148904456,-0.4277444326750994,-0.5939431423763045,-0.9087981165315709,0.11351371414522002,0.06423042578106315,-0.5783766704784492,1.2078512899612566,2.649380669817158,-0.6531127220569795,-0.9205896070236921,1.0032911666039361,0.1914270928569252,0.8258963234946226,0.34940502072981583,0.8021191834505348,2.990180939514999,-0.4765435122980702,1.4803679818552302,1.6526776102985388,-0.9607689228305228,-0.7220098160289725,-0.3157637485020014,0.0,0.0,0.0,0.0,0.0
252,-0.011885910330140019,-1.439414232614195,-1.0080322575483704,-0.8103514681768509,-0.445960232374257,1.821866831557408,-0.8149608300648491,-1.6754422099806283,0.22334833892089753,0.16208817969462153,-0.4277444326750994,-0.5939431423763045,-0.6699759065110109,-1.1203310048245632,-0.2769198957763634,1.7289770681323857,0.445960232374257,-0.0049300974800779735,-0.577181154618949,-0.4305087799082756,-0.4279373164259298,-0.55246057368553,0.16201575450658565,1.4645232930193193,1.7424408002423197,0.23051340576065682,0.3555674212138865,1.4803679818552302,-0.6050786879235088,1.0408329997330665,1.3850227210205581,-0.3157637485020014,0.0,0.0,0.0,0.0,0.0
874,-1.6164838048990482,-1.439414232614195,0.9920317455237933,-0.8103514681768509,1.0778218827997421,-0.2059411517241128,0.4855085796131015,0.5968573514759201,1.5140462235462246,-1.285127710435928,-0.4277444326750994,-0.5939431423763045,0.5241351435917889,0.11351371414522002,-1.8665566003199052,-0.5783766704784492,-1.0778218827997421,-1.4692935429421061,-0.19752331742879659,2.019895355668807,-1.1435515579408628,0.1914270928569252,-1.5780238805478457,0.11018669322846389,-0.2812300159971403,-1.068153668947269,-0.3010754785296518,-0.6755077198756877,-0.6050786879235088,-0.9607689228305228,-0.7220098160289725,-0.3157637485020014,0.0,1.0,0.0,0.0,1.0
418,-0.9033291850906445,-0.033736271076895225,0.9920317455237933,0.5543871571209893,-0.445960232374257,-1.1206988201340402,-0.8149608300648491,0.5968573514759201,-1.057767053625656,0.8856961247598962,-0.4277444326750994,-0.5939431423763045,-0.9087981165315709,-1.1203310048245632,0.5173565588177906,1.7289770681323857,0.445960232374257,1.0191889048121918,-0.6531127220569795,-0.9205896070236921,0.6454840458464697,0.9353147593993804,0.5229218364815291,0.32499702587894247,-0.8399868859142455,0.8798469431146198,-0.9225549050127146,-0.6755077198756877,1.6526776102985388,1.0408329997330665,1.3850227210205581,-0.3157637485020014,0.0,0.0,0.0,0.0,0.0
202,-0.011885910330140019,-1.439414232614195,-1.0080322575483704,0.09947428202170919,-0.445960232374257,1.3790631913411338,-0.8149608300648491,0.5968573514759201,1.664889585189342,-1.285127710435928,-0.4277444326750994,-0.5939431423763045,-0.9087981165315709,2.5812031520847865,-0.49504293049489884,1.7289770681323857,0.445960232374257,-1.5385592310289276,-0.6531127220569795,-0.9205896070236921,0.28767692508900317,0.9353147593993804,0.06290425574136616,1.2930449170239444,1.353831499590657,-1.068153668947269,-0.13523460459953043,1.4803679818552302,-0.6050786879235088,1.0408329997330665,-0.7220098160289725,-0.3157637485020014,0.0,0.0,0.0,0.0,0.0
134,-0.7250405301385436,1.3719416904604045,0.9920317455237933,0.09947428202170919,-1.2078512899612566,-1.0017807618014185,1.7859779892910521,0.5968573514759201,-1.8135037735536776,0.8856961247598962,-0.4277444326750994,-0.5939431423763045,-0.9087981165315709,1.3473584331150033,-0.4529711412824689,-0.5783766704784492,1.2078512899612566,1.3662152727483532,-0.6531127220569795,-0.9205896070236921,0.6454840458464697,0.9353147593993804,0.5908884870158521,-1.0262427127957228,-0.6209043738015247,1.3668470961300918,-0.8851006989798208,-0.6755077198756877,1.6526776102985388,-0.9607689228305228,-0.7220098160289725,-0.3157637485020014,0.0,0.0,0.0,0.0,0.0
702,1.0578460193824655,-0.033736271076895225,-1.0080322575483704,0.5543871571209893,-0.445960232374257,0.6005154179042738,-0.8149608300648491,0.5968573514759201,-1.185098876893154,0.16208817969462153,-0.4277444326750994,-0.5939431423763045,-0.431153696490451,2.5812031520847865,0.18149639668790798,-0.5783766704784492,0.445960232374257,0.6418140778992806,-0.5012495871809185,0.059572047207140884,0.6454840458464697,0.1914270928569252,0.3703125346387582,0.11018669322846389,0.67056948843954,0.23051340576065682,0.06578064593577665,1.4803679818552302,-0.6050786879235088,-0.9607689228305228,-0.7220098160289725,-0.3157637485020014,0.0,0.0,1.0,0.0,1.0
339,-0.011885910330140019,-0.7365752518455452,0.9920317455237933,0.5543871571209893,-0.445960232374257,1.69995534541146,1.7859779892910521,0.5968573514759201,-0.1506539499243768,0.16208817969462153,-0.4277444326750994,0.9421167085968966,0.5241351435917889,-1.1203310048245632,1.4800145847444912,-0.5783766704784492,0.445960232374257,0.1668078272169623,0.4858607895134778,-0.18546836635056735,0.6454840458464697,0.9353147593993804,0.9603377190868654,-0.32930200510451585,1.6354499513201146,0.23051340576065682,1.9970635471236151,1.4803679818552302,-0.6050786879235088,-0.9607689228305228,1.3850227210205581,-0.3157637485020014,0.0,0.0,0.0,0.0,0.0
913,1.4144233292866673,0.6691027096917547,-1.0080322575483704,-1.265264343276131,-1.2078512899612566,-0.24079753526182993,-0.8149608300648491,0.5968573514759201,0.0012378261655567933,0.16208817969462153,-0.4277444326750994,-0.5939431423763045,-0.431153696490451,-1.1203310048245632,1.3163976628155984,-0.5783766704784492,1.2078512899612566,0.09706071822259886,-0.5012495871809185,0.059572047207140884,-0.4279373164259298,-0.55246057368553,1.3948604025399165,1.015066964936452,0.21390459290197003,0.5551801744376382,-0.3758499066178715,-0.6755077198756877,-0.6050786879235088,1.0408329997330665,1.3850227210205581,-0.3157637485020014,0.0,0.0,0.0,0.0,0.0
722,-0.9033291850906445,1.3719416904604045,-1.0080322575483704,-0.8103514681768509,1.8397129403867416,0.8923016072123209,1.7859779892910521,-1.6754422099806283,1.5408049590304915,-1.285127710435928,2.3378445716897667,0.9421167085968966,-0.192331486469891,-1.1203310048245632,-0.09827696548835413,1.7289770681323857,-1.8397129403867416,-1.4815808733586486,0.030271384885294857,-0.9205896070236921,-1.5013586786983293,0.9353147593993804,-1.283414371733033,-1.6900393830893992,-0.6642124535224718,-1.068153668947269,0.47269408518210554,1.4803679818552302,-0.6050786879235088,-0.9607689228305228,1.3850227210205581,3.166924654093602,0.0,0.0,0.0,0.0,0.0
384,-1.6164838048990482,-0.033736271076895225,0.9920317455237933,0.09947428202170919,-1.2078512899612566,0.06938809698904537,-0.8149608300648491,0.5968573514759201,-0.35548679605353456,-0.5615197653706532,-0.4277444326750994,-0.5939431423763045,0.04649072355066898,0.11351371414522002,0.09864640890486916,-0.5783766704784492,1.2078512899612566,-0.17497934361701636,-0.34938645230485754,1.039733701437974,0.6454840458464697,-0.55246057368553,0.8415343769137867,1.1351882187940299,0.5541824572684749,-0.25648674725481535,0.12167916836874175,-0.6755077198756877,-0.6050786879235088,1.0408329997330665,-0.7220098160289725,-0.3157637485020014,0.0,0.0,0.0,0.0,0.0
920,0.8795573644303645,-1.439414232614195,0.9920317455237933,-0.8103514681768509,0.31593082521274257,-0.2059411517241128,0.4855085796131015,0.5968573514759201,0.08362553102779736,0.16208817969462153,-0.4277444326750994,-0.5939431423763045,-0.192331486469891,1.3473584331150033,-0.5552820980565748,-0.5783766704784492,-0.31593082521274257,0.05922914907023209,-0.425318019742888,0.5496528743225574,-0.7857444371833963,0.1914270928569252,-0.4733349317286076,0.11018669322846389,-0.2812300159971403,-0.09415336291632463,-0.3010754785296518,-0.6755077198756877,-0.6050786879235088,-0.9607689228305228,-0.7220098160289725,-0.3157637485020014,0.0,1.0,0.0,0.0,1.0
258,-0.5467518751864427,0.6691027096917547,0.9920317455237933,1.4642129073195493,-1.2078512899612566,-0.8187850462853783,-0.8149608300648491,0.5968573514759201,-0.8736717735438235,0.8856961247598962,-0.4277444326750994,-0.5939431423763045,-0.431153696490451,0.11351371414522002,0.2506791542577718,-0.5783766704784492,1.2078512899612566,0.9346542848627026,-0.5012495871809185,0.059572047207140884,1.718905408118869,-0.55246057368553,0.9106155414627809,0.7912378209675403,-0.4201555808540302,1.3668470961300918,-0.6792529897414961,-0.6755077198756877,1.6526776102985388,1.0408329997330665,-0.7220098160289725,-0.3157637485020014,0.0,0.0,0.0,0.0,0.0
505,-1.2599064949948464,1.3719416904604045,0.9920317455237933,-0.35543859307757086,1.8397129403867416,-0.9438342386976574,-0.8149608300648491,-1.6754422099806283,0.49346821807190744,0.16208817969462153,-0.4277444326750994,2.4781765595700977,1.4794239836740288,0.11351371414522002,-2.205420825029975,-0.5783766704784492,-1.8397129403867416,-0.12896631022101485,2.0804237057121178,-0.2671485042031369,-1.1435515579408628,-2.0402359067704405,-2.240865684945263,-0.6544797045955957,-1.0670656610028904,-0.7434869002702875,-0.25707553061309846,-0.6755077198756877,-0.6050786879235088,1.0408329997330665,-0.7220098160289725,-0.3157637485020014,0.0,0.0,0.0,0.0,0.0
439,-1.0816178400427454,-1.439414232614195,-1.0080322575483704,1.0093000322202692,0.31593082521274257,-0.61765530239713,-0.8149608300648491,0.5968573514759201,0.1704747428045882,-1.285127710435928,-0.4277444326750994,-0.5939431423763045,0.04649072355066898,-1.1203310048245632,-1.2431349294872291,-0.5783766704784492,-0.31593082521274257,-0.8523396240313141,-0.34938645230485754,1.039733701437974,0.6454840458464697,0.1914270928569252,-0.7858838798072149,0.11018669322846389,-0.597507312689631,-1.068153668947269,-0.38323056461511174,-0.6755077198756877,-0.6050786879235088,-0.9607689228305228,1.3850227210205581,-0.3157637485020014,0.0,0.0,1.0,0.0,1.0
50,1.771000639190869,1.3719416904604045,-1.0080322575483704,-0.8103514681768509,-0.445960232374257,0.6166528365076023,-0.8149608300648491,0.5968573514759201,0.42945834748530415,0.16208817969462153,-0.4277444326750994,-0.5939431423763045,-1.147620326552131,-1.1203310048245632,-0.5713363516756925,-0.5783766704784492,0.445960232374257,-0.09957364963433807,-0.72904428949501,-1.4106704341391085,-0.4279373164259298,-0.55246057368553,0.028237787209457767,0.9977969162959988,0.6847318628832092,0.23051340576065682,-0.600168717113644,1.4803679818552302,-0.6050786879235088,1.0408329997330665,1.3850227210205581,-0.3157637485020014,0.0,0.0,0.0,0.0,0.0
416,1.4144233292866673,1.3719416904604045,0.9920317455237933,0.5543871571209893,-1.2078512899612566,-0.2115004344545991,-0.8149608300648491,0.5968573514759201,0.6486767351540215,0.16208817969462153,-0.4277444326750994,0.9421167085968966,1.4794239836740288,0.11351371414522002,0.2962349108824264,-0.5783766704784492,1.2078512899612566,-0.20023643185926698,1.0933133290177217,0.7946932878802656,1.0032911666039361,-0.55246057368553,0.9313153236855964,1.0264124436351882,0.24604391161403655,0.5551801744376382,0.7424271534375524,-0.6755077198756877,-0.6050786879235088,1.0408329997330665,-0.7220098160289725,-0.3157637485020014,0.0,0.0,0.0,0.0,0.0
444,-1.2599064949948464,-1.439414232614195,0.9920317455237933,-1.265264343276131,-0.445960232374257,1.64495005994233,-0.8149608300648491,0.5968573514759201,-1.1495248541871448,1.609304069825171,2.3378445716897667,-0.5939431423763045,-0.431153696490451,0.11351371414522002,-0.20171966660583926,1.7289770681323857,0.445960232374257,1.4971673869466124,-0.5012495871809185,0.059572047207140884,-0.7857444371833963,0.9353147593993804,0.19618549467270904,1.396011207915229,1.5871767133045838,1.5291804804685827,0.6140359014071268,1.4803679818552302,1.6526776102985388,1.0408329997330665,-0.7220098160289725,-0.3157637485020014,0.0,0.0,0.0,0.0,0.0
459,1.4144233292866673,-0.033736271076895225,-1.0080322575483704,1.0093000322202692,1.0778218827997421,-0.005286865920175784,1.7859779892910521,0.5968573514759201,0.6987496146365216,-0.5615197653706532,-0.4277444326750994,-0.5939431423763045,-0.192331486469891,0.11351371414522002,0.36533714658792543,-0.5783766704784492,-1.0778218827997421,-0.6590736358497269,-0.425318019742888,0.5496528743225574,0.28767692508900317,0.9353147593993804,-0.5638882821402812,-1.6883130558915116,-0.5277936062214356,-0.7434869002702875,-0.0927114398799004,-0.6755077198756877,-0.6050786879235088,-0.9607689228305228,-0.7220098160289725,-0.3157637485020014,0.0,0.0,0.0,0.0,0.0
768,-1.0816178400427454,1.3719416904604045,0.9920317455237933,-0.8103514681768509,0.31593082521274257,-1.1361557998250418,-0.8149608300648491,0.5968573514759201,0.06221510621203234,0.16208817969462153,-0.4277444326750994,-0.5939431423763045,-1.386442536572691,-1.1203310048245632,-0.09920466504774421,-0.5783766704784492,-0.31593082521274257,0.06906059137528886,-0.8049758569330404,-1.900751261254525,-0.7857444371833963,-0.55246057368553,-0.2661008906433636,-0.030311650785774715,-0.9387885783448537,-0.09415336291632463,-1.008995938283538,-0.6755077198756877,-0.6050786879235088,1.0408329997330665,1.3850227210205581,-0.3157637485020014,0.0,0.0,0.0,0.0,0.0
994,-0.9033291850906445,0.6691027096917547,0.9920317455237933,0.09947428202170919,-0.445960232374257,-1.212072416049042,0.4855085796131015,-1.6754422099806283,-0.9938872341483658,0.8856961247598962,-0.4277444326750994,-0.5939431423763045,-0.431153696490451,-1.1203310048245632,-0.8912135329147467,-0.5783766704784492,0.445960232374257,0.9898559623296126,-0.5012495871809185,0.059572047207140884,0.28767692508900317,-1.2963482402279851,-0.11710911250843058,-0.583695119855743,-0.920177349545514,0.8798469431146198,-0.8857013960895269,-0.6755077198756877,1.6526776102985388,-0.9607689228305228,1.3850227210205581,-0.3157637485020014,0.0,0.0,0.0,0.0,0.0
640,-0.36846322023434186,-0.7365752518455452,-1.0080322575483704,0.5543871571209893,-0.445960232374257,-0.3847173192248177,-0.8149608300648491,-1.6754422099806283,-0.24316692139523322,1.609304069825171,-0.4277444326750994,-0.5939431423763045,-0.9087981165315709,0.11351371414522002,0.45220983151359445,-0.5783766704784492,0.445960232374257,1.0809773393108943,-0.6531127220569795,-0.9205896070236921,0.6454840458464697,-2.0402359067704405,0.49332024125753227,0.6100102937845785,-0.1940814994517469,1.5291804804685827,-0.6907515678412514,-0.6755077198756877,1.6526776102985388,1.0408329997330665,-0.7220098160289725,-0.3157637485020014,0.0,0.0,0.0,0.0,0.0
544,0.1664027446219609,0.6691027096917547,-1.0080322575483704,-0.35543859307757086,0.31593082521274257,1.936847786271374,-0.8149608300648491,0.5968573514759201,-0.5241094559904153,1.609304069825171,-0.4277444326750994,-0.5939431423763045,-0.9087981165315709,0.11351371414522002,0.7510518131930262,-0.5783766704784492,-0.31593082521274257,1.2099832018136865,-0.6531127220569795,-0.9205896070236921,-0.4279373164259298,0.1914270928569252,0.12024158805000992,0.11018669322846389,1.0838875009039113,0.8798469431146198,0.040444173152262765,1.4803679818552302,1.6526776102985388,-0.9607689228305228,-0.7220098160289725,-0.3157637485020014,0.0,0.0,1.0,0.0,1.0
783,-0.36846322023434186,0.6691027096917547,0.9920317455237933,-1.265264343276131,-0.445960232374257,-0.2059411517241128,-0.8149608300648491,0.5968573514759201,-1.1229006602346163,0.8856961247598962,-0.4277444326750994,-0.5939431423763045,-0.6699759065110109,-1.1203310048245632,-1.0485477824167193,-0.5783766704784492,0.445960232374257,1.0490975731831595,-0.577181154618949,-0.4305087799082756,-0.7857444371833963,0.1914270928569252,-0.18859919284480295,0.11018669322846389,-0.2812300159971403,0.8798469431146198,-0.3010754785296518,-0.6755077198756877,1.6526776102985388,-0.9607689228305228,1.3850227210205581,-0.3157637485020014,0.0,1.0,1.0,1.0,1.0
423,0.3446913995740618,1.3719416904604045,0.9920317455237933,2.3740386575181094,-1.2078512899612566,-1.004077087300332,0.4855085796131015,0.5968573514759201,0.1938575488020885,-0.5615197653706532,-0.4277444326750994,-0.5939431423763045,-0.6699759065110109,-1.1203310048245632,0.4363396267047621,-0.5783766704784492,1.2078512899612566,-0.42723249966278043,-0.577181154618949,-0.4305087799082756,2.434519649633802,0.1914270928569252,0.994976588930439,-0.1538248081576721,-0.623423474157626,-0.25648674725481535,-0.8311711589295367,-0.6755077198756877,-0.6050786879235088,-0.9607689228305228,1.3850227210205581,-0.3157637485020014,0.0,0.0,0.0,0.0,0.0
372,-0.011885910330140019,-0.033736271076895225,0.9920317455237933,1.9191257824188295,-1.2078512899612566,1.5791182591493944,0.4855085796131015,0.5968573514759201,-1.1893052953908267,1.609304069825171,-0.4277444326750994,2.4781765595700977,2.6735350337768287,-1.1203310048245632,-0.02098617877638309,-0.5783766704784492,1.2078512899612566,1.5154341479253917,3.2193972172825753,0.5496528743225574,2.0767125288763357,0.1914270928569252,0.7871753080444652,0.8465331443461899,2.210377012837453,2.1785140178225455,4.81555768209563,1.4803679818552302,1.6526776102985388,-0.9607689228305228,1.3850227210205581,-0.3157637485020014,0.0,0.0,0.0,0.0,0.0
726,1.2361346743345663,-0.7365752518455452,0.9920317455237933,1.4642129073195493,1.8397129403867416,-0.9633084257590999,1.7859779892910521,-1.6754422099806283,0.5347416332241365,-0.5615197653706532,-0.4277444326750994,-0.5939431423763045,-1.147620326552131,-1.1203310048245632,-0.9484395536464326,1.7289770681323857,-1.8397129403867416,-0.5837628925693127,-0.72904428949501,-1.4106704341391085,0.28767692508900317,0.9353147593993804,-1.6697141883259694,-2.4086355418275014,-1.0713383507051535,-0.9058202846087783,-0.9319164514816143,-0.6755077198756877,-0.6050786879235088,-0.9607689228305228,1.3850227210205581,-0.3157637485020014,0.0,0.0,0.0,0.0,0.0
730,0.3446913995740618,-0.7365752518455452,-1.0080322575483704,2.3740386575181094,0.31593082521274257,-1.0426121537482131,-0.8149608300648491,-1.6754422099806283,0.4381406679978869,1.609304069825171,-0.4277444326750994,2.4781765595700977,3.8676460838796287,-1.1203310048245632,0.017656644968489975,-0.5783766704784492,-0.31593082521274257,0.7681280467464754,4.358370728853033,1.3664542528482517,1.718905408118869,0.1914270928569252,0.10284725221249368,0.11018669322846389,-0.8772173858667928,0.8798469431146198,0.11418197462066648,-0.6755077198756877,1.6526776102985388,-0.9607689228305228,1.3850227210205581,-0.3157637485020014,1.0,0.0,1.0,0.0,1.0
298,1.0578460193824655,-0.033736271076895225,0.9920317455237933,0.5543871571209893,-0.445960232374257,0.34243885646887934,0.4855085796131015,0.5968573514759201,0.16896220093381054,0.16208817969462153,-0.4277444326750994,0.9421167085968966,0.04649072355066898,0.11351371414522002,1.4800145847444912,-0.5783766704784492,0.445960232374257,0.020043446128510035,0.18213451976135583,-0.6755491934659839,0.6454840458464697,0.1914270928569252,0.9603377190868654,0.01829873084449287,0.44407868541675927,0.23051340576065682,0.3223447830637885,1.4803679818552302,-0.6050786879235088,-0.9607689228305228,-0.7220098160289725,-0.3157637485020014,0.0,0.0,0.0,0.0,0.0
803,-0.7250405301385436,1.3719416904604045,0.9920317455237933,-0.8103514681768509,1.8397129403867416,0.04588293464814832,1.7859779892910521,0.5968573514759201,1.556545899525805,-1.285127710435928,2.3378445716897667,-0.5939431423763045,-0.9087981165315709,0.11351371414522002,-1.760493077612358,-0.5783766704784492,-1.8397129403867416,-1.4888089479829807,-0.6531127220569795,-0.9205896070236921,-1.5013586786983293,0.9353147593993804,-2.038697876553564,-2.0178201107107316,-0.8499190165054553,-1.068153668947269,-0.5551305288459462,-0.6755077198756877,-0.6050786879235088,-0.9607689228305228,-0.7220098160289725,3.166924654093602,0.0,0.0,0.0,0.0,0.0
915,0.8795573644303645,1.3719416904604045,0.9920317455237933,0.5543871571209893,0.31593082521274257,-1.0426115835298968,-0.8149608300648491,-1.6754422099806283,0.9348348932229781,0.8856961247598962,2.3378445716897667,0.9421167085968966,-0.6699759065110109,0.11351371414522002,-0.1406863534195602,-0.5783766704784492,-0.31593082521274257,0.1042070094991455,-0.27345488486682706,-1.4106704341391085,0.28767692508900317,-2.0402359067704405,-0.28494948364569245,0.005913910246688464,-0.877217010544436,0.3928467900991475,-0.8473534946924136,-0.6755077198756877,1.6526776102985388,1.0408329997330665,-0.7220098160289725,3.166924654093602,0.0,0.0,0.0,0.0,0.0
613,0.3446913995740618,0.6691027096917547,-1.0080322575483704,0.5543871571209893,-1.2078512899612566,0.13310520924444272,-0.8149608300648491,-1.6754422099806283,0.3357380903164228,0.16208817969462153,-0.4277444326750994,-0.5939431423763045,-0.431153696490451,0.11351371414522002,1.4800145847444912,-0.5783766704784492,1.2078512899612566,-0.05653829143385599,-0.5012495871809185,0.059572047207140884,1.0032911666039361,0.1914270928569252,1.469205225298549,0.11018669322846389,0.6240809974572471,0.5551801744376382,-0.17957707492520525,-0.6755077198756877,-0.6050786879235088,-0.9607689228305228,-0.7220098160289725,-0.3157637485020014,0.0,0.0,1.0,0.0,1.0
408,-0.011885910330140019,0.6691027096917547,0.9920317455237933,1.4642129073195493,-0.445960232374257,-0.26060234291883394,-0.8149608300648491,0.5968573514759201,0.4393071341799024,0.16208817969462153,-0.4277444326750994,0.9421167085968966,0.5241351435917889,1.3473584331150033,0.24689091929356224,-0.5783766704784492,0.445960232374257,-0.10409610909023155,0.4858607895134778,-0.18546836635056735,1.3610982873614026,0.1914270928569252,0.4000267239486855,0.6580745657116556,-0.08515684354984777,0.23051340576065682,0.14458295769021395,-0.6755077198756877,-0.6050786879235088,1.0408329997330665,-0.7220098160289725,-0.3157637485020014,0.0,0.0,0.0,1.0,1.0
421,-0.9033291850906445,-1.439414232614195,0.9920317455237933,0.09947428202170919,0.31593082521274257,0.09686106655678083,1.7859779892910521,0.5968573514759201,0.7025348204409227,-0.5615197653706532,-0.4277444326750994,-0.5939431423763045,-0.9087981165315709,0.11351371414522002,-0.24390900916575392,-0.5783766704784492,-0.31593082521274257,-0.6608117626173627,-0.6531127220569795,-0.9205896070236921,-0.07013019566846333,0.9353147593993804,-0.33185215089829556,-1.299432785754874,-0.12720679815277097,-0.5811535159317968,-0.5390745531392339,-0.6755077198756877,-0.6050786879235088,-0.9607689228305228,-0.7220098160289725,-0.3157637485020014,0.0,0.0,0.0,0.0,0.0
529,0.5229800545261627,1.3719416904604045,-1.0080322575483704,-0.35543859307757086,-0.445960232374257,-0.7834921457892323,-0.8149608300648491,0.5968573514759201,-0.40977722340336514,-0.5615197653706532,-0.4277444326750994,-0.5939431423763045,-0.6699759065110109,0.11351371414522002,-0.21877977441885743,1.7289770681323857,0.445960232374257,-0.15004974932826975,-0.577181154618949,-0.4305087799082756,-0.07013019566846333,0.9353147593993804,0.18843366389231336,0.45558234099334993,-0.5440506333843312,-0.41882013159330606,-0.7385378060370583,-0.6755077198756877,-0.6050786879235088,1.0408329997330665,-0.7220098160289725,-0.3157637485020014,0.0,0.0,0.0,0.0,0.0
32,0.7012687094782636,0.6691027096917547,-1.0080322575483704,0.5543871571209893,1.0778218827997421,0.11218069118114135,-0.8149608300648491,0.5968573514759201,0.5958418232726852,-0.5615197653706532,-0.4277444326750994,0.9421167085968966,0.762957353612349,1.3473584331150033,0.017656644968489975,1.7289770681323857,-1.0778218827997421,-0.6118194583992442,0.6377239243895387,0.059572047207140884,-0.07013019566846333,0.9353147593993804,0.10284725221249368,0.10379130395087684,-0.47624820204171137,-0.7434869002702875,0.6686603328705668,-0.6755077198756877,-0.6050786879235088,1.0408329997330665,-0.7220098160289725,-0.3157637485020014,1.0,0.0,0.0,0.0,1.0
403,0.7012687094782636,-1.439414232614195,-1.0080322575483704,0.5543871571209893,-1.2078512899612566,0.9366526990644959,-0.8149608300648491,-1.6754422099806283,1.403994011503268,-1.285127710435928,-0.4277444326750994,-0.5939431423763045,-0.9087981165315709,-1.1203310048245632,1.4482211092831088,-0.5783766704784492,1.2078512899612566,-1.4187587225191354,-0.6531127220569795,-0.9205896070236921,1.0032911666039361,0.1914270928569252,1.45475879597943,1.4710416581414045,1.5055835408499931,-1.068153668947269,-0.2745753738752566,1.4803679818552302,-0.6050786879235088,1.0408329997330665,1.3850227210205581,-0.3157637485020014,0.0,0.0,0.0,1.0,1.0
843,-0.011885910330140019,-0.033736271076895225,-1.0080322575483704,-0.35543859307757086,0.31593082521274257,0.25351281751909477,-0.8149608300648491,0.5968573514759201,0.9614184277359636,-0.5615197653706532,2.3378445716897667,0.9421167085968966,1.001779563632909,-1.1203310048245632,1.0283044537260684,1.7289770681323857,-0.31593082521274257,-0.7796883972823637,0.7895870592655997,0.3046124607648491,-0.4279373164259298,0.1914270928569252,0.24622060157007683,0.11018669322846389,-0.024097335190378752,-0.5811535159317968,1.0037214906095462,-0.6755077198756877,-0.6050786879235088,-0.9607689228305228,1.3850227210205581,3.166924654093602,0.0,0.0,1.0,0.0,1.0
755,-0.36846322023434186,0.6691027096917547,0.9920317455237933,0.09947428202170919,-0.445960232374257,-0.2059411517241128,0.4855085796131015,0.5968573514759201,0.20065090443651193,-0.5615197653706532,-0.4277444326750994,-0.5939431423763045,-0.6699759065110109,2.5812031520847865,-0.9647096837016313,-0.5783766704784492,0.445960232374257,-0.4303519372522854,-0.577181154618949,-0.4305087799082756,0.28767692508900317,0.1914270928569252,-0.15050454764604568,0.11018669322846389,-0.2812300159971403,-0.41882013159330606,-0.3010754785296518,-0.6755077198756877,-0.6050786879235088,-0.9607689228305228,-0.7220098160289725,-0.3157637485020014,0.0,1.0,0.0,1.0,1.0
597,0.1664027446219609,-0.7365752518455452,0.9920317455237933,0.5543871571209893,-1.2078512899612566,0.0626806417518801,-0.8149608300648491,0.5968573514759201,-0.4840173972723162,-0.5615197653706532,-0.4277444326750994,2.4781765595700977,1.957068403715149,0.11351371414522002,0.3449818920497561,-0.5783766704784492,1.2078512899612566,-0.11595944087383211,2.536013110340301,0.059572047207140884,1.0032911666039361,-0.55246057368553,0.9534651455510776,1.1325907163648066,0.5468242874948648,-0.25648674725481535,1.4499294432493202,-0.6755077198756877,-0.6050786879235088,1.0408329997330665,-0.7220098160289725,-0.3157637485020014,0.0,0.0,0.0,0.0,0.0
237,-0.9033291850906445,-0.7365752518455452,0.9920317455237933,0.09947428202170919,-0.445960232374257,1.7350762754123172,-0.8149608300648491,0.5968573514759201,0.17529118935191293,0.8856961247598962,-0.4277444326750994,0.9421167085968966,1.240601773653469,-1.1203310048245632,-0.595488040823852,-0.5783766704784492,0.445960232374257,0.45298150449557684,0.9414501941416606,0.5496528743225574,0.28767692508900317,-0.55246057368553,0.017263659179950964,1.430913127546816,1.6662724622624439,0.8798469431146198,3.0569253168884343,1.4803679818552302,1.6526776102985388,1.0408329997330665,1.3850227210205581,-0.3157637485020014,0.0,0.0,0.0,0.0,0.0
776,0.1664027446219609,1.3719416904604045,0.9920317455237933,0.5543871571209893,-0.445960232374257,-0.48922719576840556,-0.8149608300648491,0.5968573514759201,-0.5428357640682611,-0.5615197653706532,-0.4277444326750994,0.9421167085968966,0.5241351435917889,0.11351371414522002,1.0950761201790462,-0.5783766704784492,0.445960232374257,-0.08895066432652116,0.4858607895134778,-0.18546836635056735,0.6454840458464697,-0.55246057368553,0.785428048475073,0.5695382147916904,-0.28580050613145447,-0.41882013159330606,-0.07143879198173365,-0.6755077198756877,-0.6050786879235088,1.0408329997330665,-0.7220098160289725,-0.3157637485020014,0.0,0.0,0.0,0.0,0.0
38,-1.2599064949948464,-0.033736271076895225,0.9920317455237933,0.09947428202170919,0.31593082521274257,-0.6709799477398914,1.7859779892910521,0.5968573514759201,-0.7386371492046792,0.8856961247598962,-0.4277444326750994,-0.5939431423763045,-0.431153696490451,0.11351371414522002,1.2396300984981592,-0.5783766704784492,-0.31593082521274257,0.8726478029830074,-0.5012495871809185,0.059572047207140884,-0.07013019566846333,0.9353147593993804,0.3422434787866682,-1.5967838420603853,-0.6326060301324696,0.3928467900991475,-0.6016656340550776,-0.6755077198756877,1.6526776102985388,-0.9607689228305228,-0.7220098160289725,-0.3157637485020014,0.0,0.0,0.0,0.0,0.0
541,-1.6164838048990482,1.3719416904604045,0.9920317455237933,1.0093000322202692,-1.2078512899612566,-1.151840110030411,-0.8149608300648491,0.5968573514759201,0.7496830835255119,-0.5615197653706532,-0.4277444326750994,-0.5939431423763045,-0.192331486469891,0.11351371414522002,0.7292275561591565,-0.5783766704784492,1.2078512899612566,-0.6824617500551863,-0.425318019742888,0.5496528743225574,1.3610982873614026,-0.55246057368553,1.1280600190960115,0.6622602420566264,-0.7855215231293599,-0.25648674725481535,-0.8149439087699065,-0.6755077198756877,-0.6050786879235088,1.0408329997330665,-0.7220098160289725,-0.3157637485020014,0.0,0.0,0.0,0.0,0.0
262,1.5927119842387683,-1.439414232614195,-1.0080322575483704,-0.8103514681768509,1.0778218827997421,-1.2333658231703286,-0.8149608300648491,-1.6754422099806283,-0.6835455351761248,0.8856961247598962,-0.4277444326750994,0.9421167085968966,0.762957353612349,-1.1203310048245632,-1.0197097430170736,-0.5783766704784492,-1.0778218827997421,0.8473503121823871,0.6377239243895387,0.059572047207140884,-1.1435515579408628,-2.0402359067704405,-1.1932306772064152,-0.41727968587778236,-1.0666813449140418,-0.09415336291632463,-0.7439755914508142,-0.6755077198756877,1.6526776102985388,1.0408329997330665,1.3850227210205581,-0.3157637485020014,0.0,0.0,0.0,0.0,0.0
485,1.771000639190869,0.6691027096917547,0.9920317455237933,-0.35543859307757086,-0.445960232374257,0.26551059834905033,1.7859779892910521,-1.6754422099806283,-0.5154186050344611,0.8856961247598962,-0.4277444326750994,-0.5939431423763045,-0.9087981165315709,0.11351371414522002,1.4800145847444912,-0.5783766704784492,0.445960232374257,0.7701481908869243,-0.6531127220569795,-0.9205896070236921,-0.07013019566846333,-0.55246057368553,0.9603377190868654,-0.8847993708470794,0.37656560767038844,0.8798469431146198,-0.4859570165794737,-0.6755077198756877,1.6526776102985388,-0.9607689228305228,-0.7220098160289725,-0.3157637485020014,0.0,0.0,0.0,0.0,0.0
577,0.1664027446219609,-1.439414232614195,0.9920317455237933,0.5543871571209893,0.31593082521274257,-0.6379396867518098,0.4855085796131015,0.5968573514759201,-0.5594596487575126,0.8856961247598962,-0.4277444326750994,2.4781765595700977,-0.192331486469891,1.3473584331150033,-0.5449230744845652,-0.5783766704784492,-0.31593082521274257,0.7903713758140559,0.4858607895134778,-1.4106704341391085,0.28767692508900317,0.1914270928569252,-0.4686279627773873,-0.7106816315276256,-0.6108586602774212,0.3928467900991475,-0.49122970415296113,-0.6755077198756877,1.6526776102985388,-0.9607689228305228,-0.7220098160289725,-0.3157637485020014,0.0,0.0,0.0,0.0,0.0
27,1.0578460193824655,-0.7365752518455452,0.9920317455237933,-0.35543859307757086,0.31593082521274257,1.889413484998806,-0.8149608300648491,0.5968573514759201,0.14909258892147073,-0.5615197653706532,-0.4277444326750994,-0.5939431423763045,-0.431153696490451,-1.1203310048245632,1.2510819208149802,1.7289770681323857,-0.31593082521274257,-0.40667690003589146,-0.5012495871809185,0.059572047207140884,-0.4279373164259298,0.9353147593993804,0.34744699741035556,1.141358273087658,1.0526658560760318,-0.5811535159317968,0.7423621289786326,1.4803679818552302,-0.6050786879235088,1.0408329997330665,1.3850227210205581,-0.3157637485020014,0.0,0.0,0.0,0.0,0.0
982,0.1664027446219609,-0.7365752518455452,-1.0080322575483704,0.5543871571209893,-0.445960232374257,-0.4040905617627509,-0.8149608300648491,0.5968573514759201,1.372722655030461,-1.285127710435928,-0.4277444326750994,-0.5939431423763045,1.001779563632909,-1.1203310048245632,-0.8812941624363779,-0.5783766704784492,0.445960232374257,-1.4043992439189308,-0.04566018255273563,3.0000570098996397,0.6454840458464697,0.1914270928569252,-0.11260191465017895,0.6025078889566806,-0.21108366824680042,-1.068153668947269,0.24429061075322633,-0.6755077198756877,-0.6050786879235088,1.0408329997330665,1.3850227210205581,-0.3157637485020014,0.0,0.0,0.0,1.0,1.0
26,0.5229800545261627,-0.7365752518455452,0.9920317455237933,-0.35543859307757086,-0.445960232374257,-0.861617238703853,-0.8149608300648491,0.5968573514759201,-1.17205201295567,0.8856961247598962,-0.4277444326750994,0.9421167085968966,1.001779563632909,-1.1203310048245632,0.4555385676014713,-0.5783766704784492,0.445960232374257,1.0716673583532663,0.7895870592655997,0.3046124607648491,-0.07013019566846333,0.1914270928569252,0.4948327638716114,0.4253279283355323,-0.612614066390592,0.8798469431146198,-0.28408241434675546,-0.6755077198756877,1.6526776102985388,1.0408329997330665,1.3850227210205581,-0.3157637485020014,0.0,0.0,0.0,1.0,1.0
64,1.771000639190869,0.6691027096917547,0.9920317455237933,-0.35543859307757086,-1.2078512899612566,-0.2864065282026108,-0.8149608300648491,0.5968573514759201,-0.6280152818606827,0.16208817969462153,-0.4277444326750994,-0.5939431423763045,-1.386442536572691,0.11351371414522002,0.07820202598090666,-0.5783766704784492,1.2078512899612566,0.38600713942029447,-0.8049758569330404,-1.900751261254525,0.28767692508900317,-0.55246057368553,0.8322447875059622,0.997404607787695,0.16387090629573894,0.5551801744376382,-0.9197841321544621,-0.6755077198756877,-0.6050786879235088,1.0408329997330665,-0.7220098160289725,-0.3157637485020014,0.0,0.0,0.0,0.0,0.0
579,1.0578460193824655,-0.033736271076895225,-1.0080322575483704,1.0093000322202692,-0.445960232374257,-0.2059411517241128,-0.8149608300648491,0.5968573514759201,-0.5654328252252335,-0.5615197653706532,-0.4277444326750994,-0.5939431423763045,0.04649072355066898,0.11351371414522002,0.2078216325858292,1.7289770681323857,0.445960232374257,-0.07857433107109547,-0.34938645230485754,1.039733701437974,1.0032911666039361,0.9353147593993804,0.38227428635635063,0.11018669322846389,-0.2812300159971403,-0.41882013159330606,-0.3010754785296518,-0.6755077198756877,-0.6050786879235088,1.0408329997330665,-0.7220098160289725,-0.3157637485020014,0.0,1.0,0.0,0.0,1.0
828,-0.19017456528224091,0.6691027096917547,0.9920317455237933,0.09947428202170919,-1.2078512899612566,0.05461630448776566,-0.8149608300648491,0.5968573514759201,0.7204296393929227,-1.285127710435928,2.3378445716897667,-0.5939431423763045,-0.6699759065110109,-1.1203310048245632,1.4269079590179692,-0.5783766704784492,1.2078512899612566,-1.1048731390230615,-0.577181154618949,-0.4305087799082756,0.6454840458464697,0.1914270928569252,1.4450744530630022,0.11018669322846389,0.5379775996523259,-1.068153668947269,-0.3865790761943381,-0.6755077198756877,-0.6050786879235088,-0.9607689228305228,1.3850227210205581,3.166924654093602,0.0,0.0,1.0,0.0,1.0
516,-0.011885910330140019,-1.439414232614195,0.9920317455237933,1.0093000322202692,-0.445960232374257,1.4839590013754007,-0.8149608300648491,0.5968573514759201,-0.6318260581494336,0.16208817969462153,-0.4277444326750994,-0.5939431423763045,-0.9087981165315709,-1.1203310048245632,1.4800145847444912,-0.5783766704784492,0.445960232374257,0.38775700788590034,-0.6531127220569795,-0.9205896070236921,1.0032911666039361,-0.55246057368553,0.9603377190868654,1.3336664510849787,1.44588920570797,0.23051340576065682,-0.10219681928670916,1.4803679818552302,-0.6050786879235088,1.0408329997330665,1.3850227210205581,-0.3157637485020014,0.0,0.0,0.0,0.0,0.0
39,-0.9033291850906445,-1.439414232614195,0.9920317455237933,0.5543871571209893,-1.2078512899612566,-0.860516410701575,-0.8149608300648491,0.5968573514759201,-0.32777720462506554,0.8856961247598962,-0.4277444326750994,-0.5939431423763045,-0.431153696490451,-1.1203310048245632,0.2942165283099088,1.7289770681323857,1.2078512899612566,0.6839852297108026,-0.5012495871809185,0.059572047207140884,1.0032911666039361,0.9353147593993804,0.9303982040329102,0.7750770988138884,-0.4659354561422536,1.3668470961300918,-0.7011590420096631,-0.6755077198756877,1.6526776102985388,1.0408329997330665,1.3850227210205581,-0.3157637485020014,0.0,0.0,0.0,0.0,0.0
303,-0.5467518751864427,1.3719416904604045,0.9920317455237933,0.09947428202170919,1.8397129403867416,-1.107416068861154,-0.8149608300648491,-1.6754422099806283,0.5210838489537337,0.16208817969462153,-0.4277444326750994,-0.5939431423763045,-0.192331486469891,0.11351371414522002,-0.1993791337463925,-0.5783766704784492,-1.8397129403867416,-0.14164711800828045,-0.425318019742888,0.5496528743225574,-0.7857444371833963,-2.0402359067704405,-1.3293535245483135,-0.717827753326828,-1.1029559602493615,-0.7434869002702875,-0.7869604853252827,-0.6755077198756877,-0.6050786879235088,1.0408329997330665,-0.7220098160289725,-0.3157637485020014,0.0,0.0,0.0,0.0,0.0
377,0.7012687094782636,0.6691027096917547,0.9920317455237933,-0.35543859307757086,1.8397129403867416,-0.28694034252926576,0.4855085796131015,-1.6754422099806283,1.4192064599320018,-1.285127710435928,-0.4277444326750994,0.9421167085968966,0.762957353612349,1.3473584331150033,-0.6143482351279808,1.7289770681323857,-1.8397129403867416,-1.4257441191346953,0.6377239243895387,0.059572047207140884,-1.1435515579408628,0.1914270928569252,-1.5179086197598626,-1.27340075836292,-0.9229413503560409,-1.068153668947269,0.2496389877457169,-0.6755077198756877,-0.6050786879235088,-0.9607689228305228,-0.7220098160289725,-0.3157637485020014,0.0,0.0,0.0,0.0,0.0
715,-0.011885910330140019,0.6691027096917547,-1.0080322575483704,-0.8103514681768509,-1.2078512899612566,-0.2059411517241128,-0.8149608300648491,0.5968573514759201,-0.08177078143462084,-0.5615197653706532,-0.4277444326750994,-0.5939431423763045,-0.6699759065110109,-1.1203310048245632,0.017656644968489975,-0.5783766704784492,1.2078512899612566,-0.3006668640119625,-0.577181154618949,-0.4305087799082756,-0.07013019566846333,-0.55246057368553,0.10284725221249368,0.11018669322846389,-0.2812300159971403,-0.25648674725481535,-0.3010754785296518,-0.6755077198756877,-0.6050786879235088,1.0408329997330665,1.3850227210205581,-0.3157637485020014,1.0,1.0,0.0,0.0,1.0
328,-0.7250405301385436,-1.439414232614195,-1.0080322575483704,-0.35543859307757086,-0.445960232374257,-0.5036984652287385,-0.8149608300648491,-1.6754422099806283,-0.1579616365518848,-1.285127710435928,2.3378445716897667,-0.5939431423763045,-1.386442536572691,0.11351371414522002,1.4800145847444912,1.7289770681323857,0.445960232374257,-0.7015250866127334,-0.8049758569330404,-1.900751261254525,-0.07013019566846333,-0.55246057368553,0.9603377190868654,0.5639341285550975,-0.29850064992831893,-1.068153668947269,-0.9425967508959578,-0.6755077198756877,-0.6050786879235088,1.0408329997330665,-0.7220098160289725,-0.3157637485020014,0.0,0.0,0.0,0.0,0.0
220,-1.6164838048990482,-1.439414232614195,0.9920317455237933,-1.265264343276131,1.0778218827997421,-1.1353923432024964,1.7859779892910521,0.5968573514759201,1.1967743732397376,-0.5615197653706532,-0.4277444326750994,-0.5939431423763045,-0.9087981165315709,0.11351371414522002,-1.8824947626650106,1.7289770681323857,-1.0778218827997421,-0.8877613766502775,-0.6531127220569795,-0.9205896070236921,-1.5013586786983293,2.4230900924842906,-1.585265917866945,-2.1259532068469102,-1.0236900480108444,-0.7434869002702875,-0.9271827491607895,-0.6755077198756877,-0.6050786879235088,-0.9607689228305228,-0.7220098160289725,-0.3157637485020014,0.0,0.0,0.0,0.0,0.0
557,-0.5467518751864427,0.6691027096917547,-1.0080322575483704,-1.265264343276131,-1.2078512899612566,-0.2059411517241128,-0.8149608300648491,-1.6754422099806283,-0.31381019647156766,0.16208817969462153,-0.4277444326750994,-0.5939431423763045,-0.9087981165315709,0.11351371414522002,0.9868888916584929,-0.5783766704784492,1.2078512899612566,0.24172746278893917,-0.6531127220569795,-0.9205896070236921,-0.4279373164259298,0.1914270928569252,1.2451370676898945,0.11018669322846389,-0.2812300159971403,0.5551801744376382,-0.3010754785296518,-0.6755077198756877,-0.6050786879235088,-0.9607689228305228,-0.7220098160289725,-0.3157637485020014,0.0,1.0,1.0,0.0,1.0
879,-0.19017456528224091,-0.7365752518455452,-1.0080322575483704,0.5543871571209893,0.31593082521274257,-0.8175323588295708,-0.8149608300648491,0.5968573514759201,-0.5277681038098433,0.8856961247598962,-0.4277444326750994,-0.5939431423763045,-1.147620326552131,1.3473584331150033,-0.8788528131219409,-0.5783766704784492,-0.31593082521274257,0.7758189510774058,-0.72904428949501,-1.4106704341391085,0.28767692508900317,-0.55246057368553,-0.6203601121184024,0.09307719531602268,-0.7290680250382006,0.3928467900991475,-0.9013075491724756,-0.6755077198756877,1.6526776102985388,1.0408329997330665,-0.7220098160289725,-0.3157637485020014,0.0,0.0,0.0,0.0,0.0
750,1.5927119842387683,1.3719416904604045,-1.0080322575483704,-0.8103514681768509,0.31593082521274257,-0.1204684066902528,-0.8149608300648491,0.5968573514759201,-0.6807294590638904,0.16208817969462153,-0.4277444326750994,-0.5939431423763045,-1.147620326552131,1.3473584331150033,-1.535352725867269,-0.5783766704784492,-0.31593082521274257,0.4102129361894585,-0.72904428949501,-1.4106704341391085,-0.7857444371833963,-0.55246057368553,-0.9186628125892018,0.36301940812029476,-0.2702548339056056,-0.09415336291632463,-0.7549435892738395,-0.6755077198756877,-0.6050786879235088,1.0408329997330665,-0.7220098160289725,-0.3157637485020014,0.0,0.0,0.0,0.0,0.0
995,-0.5467518751864427,-0.7365752518455452,-1.0080322575483704,-2.175090093474691,1.0778218827997421,-1.1922890115721136,-0.8149608300648491,0.5968573514759201,0.022258860770240797,0.8856961247598962,-0.4277444326750994,-0.5939431423763045,-1.386442536572691,-1.1203310048245632,0.4304911141301091,-0.5783766704784492,-1.0778218827997421,0.5232523432204294,-0.8049758569330404,-1.900751261254525,-2.216972920213262,0.1914270928569252,-0.5342833970719114,0.11018669322846389,-1.0486566161421806,-0.09415336291632463,-1.0148891415742227,-0.6755077198756877,1.6526776102985388,-0.9607689228305228,1.3850227210205581,-0.3157637485020014,0.0,0.0,1.0,0.0,1.0
129,1.5927119842387683,-0.033736271076895225,0.9920317455237933,-0.35543859307757086,1.8397129403867416,0.40127288942660505,-0.8149608300648491,0.5968573514759201,0.6022964111837898,-0.5615197653706532,-0.4277444326750994,-0.5939431423763045,-0.9087981165315709,0.11351371414522002,-1.4885703484320831,-0.5783766704784492,-1.8397129403867416,-0.6147833374066434,-0.6531127220569795,-0.9205896070236921,-1.1435515579408628,-0.55246057368553,-1.9151406865843206,-0.13357886972916666,-0.7719454921021626,-0.9058202846087783,-0.44319758295927675,1.4803679818552302,-0.6050786879235088,1.0408329997330665,-0.7220098160289725,-0.3157637485020014,0.0,0.0,0.0,0.0,0.0
620,-0.36846322023434186,-0.7365752518455452,-1.0080322575483704,3.2838644077166697,-0.445960232374257,-1.1294766090597583,-0.8149608300648491,0.5968573514759201,1.452403312783506,0.16208817969462153,2.3378445716897667,2.4781765595700977,0.04649072355066898,-1.1203310048245632,-0.8321509484684427,-0.5783766704784492,0.445960232374257,-0.5692992386461145,0.7136554918275693,-1.2473101584339696,2.7923267703912686,-0.55246057368553,-0.09027205115462021,0.32159777426240854,-0.8476903691422182,0.23051340576065682,-0.7593691892105272,-0.6755077198756877,-0.6050786879235088,1.0408329997330665,1.3850227210205581,3.166924654093602,0.0,0.0,0.0,0.0,0.0
536,1.4144233292866673,-0.033736271076895225,-1.0080322575483704,-0.35543859307757086,-0.445960232374257,-0.426349169067408,-0.8149608300648491,0.5968573514759201,-2.1332789953140927,3.0565199599557205,-0.4277444326750994,0.9421167085968966,2.195890613735709,0.11351371414522002,1.4800145847444912,1.7289770681323857,0.445960232374257,2.8205854877426884,1.5489027336459045,1.5298145285533904,-0.07013019566846333,0.1914270928569252,0.9603377190868654,0.11018669322846389,-0.23061806460794598,2.8278475551765085,0.795116085656463,-0.6755077198756877,1.6526776102985388,-0.9607689228305228,-0.7220098160289725,-0.3157637485020014,0.0,0.0,1.0,0.0,1.0
95,-1.0816178400427454,-0.7365752518455452,-1.0080322575483704,-0.8103514681768509,0.31593082521274257,0.5000435120337949,-0.8149608300648491,-1.6754422099806283,0.230880664679805,-0.5615197653706532,-0.4277444326750994,-0.5939431423763045,-0.6699759065110109,-1.1203310048245632,0.4910568597948081,-0.5783766704784492,-0.31593082521274257,-0.44423312579875446,-0.577181154618949,-0.4305087799082756,-0.7857444371833963,0.1914270928569252,0.00210418208579249,0.603316385029978,0.1381711830930308,-0.5811535159317968,-0.1995245319364005,1.4803679818552302,-0.6050786879235088,1.0408329997330665,1.3850227210205581,-0.3157637485020014,0.0,0.0,0.0,1.0,1.0
200,0.8795573644303645,0.6691027096917547,0.9920317455237933,0.09947428202170919,-1.2078512899612566,-0.06715635826648668,0.4855085796131015,0.5968573514759201,-1.0074404441569322,0.8856961247598962,-0.4277444326750994,-0.5939431423763045,0.28531293357122894,0.11351371414522002,1.4800145847444912,-0.5783766704784492,1.2078512899612566,0.9960794540816035,-0.27345488486682706,1.5298145285533904,0.6454840458464697,0.1914270928569252,1.469205225298549,0.2090033857854854,0.40439132965150887,1.3668470961300918,0.17434872049668423,-0.6755077198756877,1.6526776102985388,-0.9607689228305228,-0.7220098160289725,-0.3157637485020014,0.0,0.0,0.0,0.0,0.0
573,0.8795573644303645,1.3719416904604045,0.9920317455237933,-0.8103514681768509,-1.2078512899612566,1.0040165784725457,-0.8149608300648491,0.5968573514759201,-0.006413857589671094,-1.285127710435928,2.3378445716897667,0.9421167085968966,0.762957353612349,-1.1203310048245632,1.4800145847444912,1.7289770681323857,1.2078512899612566,-0.771114235737389,0.6377239243895387,0.059572047207140884,-0.07013019566846333,0.9353147593993804,1.469205225298549,1.497128726070654,1.5794826342866437,-1.068153668947269,1.6049634628995517,1.4803679818552302,-0.6050786879235088,1.0408329997330665,1.3850227210205581,-0.3157637485020014,0.0,0.0,0.0,0.0,0.0
973,-1.6164838048990482,-1.439414232614195,-1.0080322575483704,0.09947428202170919,1.0778218827997421,-1.3164979392278284,0.4855085796131015,-1.6754422099806283,0.7948126106937167,-0.5615197653706532,-0.4277444326750994,-0.5939431423763045,-0.192331486469891,1.3473584331150033,-1.154476710858434,1.7289770681323857,-1.0778218827997421,-0.7031847551532447,-0.425318019742888,0.5496528743225574,-0.4279373164259298,0.1914270928569252,-1.2544665580662109,-1.3227802689119605,-1.1031601704573673,-0.7434869002702875,-0.9186645437375452,-0.6755077198756877,-0.6050786879235088,-0.9607689228305228,-0.7220098160289725,-0.3157637485020014,0.0,0.0,0.0,0.0,0.0
61,-0.9033291850906445,0.6691027096917547,-1.0080322575483704,0.5543871571209893,0.31593082521274257,1.7762399063579073,1.7859779892910521,0.5968573514759201,0.32749996920605867,0.16208817969462153,-0.4277444326750994,-0.5939431423763045,-0.431153696490451,1.3473584331150033,-1.0103504723476953,-0.5783766704784492,-0.31593082521274257,-0.05275543270519696,-0.5012495871809185,0.059572047207140884,0.28767692508900317,0.1914270928569252,-0.6801104732244643,-0.6490832177399412,0.9781740815282807,-0.09415336291632463,0.682953902965279,1.4803679818552302,-0.6050786879235088,-0.9607689228305228,-0.7220098160289725,-0.3157637485020014,0.0,0.0,0.0,1.0,1.0
535,-1.6164838048990482,1.3719416904604045,-1.0080322575483704,-2.175090093474691,-0.445960232374257,0.49872569852385884,-0.8149608300648491,-1.6754422099806283,0.680311131868254,0.16208817969462153,-0.4277444326750994,-0.5939431423763045,-0.6699759065110109,0.11351371414522002,-0.542075821862215,-0.5783766704784492,0.445960232374257,-0.21476261472707486,-0.577181154618949,-0.4305087799082756,-1.5013586786983293,-2.0402359067704405,0.041533287926382154,0.9521289220189914,0.5812377213324948,0.23051340576065682,-0.20007793999352413,1.4803679818552302,-0.6050786879235088,1.0408329997330665,-0.7220098160289725,-0.3157637485020014,0.0,0.0,0.0,0.0,0.0
999,-1.0816178400427454,-0.033736271076895225,0.9920317455237933,0.09947428202170919,0.31593082521274257,0.5709535349814789,0.4855085796131015,-1.6754422099806283,0.6190242139487425,-0.5615197653706532,-0.4277444326750994,-0.5939431423763045,-0.431153696490451,-1.1203310048245632,0.017656644968489975,-0.5783766704784492,-0.31593082521274257,-0.6224645688249432,-0.5012495871809185,0.059572047207140884,-0.07013019566846333,-1.2963482402279851,0.10284725221249368,-0.24253045211683347,0.1848447398191572,-0.5811535159317968,0.05026272167157888,1.4803679818552302,-0.6050786879235088,-0.9607689228305228,1.3850227210205581,-0.3157637485020014,1.0,0.0,0.0,0.0,1.0
632,-1.4381951499469472,1.3719416904604045,-1.0080322575483704,-0.35543859307757086,0.31593082521274257,-1.008991921713909,1.7859779892910521,-1.6754422099806283,-0.21875737687890917,-1.285127710435928,-0.4277444326750994,-0.5939431423763045,-0.6699759065110109,1.3473584331150033,0.3930269310167711,-0.5783766704784492,-0.31593082521274257,-0.67360832089876,-0.577181154618949,-0.4305087799082756,-0.4279373164259298,-0.55246057368553,-0.04243899593103764,-1.7276810143052788,-0.8550882743284091,-1.068153668947269,-0.8332351148257195,-0.6755077198756877,-0.6050786879235088,-0.9607689228305228,-0.7220098160289725,-0.3157637485020014,0.0,0.0,0.0,0.0,0.0
2,-1.6164838048990482,0.6691027096917547,-1.0080322575483704,-0.35543859307757086,-0.445960232374257,-1.2230232627026567,-0.8149608300648491,0.5968573514759201,-1.5934383366221516,2.3329120148904456,-0.4277444326750994,0.9421167085968966,1.240601773653469,1.3473584331150033,-1.017424587139818,-0.5783766704784492,0.445960232374257,2.1368520612061017,0.9414501941416606,0.5496528743225574,-0.07013019566846333,-0.55246057368553,-0.17445732775367778,0.28537126935235146,-0.9297879319190608,2.1785140178225455,-0.6697843559678168,-0.6755077198756877,1.6526776102985388,1.0408329997330665,-0.7220098160289725,-0.3157637485020014,0.0,0.0,0.0,0.0,0.0
840,-0.011885910330140019,-1.439414232614195,-1.0080322575483704,-0.35543859307757086,-1.2078512899612566,-0.15135617583981936,-0.8149608300648491,0.5968573514759201,-0.36719608456348624,0.16208817969462153,-0.4277444326750994,0.9421167085968966,1.001779563632909,0.11351371414522002,-0.7080717162843658,-0.5783766704784492,1.2078512899612566,0.26624170214646214,0.7895870592655997,0.3046124607648491,0.28767692508900317,0.1914270928569252,0.47497500563167444,1.049703669939631,0.31202298268458656,0.5551801744376382,0.5361600005988287,-0.6755077198756877,-0.6050786879235088,1.0408329997330665,-0.7220098160289725,-0.3157637485020014,0.0,0.0,0.0,1.0,1.0
667,0.7012687094782636,-0.7365752518455452,0.9920317455237933,-0.35543859307757086,-1.2078512899612566,-0.2059411517241128,-0.8149608300648491,0.5968573514759201,-1.2223535820574858,1.609304069825171,-0.4277444326750994,-0.5939431423763045,-0.9087981165315709,0.11351371414522002,0.2524217454745968,-0.5783766704784492,1.2078512899612566,1.530609574216093,-0.6531127220569795,-0.9205896070236921,0.28767692508900317,-0.55246057368553,0.9114073460856059,0.11018669322846389,-0.2812300159971403,2.1785140178225455,-0.3010754785296518,-0.6755077198756877,1.6526776102985388,1.0408329997330665,-0.7220098160289725,-0.3157637485020014,0.0,1.0,0.0,0.0,1.0
42,-1.4381951499469472,1.3719416904604045,-1.0080322575483704,0.5543871571209893,-1.2078512899612566,0.5610991619966126,0.4855085796131015,0.5968573514759201,-0.09441791638164758,-0.5615197653706532,-0.4277444326750994,-0.5939431423763045,-0.9087981165315709,1.3473584331150033,0.867968899560502,-0.5783766704784492,1.2078512899612566,-0.29485943241609797,-0.6531127220569795,-0.9205896070236921,1.0032911666039361,0.1914270928569252,1.191101790465785,0.4522991190189046,1.0935961943651986,-0.25648674725481535,-0.3928590033840637,1.4803679818552302,-0.6050786879235088,-0.9607689228305228,-0.7220098160289725,-0.3157637485020014,0.0,0.0,0.0,0.0,0.0
517,1.771000639190869,1.3719416904604045,0.9920317455237933,1.0093000322202692,0.31593082521274257,0.325740442164562,-0.8149608300648491,-1.6754422099806283,-1.0661019671256107,0.16208817969462153,-0.4277444326750994,-0.5939431423763045,0.04649072355066898,0.11351371414522002,0.9922374021816912,-0.5783766704784492,-0.31593082521274257,0.5871719461841629,-0.34938645230485754,1.039733701437974,0.6454840458464697,-2.0402359067704405,0.22983232997272646,0.5358164716652504,0.023443477743368912,-0.09415336291632463,0.3100730809920134,1.4803679818552302,-0.6050786879235088,1.0408329997330665,-0.7220098160289725,-0.3157637485020014,0.0,0.0,0.0,0.0,0.0
918,1.4144233292866673,-0.7365752518455452,-1.0080322575483704,-0.35543859307757086,0.31593082521274257,0.7963591387748469,-0.8149608300648491,-1.6754422099806283,0.021296958333060646,0.16208817969462153,-0.4277444326750994,0.9421167085968966,0.28531293357122894,0.11351371414522002,-0.9350312460015892,-0.5783766704784492,-0.31593082521274257,0.08784977531551968,0.3339976546374168,-0.4305087799082756,-0.4279373164259298,-2.0402359067704405,-0.6458866627102184,0.7180663957362806,0.33320855071227135,-0.09415336291632463,0.8996052608351708,1.4803679818552302,-0.6050786879235088,1.0408329997330665,-0.7220098160289725,-0.3157637485020014,0.0,0.0,0.0,0.0,0.0
731,-0.36846322023434186,-1.439414232614195,0.9920317455237933,2.3740386575181094,-1.2078512899612566,0.0005259075190222908,0.4855085796131015,0.5968573514759201,-0.8299302119749886,1.609304069825171,-0.4277444326750994,-0.5939431423763045,-0.192331486469891,-1.1203310048245632,1.4800145847444912,-0.5783766704784492,1.2078512899612566,1.3504128824026163,-0.425318019742888,0.5496528743225574,2.434519649633802,0.1914270928569252,1.469205225298549,0.23521375075655432,0.4786396972817413,2.1785140178225455,-0.08904987969187071,-0.6755077198756877,1.6526776102985388,-0.9607689228305228,1.3850227210205581,-0.3157637485020014,0.0,0.0,0.0,0.0,0.0
504,-0.5467518751864427,0.6691027096917547,-1.0080322575483704,1.4642129073195493,1.8397129403867416,-0.5122259419890312,1.7859779892910521,0.5968573514759201,0.6883684185767589,0.16208817969462153,2.3378445716897667,0.9421167085968966,0.28531293357122894,-1.1203310048245632,-2.236110337418962,1.7289770681323857,-1.8397129403867416,-0.2184624361968309,0.3339976546374168,-0.4305087799082756,0.28767692508900317,2.4230900924842906,-2.2548104917061416,-2.2339511338152462,-0.9723696247093127,-0.7434869002702875,-0.19946000396336114,-0.6755077198756877,-0.6050786879235088,-0.9607689228305228,1.3850227210205581,3.166924654093602,0.0,0.0,0.0,0.0,0.0
492,-1.2599064949948464,-0.7365752518455452,0.9920317455237933,1.0093000322202692,0.31593082521274257,0.6176236255010562,0.4855085796131015,0.5968573514759201,-1.142284845050164,1.609304069825171,-0.4277444326750994,2.4781765595700977,1.4794239836740288,0.11351371414522002,-0.8528810843070863,-0.5783766704784492,-0.31593082521274257,1.4938428507577792,2.0804237057121178,-0.2671485042031369,0.6454840458464697,0.1914270928569252,-0.6085589881716097,-0.22445717854133743,0.21556337488272256,0.8798469431146198,1.8740309637972397,1.4803679818552302,1.6526776102985388,-0.9607689228305228,-0.7220098160289725,-0.3157637485020014,0.0,0.0,0.0,0.0,0.0
842,-1.2599064949948464,0.6691027096917547,-1.0080322575483704,1.0093000322202692,-1.2078512899612566,1.5935573088538615,-0.8149608300648491,0.5968573514759201,-2.4009708082004884,1.609304069825171,-0.4277444326750994,-0.5939431423763045,1.001779563632909,0.11351371414522002,0.9535078521093256,-0.5783766704784492,1.2078512899612566,2.0718182311334847,-0.04566018255273563,3.0000570098996397,1.3610982873614026,-0.55246057368553,1.2299692755109153,1.7254319238030373,2.226216847072406,2.1785140178225455,2.5512670160178144,1.4803679818552302,1.6526776102985388,1.0408329997330665,-0.7220098160289725,-0.3157637485020014,0.0,0.0,0.0,0.0,0.0
604,1.4144233292866673,-0.033736271076895225,0.9920317455237933,1.4642129073195493,-1.2078512899612566,-1.1853289994085419,0.4855085796131015,-1.6754422099806283,-1.6588623966142926,0.16208817969462153,-0.4277444326750994,0.9421167085968966,1.001779563632909,-1.1203310048245632,0.3353479897387064,-0.5783766704784492,1.2078512899612566,0.8593613125038625,0.7895870592655997,0.3046124607648491,1.718905408118869,-1.2963482402279851,0.9490876597058168,-0.2240157025215746,-0.8222592910101747,0.5551801744376382,-0.6579197682853456,-0.6755077198756877,-0.6050786879235088,-0.9607689228305228,1.3850227210205581,-0.3157637485020014,0.0,0.0,0.0,0.0,0.0
491,-1.6164838048990482,-0.033736271076895225,0.9920317455237933,-0.35543859307757086,-1.2078512899612566,0.353494258393903,-0.8149608300648491,0.5968573514759201,-0.9986973224011609,0.16208817969462153,-0.4277444326750994,-0.5939431423763045,0.762957353612349,-1.1203310048245632,0.1886215022115104,-0.5783766704784492,1.2078512899612566,0.5562204409523132,-0.12159174999076611,2.5099761827842233,0.28767692508900317,-0.55246057368553,0.882417570936229,1.245210040530161,0.8658507868254693,0.5551801744376382,0.9220058771791493,1.4803679818552302,-0.6050786879235088,1.0408329997330665,1.3850227210205581,-0.3157637485020014,0.0,0.0,0.0,0.0,0.0
929,-0.9033291850906445,1.3719416904604045,0.9920317455237933,-0.8103514681768509,1.0778218827997421,-0.3742693061393666,0.4855085796131015,0.5968573514759201,0.4965987349345599,0.16208817969462153,-0.4277444326750994,-0.5939431423763045,-0.6699759065110109,2.5812031520847865,-1.6608278063972737,-0.5783766704784492,-1.0778218827997421,-0.13040381069963738,-0.577181154618949,-0.4305087799082756,-1.1435515579408628,0.1914270928569252,-1.4845441197736382,-0.9578965571623547,-0.689705111709838,-0.41882013159330606,-0.5666870738099873,-0.6755077198756877,-0.6050786879235088,-0.9607689228305228,-0.7220098160289725,-0.3157637485020014,0.0,0.0,0.0,0.0,0.0
603,-0.5467518751864427,0.6691027096917547,0.9920317455237933,-1.7201772183754112,1.0778218827997421,1.8189572307417192,1.7859779892910521,-1.6754422099806283,0.5170974402830617,-0.5615197653706532,-0.4277444326750994,0.9421167085968966,0.5241351435917889,-1.1203310048245632,-0.4519601094217583,1.7289770681323857,-1.0778218827997421,-0.5756608644025601,0.4858607895134778,-0.18546836635056735,-1.8591657994557957,0.9353147593993804,-0.9352546354662706,-0.9818635448578076,0.27269464436685326,-0.7434869002702875,2.109505371198697,1.4803679818552302,-0.6050786879235088,-0.9607689228305228,1.3850227210205581,-0.3157637485020014,0.0,0.0,0.0,0.0,0.0
617,-0.011885910330140019,1.3719416904604045,0.9920317455237933,1.0093000322202692,-0.445960232374257,-0.35915320068084844,-0.8149608300648491,0.5968573514759201,-1.9072103875039865,1.609304069825171,-0.4277444326750994,-0.5939431423763045,-1.147620326552131,0.11351371414522002,1.299358075577763,-0.5783766704784492,0.445960232374257,1.8450886295319404,-0.72904428949501,-1.4106704341391085,1.0032911666039361,0.1914270928569252,0.878250389757747,0.11018669322846389,-0.17164615040110248,1.5291804804685827,-0.8050607291845138,-0.6755077198756877,1.6526776102985388,-0.9607689228305228,-0.7220098160289725,-0.3157637485020014,0.0,0.0,1.0,0.0,1.0
903,-1.4381951499469472,-1.439414232614195,0.9920317455237933,0.5543871571209893,1.0778218827997421,2.7297864818337167,-0.8149608300648491,0.5968573514759201,0.5643076438888787,0.8856961247598962,-0.4277444326750994,-0.5939431423763045,-0.431153696490451,0.11351371414522002,0.46229843351115635,1.7289770681323857,-1.0778218827997421,0.27434923253422017,-0.5012495871809185,0.059572047207140884,-0.07013019566846333,0.9353147593993804,-0.5198306773047046,1.1174749081731883,0.6723714831876216,-0.09415336291632463,1.1834992700944098,1.4803679818552302,1.6526776102985388,1.0408329997330665,-0.7220098160289725,-0.3157637485020014,0.0,0.0,0.0,0.0,0.0
733,1.4144233292866673,0.6691027096917547,-1.0080322575483704,-0.35543859307757086,1.8397129403867416,-0.6192511272110663,0.4855085796131015,0.5968573514759201,1.2744936441015111,-1.285127710435928,2.3378445716897667,-0.5939431423763045,0.04649072355066898,1.3473584331150033,-0.7722057546443453,1.7289770681323857,-1.8397129403867416,-1.359293513325502,-0.34938645230485754,1.039733701437974,-1.1435515579408628,1.6792024259418357,-1.589636465334795,-1.4020901107249548,-0.9958512419567093,-1.068153668947269,-0.3844033398450514,-0.6755077198756877,-0.6050786879235088,-0.9607689228305228,-0.7220098160289725,3.166924654093602,0.0,0.0,0.0,0.0,0.0
47,-1.6164838048990482,-0.033736271076895225,0.9920317455237933,-0.35543859307757086,1.8397129403867416,0.6998359433354087,0.4855085796131015,-1.6754422099806283,0.5743080210193616,-0.5615197653706532,2.3378445716897667,-0.5939431423763045,-0.9087981165315709,1.3473584331150033,-1.5290978258768921,-0.5783766704784492,-1.8397129403867416,-0.6019313624700983,-0.6531127220569795,-0.9205896070236921,-1.1435515579408628,0.1914270928569252,-1.9335557019260603,-0.8912656998340964,-0.7064399445849515,-0.9058202846087783,-0.34916272995459446,1.4803679818552302,-0.6050786879235088,-0.9607689228305228,-0.7220098160289725,3.166924654093602,0.0,0.0,0.0,1.0,1.0
465,1.4144233292866673,0.6691027096917547,-1.0080322575483704,-1.265264343276131,0.31593082521274257,-0.45994888892847063,1.7859779892910521,-1.6754422099806283,0.20377856765799313,-0.5615197653706532,-0.4277444326750994,-0.5939431423763045,-0.431153696490451,1.3473584331150033,-0.0817944123525595,1.7289770681323857,-0.31593082521274257,-0.4317881273688401,-0.5012495871809185,0.059572047207140884,-1.1435515579408628,0.9353147593993804,-0.2581899598206397,-1.5150607938219105,-0.49370366224469975,-0.5811535159317968,-0.49088906422082124,-0.6755077198756877,-0.6050786879235088,-0.9607689228305228,-0.7220098160289725,-0.3157637485020014,0.0,0.0,0.0,0.0,0.0
46,1.2361346743345663,-1.439414232614195,-1.0080322575483704,-0.35543859307757086,1.0778218827997421,0.5022427216366552,1.7859779892910521,0.5968573514759201,0.17189995549144638,0.16208817969462153,-0.4277444326750994,-0.5939431423763045,-1.147620326552131,0.11351371414522002,-2.032659998739726,-0.5783766704784492,-1.0778218827997421,0.018694460076699025,-0.72904428949501,-1.4106704341391085,-0.7857444371833963,0.9353147593993804,-1.653498517092437,-1.4917691670442104,-0.30508685748721637,-0.41882013159330606,-0.6241916455889681,1.4803679818552302,-0.6050786879235088,-0.9607689228305228,-0.7220098160289725,-0.3157637485020014,0.0,0.0,0.0,0.0,0.0
143,-0.19017456528224091,1.3719416904604045,0.9920317455237933,-1.265264343276131,-1.2078512899612566,0.8491832673136344,-0.8149608300648491,0.5968573514759201,-0.07623591888275019,-1.285127710435928,-0.4277444326750994,-0.5939431423763045,-0.431153696490451,-1.1203310048245632,0.017656644968489975,-0.5783766704784492,1.2078512899612566,-0.7390526781956819,-0.5012495871809185,0.059572047207140884,-0.4279373164259298,-0.55246057368553,0.10284725221249368,1.4371685940027492,1.4096283825870142,-1.068153668947269,0.19631390270271612,1.4803679818552302,-0.6050786879235088,1.0408329997330665,1.3850227210205581,-0.3157637485020014,1.0,0.0,0.0,0.0,1.0
160,1.771000639190869,-0.7365752518455452,-1.0080322575483704,-1.265264343276131,0.31593082521274257,-0.025321859456885202,1.7859779892910521,0.5968573514759201,0.013182622436645896,-0.5615197653706532,-0.4277444326750994,-0.5939431423763045,-0.192331486469891,-1.1203310048245632,-0.21724957214477908,-0.5783766704784492,-0.31593082521274257,-0.3442684702323927,-0.425318019742888,0.5496528743225574,-1.1435515579408628,0.9353147593993804,-0.31973854371877264,-1.3467488595724997,-0.20762859878411918,-0.5811535159317968,-0.10533180698499914,-0.6755077198756877,-0.6050786879235088,-0.9607689228305228,1.3850227210205581,-0.3157637485020014,0.0,0.0,0.0,0.0,0.0
525,-0.19017456528224091,-0.033736271076895225,-1.0080322575483704,0.5543871571209893,-1.2078512899612566,-0.19519948792485245,-0.8149608300648491,0.5968573514759201,-0.122223805821937,0.16208817969462153,-0.4277444326750994,0.9421167085968966,0.5241351435917889,1.3473584331150033,1.0417950449917184,-0.5783766704784492,1.2078512899612566,0.15375300350969145,0.4858607895134778,-0.18546836635056735,1.0032911666039361,-0.55246057368553,1.2700855155019788,1.032725083334228,0.26392627203171226,0.5551801744376382,0.2063804350564942,-0.6755077198756877,-0.6050786879235088,1.0408329997330665,-0.7220098160289725,-0.3157637485020014,0.0,0.0,0.0,0.0,0.0
154,-1.2599064949948464,0.6691027096917547,-1.0080322575483704,1.0093000322202692,-1.2078512899612566,-0.2059411517241128,-0.8149608300648491,0.5968573514759201,-1.8035527043422404,1.609304069825171,-0.4277444326750994,2.4781765595700977,1.957068403715149,-1.1203310048245632,1.4800145847444912,1.7289770681323857,1.2078512899612566,1.7974901096403517,2.536013110340301,0.059572047207140884,1.3610982873614026,0.9353147593993804,1.469205225298549,0.11018669322846389,-0.2812300159971403,2.1785140178225455,-0.3010754785296518,-0.6755077198756877,1.6526776102985388,1.0408329997330665,1.3850227210205581,-0.3157637485020014,0.0,1.0,0.0,0.0,1.0
14,0.8795573644303645,-1.439414232614195,0.9920317455237933,-0.35543859307757086,-1.2078512899612566,-0.2059411517241128,-0.8149608300648491,-1.6754422099806283,-0.9427840269126312,0.8856961247598962,-0.4277444326750994,-0.5939431423763045,-1.386442536572691,0.11351371414522002,1.4800145847444912,-0.5783766704784492,1.2078512899612566,0.9663899060572706,-0.8049758569330404,-1.900751261254525,0.28767692508900317,-2.0402359067704405,1.469205225298549,0.11018669322846389,-0.2812300159971403,1.3668470961300918,-0.3010754785296518,-0.6755077198756877,1.6526776102985388,1.0408329997330665,-0.7220098160289725,-0.3157637485020014,0.0,1.0,0.0,0.0,1.0
420,-0.5467518751864427,0.6691027096917547,0.9920317455237933,0.09947428202170919,1.0778218827997421,-0.3230511825168323,0.4855085796131015,0.5968573514759201,1.3446084231853277,-1.285127710435928,2.3378445716897667,2.4781765595700977,1.001779563632909,1.3473584331150033,-1.6972194764989947,-0.5783766704784492,-1.0778218827997421,-1.3914894838037135,1.624834301083935,-0.5938690556134145,-0.4279373164259298,0.1914270928569252,-1.5010798926735756,-0.9380620303819677,-0.6672303199579882,-1.068153668947269,0.33787864424379105,-0.6755077198756877,-0.6050786879235088,-0.9607689228305228,-0.7220098160289725,3.166924654093602,0.0,0.0,0.0,0.0,0.0
681,1.5927119842387683,-0.033736271076895225,-1.0080322575483704,1.0093000322202692,-1.2078512899612566,-0.8116512135938587,-0.8149608300648491,-1.6754422099806283,0.9951174352906155,-0.5615197653706532,-0.4277444326750994,-0.5939431423763045,-0.6699759065110109,-1.1203310048245632,-0.31942831696062224,-0.5783766704784492,1.2078512899612566,-0.7951626277734506,-0.577181154618949,-0.4305087799082756,1.3610982873614026,0.1914270928569252,0.6515681373102729,0.11018669322846389,-0.4123296692042769,-0.25648674725481535,-0.7503630414642823,-0.6755077198756877,-0.6050786879235088,-0.9607689228305228,1.3850227210205581,-0.3157637485020014,0.0,0.0,1.0,0.0,1.0
60,1.771000639190869,-1.439414232614195,-1.0080322575483704,0.5543871571209893,-1.2078512899612566,2.751515675150052,-0.8149608300648491,0.5968573514759201,-1.3804356134078095,0.8856961247598962,-0.4277444326750994,0.9421167085968966,0.04649072355066898,0.11351371414522002,0.3415065603216844,-0.5783766704784492,1.2078512899612566,1.1673549200338125,0.18213451976135583,-0.6755491934659839,1.0032911666039361,-0.55246057368553,0.9518860123030922,2.1738582737439383,3.496512950245582,1.3668470961300918,2.092780732735439,1.4803679818552302,1.6526776102985388,1.0408329997330665,-0.7220098160289725,-0.3157637485020014,0.0,0.0,0.0,0.0,0.0
51,-0.36846322023434186,0.6691027096917547,-1.0080322575483704,0.09947428202170919,-0.445960232374257,-0.2538917197816728,-0.8149608300648491,0.5968573514759201,0.6748160757390504,0.16208817969462153,-0.4277444326750994,-0.5939431423763045,-0.6699759065110109,1.3473584331150033,1.0625300853046664,1.7289770681323857,0.445960232374257,-0.2122393426405942,-0.577181154618949,-0.4305087799082756,0.28767692508900317,0.9353147593993804,0.7706396686075957,0.6606732949292279,-0.07926752754739723,0.23051340576065682,-0.5161352121959163,-0.6755077198756877,-0.6050786879235088,1.0408329997330665,-0.7220098160289725,-0.3157637485020014,0.0,0.0,0.0,0.0,0.0
804,0.3446913995740618,1.3719416904604045,0.9920317455237933,0.09947428202170919,-0.445960232374257,0.3677816371288254,-0.8149608300648491,0.5968573514759201,0.08927908009312098,-0.5615197653706532,-0.4277444326750994,-0.5939431423763045,-0.192331486469891,1.3473584331150033,-0.10169621225021375,-0.5783766704784492,0.445960232374257,-0.3792111647144733,-0.425318019742888,0.5496528743225574,0.28767692508900317,-0.55246057368553,0.2416344977349155,0.9014200457701609,0.4663197859280828,-0.41882013159330606,0.14229045593809558,1.4803679818552302,-0.6050786879235088,1.0408329997330665,-0.7220098160289725,-0.3157637485020014,0.0,0.0,0.0,0.0,0.0
280,0.5229800545261627,-1.439414232614195,0.9920317455237933,0.09947428202170919,-1.2078512899612566,0.6352004659782808,-0.8149608300648491,0.5968573514759201,-0.9431218148942448,1.609304069825171,-0.4277444326750994,-0.5939431423763045,-0.6699759065110109,-1.1203310048245632,0.08510300189906014,-0.5783766704784492,1.2078512899612566,1.4023892781581158,-0.577181154618949,-0.4305087799082756,0.6454840458464697,-0.55246057368553,0.8353804768066061,1.3543024656981004,1.1748863343458331,2.1785140178225455,-0.14276616155606328,1.4803679818552302,1.6526776102985388,1.0408329997330665,1.3850227210205581,-0.3157637485020014,0.0,0.0,0.0,0.0,0.0
498,-0.9033291850906445,-0.033736271076895225,0.9920317455237933,0.09947428202170919,-1.2078512899612566,0.8494173072641577,-0.8149608300648491,0.5968573514759201,0.5468799483389694,-0.5615197653706532,-0.4277444326750994,-0.5939431423763045,-0.9087981165315709,-1.1203310048245632,0.866552048437238,-0.5783766704784492,1.2078512899612566,-0.5893366794399126,-0.6531127220569795,-0.9205896070236921,0.6454840458464697,0.1914270928569252,1.1904579967530533,0.11018669322846389,1.4098851276011615,-0.25648674725481535,-0.3020508673676844,1.4803679818552302,-0.6050786879235088,-0.9607689228305228,1.3850227210205581,-0.3157637485020014,0.0,0.0,1.0,0.0,1.0
219,-0.5467518751864427,0.6691027096917547,-1.0080322575483704,1.9191257824188295,-1.2078512899612566,1.0207326547489353,1.7859779892910521,0.5968573514759201,-1.4593623120292312,0.16208817969462153,-0.4277444326750994,-0.5939431423763045,-0.6699759065110109,0.11351371414522002,1.4800145847444912,-0.5783766704784492,1.2078512899612566,0.7677529680487928,-0.577181154618949,-0.4305087799082756,2.0767125288763357,0.9353147593993804,1.469205225298549,-0.24301221376568063,1.5978203976918717,0.5551801744376382,0.019135820733170127,1.4803679818552302,-0.6050786879235088,-0.9607689228305228,-0.7220098160289725,-0.3157637485020014,0.0,0.0,0.0,0.0,0.0
343,-0.5467518751864427,1.3719416904604045,0.9920317455237933,0.09947428202170919,-1.2078512899612566,0.7528151210454261,-0.8149608300648491,0.5968573514759201,-2.338680148975416,0.8856961247598962,2.3378445716897667,-0.5939431423763045,-0.192331486469891,0.11351371414522002,0.7272878241410987,-0.5783766704784492,1.2078512899612566,1.6073707509496002,-0.425318019742888,0.5496528743225574,0.6454840458464697,-0.55246057368553,1.1271786369542267,1.3998494490840536,1.3039112132676338,1.3668470961300918,0.38482928710263475,1.4803679818552302,1.6526776102985388,1.0408329997330665,-0.7220098160289725,-0.3157637485020014,0.0,0.0,0.0,0.0,0.0
806,1.5927119842387683,-0.033736271076895225,-1.0080322575483704,-0.35543859307757086,0.31593082521274257,-0.5105844888454272,-0.8149608300648491,0.5968573514759201,0.860982960470798,-0.5615197653706532,-0.4277444326750994,-0.5939431423763045,-1.386442536572691,0.11351371414522002,-0.5501259575144493,1.7289770681323857,-0.31593082521274257,-0.7335694851031047,-0.8049758569330404,-1.900751261254525,-0.4279373164259298,0.9353147593993804,-0.470992066759607,0.21194460623977313,-0.527032428007886,-0.5811535159317968,-0.9433196872071823,-0.6755077198756877,-0.6050786879235088,1.0408329997330665,-0.7220098160289725,-0.3157637485020014,0.0,0.0,0.0,0.0,0.0
248,1.4144233292866673,0.6691027096917547,0.9920317455237933,-0.35543859307757086,1.8397129403867416,-1.2151705106602002,0.4855085796131015,-1.6754422099806283,1.2887538762406185,-0.5615197653706532,-0.4277444326750994,2.4781765595700977,2.195890613735709,-1.1203310048245632,-0.3434695741244227,-0.5783766704784492,-1.8397129403867416,-0.9299973988115523,2.7638078126543926,0.22293232291227957,-1.1435515579408628,-1.2963482402279851,-1.39482583709905,-1.6328634802666147,-1.1265975783767472,-0.9058202846087783,-0.5299275044329632,-0.6755077198756877,-0.6050786879235088,-0.9607689228305228,1.3850227210205581,-0.3157637485020014,0.0,0.0,0.0,0.0,0.0
326,-0.011885910330140019,-1.439414232614195,-1.0080322575483704,0.09947428202170919,0.31593082521274257,-0.639805232035613,-0.8149608300648491,-1.6754422099806283,-0.21729064100913645,-1.285127710435928,-0.4277444326750994,-0.5939431423763045,0.04649072355066898,-1.1203310048245632,-0.769949512476103,-0.5783766704784492,-0.31593082521274257,-0.6742818306121128,-0.34938645230485754,1.039733701437974,-0.07013019566846333,-2.0402359067704405,-0.5708762537931401,0.16190309534264985,-0.6120865774322778,-1.068153668947269,-0.39950859751575457,-0.6755077198756877,-0.6050786879235088,1.0408329997330665,1.3850227210205581,-0.3157637485020014,0.0,0.0,0.0,0.0,0.0
279,0.7012687094782636,-0.7365752518455452,-1.0080322575483704,1.0093000322202692,-1.2078512899612566,2.98558253461872,-0.8149608300648491,0.5968573514759201,-1.2465444060843576,0.8856961247598962,-0.4277444326750994,-0.5939431423763045,0.28531293357122894,-1.1203310048245632,-0.5076225094097334,1.7289770681323857,1.2078512899612566,1.1058734832439334,-0.27345488486682706,1.5298145285533904,1.3610982873614026,0.9353147593993804,0.5660558093866757,2.26450207449594,3.7532874838724486,1.3668470961300918,2.7383083200598284,1.4803679818552302,1.6526776102985388,1.0408329997330665,1.3850227210205581,-0.3157637485020014,0.0,0.0,0.0,0.0,0.0
225,0.7012687094782636,1.3719416904604045,-1.0080322575483704,0.09947428202170919,0.31593082521274257,-0.9982859490191647,-0.8149608300648491,0.5968573514759201,0.0425631119799801,0.16208817969462153,-0.4277444326750994,-0.5939431423763045,-0.9087981165315709,0.11351371414522002,1.0493078544575194,1.7289770681323857,-0.31593082521274257,0.07808458081661311,-0.6531127220569795,-0.9205896070236921,-0.07013019566846333,0.9353147593993804,0.2557641994223018,0.02307927911572592,-0.8480415155895894,-0.09415336291632463,-0.8839999793765222,-0.6755077198756877,-0.6050786879235088,1.0408329997330665,-0.7220098160289725,-0.3157637485020014,0.0,0.0,0.0,0.0,0.0
892,-1.6164838048990482,-1.439414232614195,-1.0080322575483704,-0.35543859307757086,1.8397129403867416,-0.6911219473833962,0.4855085796131015,-1.6754422099806283,1.0797535682786483,-0.5615197653706532,2.3378445716897667,-0.5939431423763045,-0.9087981165315709,0.11351371414522002,-0.4139919638217075,-0.5783766704784492,-1.8397129403867416,-0.8340266515167938,-0.6531127220569795,-0.9205896070236921,-1.1435515579408628,-1.2963482402279851,-1.426870044389775,-1.4299225186035063,-1.0116198957277065,-0.9058202846087783,-0.7872561881940667,-0.6755077198756877,-0.6050786879235088,-0.9607689228305228,-0.7220098160289725,3.166924654093602,0.0,0.0,0.0,0.0,0.0
570,1.771000639190869,-0.033736271076895225,-1.0080322575483704,1.0093000322202692,-1.2078512899612566,0.9580506091130996,-0.8149608300648491,0.5968573514759201,-1.6829686863933582,1.609304069825171,-0.4277444326750994,-0.5939431423763045,-1.147620326552131,0.11351371414522002,1.0177653756845086,-0.5783766704784492,1.2078512899612566,1.7421191945100996,-0.72904428949501,-1.4106704341391085,1.3610982873614026,-0.55246057368553,1.2591668312697364,1.4793281276542516,1.5290573396858993,2.1785140178225455,-0.5284847206227054,1.4803679818552302,1.6526776102985388,1.0408329997330665,-0.7220098160289725,-0.3157637485020014,0.0,0.0,0.0,0.0,0.0
256,-0.7250405301385436,-1.439414232614195,0.9920317455237933,1.4642129073195493,1.0778218827997421,-1.232574693307441,0.4855085796131015,0.5968573514759201,-0.49643427570643434,0.8856961247598962,-0.4277444326750994,2.4781765595700977,2.9123572437973886,0.11351371414522002,0.017656644968489975,-0.5783766704784492,-1.0778218827997421,0.7614307861602669,3.447191919596667,0.713013150027696,0.6454840458464697,0.1914270928569252,0.10284725221249368,-1.29028048658935,-1.066334192819051,-0.09415336291632463,-0.4671714556276858,-0.6755077198756877,1.6526776102985388,-0.9607689228305228,-0.7220098160289725,-0.3157637485020014,1.0,0.0,0.0,0.0,1.0
790,-0.5467518751864427,-1.439414232614195,0.9920317455237933,0.09947428202170919,-0.445960232374257,-0.49090629977226946,0.4855085796131015,0.5968573514759201,-0.891974663170693,1.609304069825171,-0.4277444326750994,2.4781765595700977,2.4347128237562687,-1.1203310048245632,1.4800145847444912,-0.5783766704784492,0.445960232374257,1.3789030430383051,2.991602514968484,0.38629259861741866,0.28767692508900317,0.1914270928569252,0.9603377190868654,-0.3044191988591757,-0.28727410610534865,1.5291804804685827,0.7952030837437574,-0.6755077198756877,1.6526776102985388,-0.9607689228305228,1.3850227210205581,-0.3157637485020014,0.0,0.0,0.0,0.0,0.0
910,-0.011885910330140019,1.3719416904604045,-1.0080322575483704,1.0093000322202692,-0.445960232374257,0.5407041388990426,0.4855085796131015,0.5968573514759201,0.20241763323434528,0.16208817969462153,-0.4277444326750994,-0.5939431423763045,-0.9087981165315709,-1.1203310048245632,1.4800145847444912,-0.5783766704784492,0.445960232374257,0.004681062837018645,-0.6531127220569795,-0.9205896070236921,1.0032911666039361,0.1914270928569252,0.9603377190868654,0.0950781553107942,0.618078458117495,0.23051340576065682,-0.39928258116402876,1.4803679818552302,-0.6050786879235088,-0.9607689228305228,1.3850227210205581,-0.3157637485020014,0.0,0.0,0.0,0.0,0.0
215,1.4144233292866673,-0.7365752518455452,-1.0080322575483704,0.09947428202170919,1.8397129403867416,-0.6743306548799369,-0.8149608300648491,0.5968573514759201,1.2809322230206364,-1.285127710435928,-0.4277444326750994,-0.5939431423763045,-1.147620326552131,-1.1203310048245632,-1.3213947041519383,1.7289770681323857,-1.8397129403867416,-1.362250041171849,-0.72904428949501,-1.4106704341391085,-0.7857444371833963,0.1914270928569252,-1.8391788392579858,0.11018669322846389,-1.0079358404015015,-1.068153668947269,-0.8712391911832627,-0.6755077198756877,-0.6050786879235088,-0.9607689228305228,1.3850227210205581,-0.3157637485020014,0.0,0.0,1.0,0.0,1.0
817,-1.4381951499469472,-0.7365752518455452,-1.0080322575483704,1.4642129073195493,0.31593082521274257,-0.7171202161997525,0.4855085796131015,0.5968573514759201,1.330342054014004,-1.285127710435928,-0.4277444326750994,-0.5939431423763045,-1.6252647465932508,0.11351371414522002,0.9474186471442944,-0.5783766704784492,-0.31593082521274257,-1.3849385168510526,-0.880907424371071,-2.3908320883699417,1.0032911666039361,0.1914270928569252,0.20946742907961524,-0.7413447683382347,-0.6629759319855385,-1.068153668947269,-1.0497823044202352,-0.6755077198756877,-0.6050786879235088,-0.9607689228305228,-0.7220098160289725,-0.3157637485020014,0.0,0.0,0.0,0.0,0.0
67,0.5229800545261627,1.3719416904604045,0.9920317455237933,0.09947428202170919,-1.2078512899612566,-1.3790550507321877,-0.8149608300648491,-1.6754422099806283,0.3885502462029962,0.16208817969462153,-0.4277444326750994,0.9421167085968966,1.4794239836740288,-1.1203310048245632,1.4800145847444912,-0.5783766704784492,1.2078512899612566,-0.0807890789858245,1.0933133290177217,0.7946932878802656,0.6454840458464697,-2.0402359067704405,1.469205225298549,0.5742698881056156,-1.03477940852242,0.5551801744376382,-0.8510729225986263,-0.6755077198756877,-0.6050786879235088,1.0408329997330665,1.3850227210205581,-0.3157637485020014,0.0,0.0,0.0,0.0,0.0
381,-1.0816178400427454,-1.439414232614195,-1.0080322575483704,0.5543871571209893,-1.2078512899612566,1.2652382684104573,-0.8149608300648491,0.5968573514759201,-0.17781867557537884,-0.5615197653706532,-0.4277444326750994,-0.5939431423763045,-1.147620326552131,1.3473584331150033,1.4800145847444912,1.7289770681323857,1.2078512899612566,-0.25656267934993016,-0.72904428949501,-1.4106704341391085,1.0032911666039361,0.9353147593993804,1.469205225298549,1.5982883984334242,1.8660463868797688,-0.25648674725481535,-0.46398389238626225,1.4803679818552302,-0.6050786879235088,1.0408329997330665,-0.7220098160289725,-0.3157637485020014,0.0,0.0,0.0,0.0,0.0
956,1.4144233292866673,1.3719416904604045,-1.0080322575483704,-0.8103514681768509,-1.2078512899612566,-0.2059411517241128,-0.8149608300648491,0.5968573514759201,0.3673266433439919,-1.285127710435928,2.3378445716897667,0.9421167085968966,1.001779563632909,1.3473584331150033,0.41072902546571183,-0.5783766704784492,1.2078512899612566,-0.9427319501737121,0.7895870592655997,0.3046124607648491,-0.07013019566846333,0.1914270928569252,0.9833395553802867,0.11018669322846389,-0.2812300159971403,-1.068153668947269,-0.3010754785296518,-0.6755077198756877,-0.6050786879235088,-0.9607689228305228,-0.7220098160289725,3.166924654093602,0.0,1.0,1.0,0.0,1.0
870,-0.5467518751864427,-0.033736271076895225,-1.0080322575483704,-0.8103514681768509,0.31593082521274257,-0.2059411517241128,0.4855085796131015,-1.6754422099806283,0.18408435621618446,0.8856961247598962,-0.4277444326750994,-0.5939431423763045,-0.9087981165315709,0.11351371414522002,0.017656644968489975,-0.5783766704784492,-0.31593082521274257,0.44894377458368984,-0.6531127220569795,-0.9205896070236921,-0.7857444371833963,-1.2963482402279851,0.10284725221249368,0.11018669322846389,-0.2812300159971403,0.3928467900991475,-0.3010754785296518,-0.6755077198756877,1.6526776102985388,-0.9607689228305228,-0.7220098160289725,-0.3157637485020014,1.0,1.0,0.0,0.0,1.0
441,-0.19017456528224091,1.3719416904604045,-1.0080322575483704,0.5543871571209893,-1.2078512899612566,-0.8244406481395973,-0.8149608300648491,0.5968573514759201,0.004432319975554643,-0.5615197653706532,-0.4277444326750994,-0.5939431423763045,0.5241351435917889,-1.1203310048245632,1.4800145847444912,-0.5783766704784492,1.2078512899612566,-0.34025042320444826,-0.19752331742879659,2.019895355668807,1.0032911666039361,0.1914270928569252,1.469205225298549,0.11018669322846389,-0.4263598531367142,-0.25648674725481535,-0.3881733708879246,-0.6755077198756877,-0.6050786879235088,-0.9607689228305228,1.3850227210205581,-0.3157637485020014,0.0,0.0,1.0,0.0,1.0
853,-0.5467518751864427,-1.439414232614195,0.9920317455237933,1.4642129073195493,1.0778218827997421,-1.4389343892447977,-0.8149608300648491,0.5968573514759201,1.7488081573894894,-0.5615197653706532,-0.4277444326750994,2.4781765595700977,2.6735350337768287,-1.1203310048245632,-1.8521411317395913,1.7289770681323857,-1.0778218827997421,-1.1412494949857066,3.2193972172825753,0.5496528743225574,0.6454840458464697,0.9353147593993804,-1.5714737300869308,-0.4968873509117253,-1.156885951925794,-0.7434869002702875,-0.8878031343869275,-0.6755077198756877,-0.6050786879235088,1.0408329997330665,1.3850227210205581,-0.3157637485020014,0.0,0.0,0.0,0.0,0.0
714,-0.5467518751864427,-1.439414232614195,-1.0080322575483704,0.09947428202170919,-1.2078512899612566,-0.2059411517241128,-0.8149608300648491,0.5968573514759201,0.04684518202213206,-0.5615197653706532,-0.4277444326750994,0.9421167085968966,0.762957353612349,0.11351371414522002,1.4800145847444912,-0.5783766704784492,1.2078512899612566,-0.3597259641986758,0.6377239243895387,0.059572047207140884,0.6454840458464697,-0.55246057368553,1.469205225298549,0.11018669322846389,-0.2812300159971403,-0.25648674725481535,-0.3010754785296518,-0.6755077198756877,-0.6050786879235088,1.0408329997330665,-0.7220098160289725,-0.3157637485020014,0.0,1.0,0.0,0.0,1.0
315,-0.19017456528224091,1.3719416904604045,0.9920317455237933,0.09947428202170919,1.0778218827997421,-1.005529408854622,1.7859779892910521,-1.6754422099806283,-0.6816663281107689,0.16208817969462153,2.3378445716897667,-0.5939431423763045,-0.431153696490451,-1.1203310048245632,0.017656644968489975,1.7289770681323857,-1.0778218827997421,0.41064313662037183,-0.5012495871809185,0.059572047207140884,-0.4279373164259298,0.9353147593993804,0.10284725221249368,-2.075663003557048,-0.9667054847483885,-0.41882013159330606,-0.7772807399590196,-0.6755077198756877,-0.6050786879235088,-0.9607689228305228,1.3850227210205581,-0.3157637485020014,1.0,0.0,0.0,0.0,1.0
209,1.0578460193824655,1.3719416904604045,0.9920317455237933,-0.8103514681768509,1.0778218827997421,-0.2059411517241128,-0.8149608300648491,0.5968573514759201,0.0561184623200979,0.16208817969462153,-0.4277444326750994,-0.5939431423763045,-0.9087981165315709,2.5812031520847865,-1.6298956704858465,1.7289770681323857,-1.0778218827997421,0.07186010624684311,-0.6531127220569795,-0.9205896070236921,-1.1435515579408628,0.9353147593993804,-1.470489068897663,0.11018669322846389,-0.2812300159971403,-0.41882013159330606,-0.3010754785296518,-0.6755077198756877,-0.6050786879235088,1.0408329997330665,-0.7220098160289725,-0.3157637485020014,0.0,1.0,0.0,0.0,1.0
446,1.5927119842387683,-0.7365752518455452,0.9920317455237933,1.0093000322202692,-1.2078512899612566,-0.28767541993430357,-0.8149608300648491,0.5968573514759201,0.01623609437569732,0.16208817969462153,-0.4277444326750994,-0.5939431423763045,-0.192331486469891,0.11351371414522002,-0.1768448424143413,-0.5783766704784492,1.2078512899612566,0.09017367091491585,-0.425318019742888,0.5496528743225574,1.3610982873614026,-0.55246057368553,0.7163557095154267,0.9969132218240241,0.1624789147794346,0.5551801744376382,-0.2705925662903662,-0.6755077198756877,-0.6050786879235088,1.0408329997330665,-0.7220098160289725,-0.3157637485020014,0.0,0.0,0.0,0.0,0.0
366,-1.2599064949948464,0.6691027096917547,-1.0080322575483704,0.09947428202170919,1.0778218827997421,-0.45864044770615,0.4855085796131015,0.5968573514759201,1.8111477148539419,-1.285127710435928,-0.4277444326750994,-0.5939431423763045,-0.431153696490451,1.3473584331150033,0.017656644968489975,-0.5783766704784492,-1.0778218827997421,-1.6057194287277723,-0.5012495871809185,0.059572047207140884,-0.4279373164259298,0.1914270928569252,0.10284725221249368,-0.9905697897710145,-0.72672762839854,-1.068153668947269,-0.4902022239459594,-0.6755077198756877,-0.6050786879235088,-0.9607689228305228,-0.7220098160289725,-0.3157637485020014,1.0,0.0,0.0,0.0,1.0
827,0.7012687094782636,-0.7365752518455452,-1.0080322575483704,-1.265264343276131,1.8397129403867416,-1.0934764602905362,1.7859779892910521,0.5968573514759201,0.12332922832026613,1.609304069825171,2.3378445716897667,-0.5939431423763045,-0.6699759065110109,-1.1203310048245632,-2.083799545432575,-0.5783766704784492,-1.8397129403867416,0.9126861549015003,-0.577181154618949,-0.4305087799082756,-1.8591657994557957,0.9353147593993804,-2.1856029873663645,-2.4590438970005946,-1.0998975721479562,-0.41882013159330606,-0.8687139014659813,-0.6755077198756877,1.6526776102985388,-0.9607689228305228,1.3850227210205581,3.166924654093602,0.0,0.0,0.0,0.0,0.0
176,-0.011885910330140019,-0.7365752518455452,0.9920317455237933,0.09947428202170919,-0.445960232374257,-0.638232730756833,-0.8149608300648491,0.5968573514759201,0.8683876657314051,0.16208817969462153,-0.4277444326750994,-0.5939431423763045,-0.192331486469891,0.11351371414522002,1.4072475344302535,-0.5783766704784492,0.445960232374257,-0.3011253846170545,-0.425318019742888,0.5496528743225574,0.28767692508900317,-0.55246057368553,0.9272735751431745,0.5118349241374903,-0.41656938760857526,0.23051340576065682,-0.4914142973206386,-0.6755077198756877,-0.6050786879235088,1.0408329997330665,-0.7220098160289725,-0.3157637485020014,0.0,0.0,0.0,0.0,0.0
104,-0.36846322023434186,-1.439414232614195,-1.0080322575483704,-1.265264343276131,-1.2078512899612566,0.012030454499685381,-0.8149608300648491,0.5968573514759201,-0.3136011358889626,0.16208817969462153,-0.4277444326750994,-0.5939431423763045,-1.147620326552131,0.11351371414522002,1.4800145847444912,1.7289770681323857,1.2078512899612566,0.241631464364161,-0.72904428949501,-1.4106704341391085,-0.4279373164259298,0.9353147593993804,1.469205225298549,1.112976126363636,0.49126034205073577,0.5551801744376382,-0.7271225293175745,-0.6755077198756877,-0.6050786879235088,1.0408329997330665,-0.7220098160289725,-0.3157637485020014,0.0,0.0,0.0,0.0,0.0
678,1.5927119842387683,-0.033736271076895225,0.9920317455237933,1.4642129073195493,-0.445960232374257,-0.3084571083631572,1.7859779892910521,-1.6754422099806283,0.769640242862361,-1.285127710435928,-0.4277444326750994,-0.5939431423763045,0.04649072355066898,-1.1203310048245632,1.133463040669038,1.7289770681323857,0.445960232374257,-1.1274701315148017,-0.34938645230485754,1.039733701437974,1.3610982873614026,0.9353147593993804,0.80287043014583,-1.1070718213913593,-0.12715470726001227,-1.068153668947269,-0.1560001193066167,-0.6755077198756877,-0.6050786879235088,-0.9607689228305228,1.3850227210205581,-0.3157637485020014,0.0,0.0,0.0,0.0,0.0
626,-0.011885910330140019,-0.7365752518455452,0.9920317455237933,-0.35543859307757086,-1.2078512899612566,-0.2059411517241128,1.7859779892910521,0.5968573514759201,-0.227366171889984,0.16208817969462153,-0.4277444326750994,-0.5939431423763045,-0.431153696490451,1.3473584331150033,1.1581840235758651,-0.5783766704784492,1.2078512899612566,0.2020332742053959,-0.5012495871809185,0.059572047207140884,0.28767692508900317,0.9353147593993804,1.3229707420536505,0.11018669322846389,-0.2812300159971403,0.5551801744376382,-0.3010754785296518,-0.6755077198756877,-0.6050786879235088,-0.9607689228305228,-0.7220098160289725,-0.3157637485020014,0.0,1.0,0.0,0.0,1.0
52,-1.0816178400427454,-0.033736271076895225,-1.0080322575483704,0.09947428202170919,-0.445960232374257,-0.2059411517241128,0.4855085796131015,-1.6754422099806283,-0.25872260136944775,0.16208817969462153,2.3378445716897667,-0.5939431423763045,-0.6699759065110109,-1.1203310048245632,0.017656644968489975,-0.5783766704784492,0.445960232374257,0.21643181743714598,-0.577181154618949,-0.4305087799082756,0.28767692508900317,-1.2963482402279851,0.10284725221249368,0.11018669322846389,-0.2812300159971403,0.23051340576065682,-0.3010754785296518,-0.6755077198756877,-0.6050786879235088,-0.9607689228305228,1.3850227210205581,-0.3157637485020014,1.0,1.0,0.0,0.0,1.0
886,-1.4381951499469472,-1.439414232614195,-1.0080322575483704,-0.8103514681768509,-1.2078512899612566,-0.2059411517241128,-0.8149608300648491,0.5968573514759201,-0.6605867867277552,0.16208817969462153,-0.4277444326750994,-0.5939431423763045,-1.147620326552131,0.11351371414522002,-0.3340570488460498,-0.5783766704784492,1.2078512899612566,0.40096363251396283,-0.72904428949501,-1.4106704341391085,-0.07013019566846333,-0.55246057368553,0.644921083531335,0.11018669322846389,-0.2812300159971403,0.5551801744376382,-0.3010754785296518,-0.6755077198756877,-0.6050786879235088,1.0408329997330665,-0.7220098160289725,-0.3157637485020014,0.0,1.0,0.0,0.0,1.0
989,1.2361346743345663,-1.439414232614195,-1.0080322575483704,0.09947428202170919,-1.2078512899612566,-0.986483480224228,-0.8149608300648491,0.5968573514759201,-1.3685833411755235,0.8856961247598962,2.3378445716897667,-0.5939431423763045,-0.6699759065110109,0.11351371414522002,1.4800145847444912,-0.5783766704784492,1.2078512899612566,1.1619124810519506,-0.577181154618949,-0.4305087799082756,0.6454840458464697,0.1914270928569252,1.469205225298549,0.11018669322846389,-0.6041230475101464,1.3668470961300918,-0.8237828267896915,-0.6755077198756877,1.6526776102985388,-0.9607689228305228,-0.7220098160289725,-0.3157637485020014,0.0,0.0,1.0,0.0,1.0
971,1.771000639190869,0.6691027096917547,-1.0080322575483704,1.4642129073195493,0.31593082521274257,-1.4297754512667638,0.4855085796131015,0.5968573514759201,0.0052029089065833934,0.8856961247598962,-0.4277444326750994,-0.5939431423763045,0.5241351435917889,-1.1203310048245632,-0.5096724386207965,-0.5783766704784492,-0.31593082521274257,0.5310842572598885,-0.19752331742879659,2.019895355668807,1.0032911666039361,0.1914270928569252,-0.4526106569600837,-1.0173247993384442,-1.1320514329850428,0.3928467900991475,-0.9601386742178047,-0.6755077198756877,1.6526776102985388,-0.9607689228305228,1.3850227210205581,-0.3157637485020014,0.0,0.0,0.0,0.0,0.0
664,-0.5467518751864427,1.3719416904604045,-1.0080322575483704,0.09947428202170919,0.31593082521274257,-1.1809534727609747,0.4855085796131015,0.5968573514759201,-0.9685426428997345,1.609304069825171,-0.4277444326750994,-0.5939431423763045,-0.431153696490451,1.3473584331150033,-1.0485916051673971,-0.5783766704784492,-0.31593082521274257,1.4140622555059879,-0.5012495871809185,0.059572047207140884,-0.07013019566846333,0.1914270928569252,-0.6974866113894739,-0.9209669898920515,-0.9682747728496324,0.8798469431146198,-0.8693661238611896,-0.6755077198756877,1.6526776102985388,-0.9607689228305228,-0.7220098160289725,-0.3157637485020014,0.0,0.0,0.0,0.0,0.0
576,-0.5467518751864427,-1.439414232614195,-1.0080322575483704,-0.35543859307757086,-0.445960232374257,1.7893465673459068,-0.8149608300648491,0.5968573514759201,-0.7702201479705361,0.8856961247598962,-0.4277444326750994,0.9421167085968966,0.28531293357122894,0.11351371414522002,0.14841234406676915,1.7289770681323857,0.445960232374257,0.8871503844525058,0.3339976546374168,-0.4305087799082756,-0.07013019566846333,0.9353147593993804,0.3552796884070905,1.4519296248841498,1.713900661940687,0.8798469431146198,1.7336037582710364,1.4803679818552302,1.6526776102985388,1.0408329997330665,-0.7220098160289725,-0.3157637485020014,0.0,0.0,0.0,0.0,0.0
235,0.3446913995740618,0.6691027096917547,-1.0080322575483704,-1.265264343276131,0.31593082521274257,-0.18042275259662396,1.7859779892910521,-1.6754422099806283,0.26484203821066454,-0.5615197653706532,-0.4277444326750994,-0.5939431423763045,0.28531293357122894,0.11351371414522002,-0.3013157666416001,-0.5783766704784492,-0.31593082521274257,-0.4598278319917524,-0.27345488486682706,1.5298145285533904,-1.1435515579408628,-0.55246057368553,-0.3579368318675682,-1.4068126143737119,-0.3097172744509056,-0.5811535159317968,0.07921760406628853,-0.6755077198756877,-0.6050786879235088,-0.9607689228305228,-0.7220098160289725,-0.3157637485020014,0.0,0.0,0.0,0.0,0.0
199,0.3446913995740618,-1.439414232614195,-1.0080322575483704,0.5543871571209893,0.31593082521274257,0.4350566863523964,0.4855085796131015,-1.6754422099806283,-0.36534919119651704,0.8856961247598962,-0.4277444326750994,-0.5939431423763045,-0.6699759065110109,2.5812031520847865,-1.1110101980114184,-0.5783766704784492,-0.31593082521274257,0.7012378915072006,-0.577181154618949,-0.4305087799082756,0.28767692508900317,-1.2963482402279851,-0.725848587443813,-0.29515732504502934,0.09539632322407446,0.3928467900991475,-0.22681536836189628,1.4803679818552302,1.6526776102985388,-0.9607689228305228,-0.7220098160289725,-0.3157637485020014,0.0,0.0,0.0,0.0,0.0
625,0.1664027446219609,1.3719416904604045,0.9920317455237933,-0.8103514681768509,1.0778218827997421,1.1675072082333067,0.4855085796131015,-1.6754422099806283,0.26476793890770134,-0.5615197653706532,-0.4277444326750994,-0.5939431423763045,-0.9087981165315709,1.3473584331150033,0.313558855723605,-0.5783766704784492,-1.0778218827997421,-0.459793806369739,-0.6531127220569795,-0.9205896070236921,-1.1435515579408628,-1.2963482402279851,-0.5874154809878774,-0.3608343182356226,-0.01316517549918915,-0.7434869002702875,-0.20186587566055778,1.4803679818552302,-0.6050786879235088,-0.9607689228305228,-0.7220098160289725,-0.3157637485020014,0.0,0.0,0.0,0.0,0.0
174,0.3446913995740618,-0.033736271076895225,0.9920317455237933,-0.8103514681768509,1.0778218827997421,0.4052287519301069,0.4855085796131015,-1.6754422099806283,0.6109362272851503,0.16208817969462153,-0.4277444326750994,-0.5939431423763045,-1.147620326552131,0.11351371414522002,-0.11094685519189709,-0.5783766704784492,-1.0778218827997421,-0.18290638685225977,-0.72904428949501,-1.4106704341391085,-1.1435515579408628,-1.2963482402279851,-0.780303853816183,-0.656031240463476,-0.3476571160590402,-0.41882013159330606,-0.6445618694804179,1.4803679818552302,-0.6050786879235088,-0.9607689228305228,-0.7220098160289725,-0.3157637485020014,0.0,0.0,0.0,0.0,0.0
547,0.8795573644303645,-0.033736271076895225,-1.0080322575483704,-1.265264343276131,0.31593082521274257,0.4970073697282383,-0.8149608300648491,-1.6754422099806283,-0.8611388261765177,1.609304069825171,-0.4277444326750994,0.9421167085968966,0.762957353612349,0.11351371414522002,0.017656644968489975,-0.5783766704784492,-0.31593082521274257,1.3647435504105296,0.6377239243895387,0.059572047207140884,-1.1435515579408628,-2.0402359067704405,0.10284725221249368,0.6021406206401605,0.136172769409939,0.8798469431146198,1.0726746013887538,1.4803679818552302,1.6526776102985388,1.0408329997330665,-0.7220098160289725,-0.3157637485020014,1.0,0.0,0.0,0.0,1.0
588,-1.2599064949948464,0.6691027096917547,-1.0080322575483704,2.3740386575181094,-1.2078512899612566,-0.19732539655653006,0.4855085796131015,0.5968573514759201,1.4105739820457694,-0.5615197653706532,-0.4277444326750994,2.4781765595700977,1.7182461936945888,0.11351371414522002,-0.418824550827115,1.7289770681323857,1.2078512899612566,-0.9859359125087387,2.3082184080262094,-0.10378822849799779,2.434519649633802,1.6792024259418357,0.6064041328627905,0.1585946419008276,0.26159412130062837,-0.25648674725481535,0.9011239536250186,-0.6755077198756877,-0.6050786879235088,-0.9607689228305228,-0.7220098160289725,-0.3157637485020014,0.0,0.0,0.0,0.0,0.0
440,-1.2599064949948464,0.6691027096917547,0.9920317455237933,1.0093000322202692,-0.445960232374257,-0.6000289054081176,-0.8149608300648491,-1.6754422099806283,-2.7846147993784327,3.7801279050209953,-0.4277444326750994,2.4781765595700977,2.6735350337768287,0.11351371414522002,-0.7374568665392564,-0.5783766704784492,0.445960232374257,3.5555163145389623,3.2193972172825753,0.5496528743225574,1.0032911666039361,-2.0402359067704405,-0.04724462676402885,0.5266295855463464,-0.3830412941093184,3.4771810925304716,0.697517342971936,-0.6755077198756877,1.6526776102985388,1.0408329997330665,-0.7220098160289725,-0.3157637485020014,0.0,0.0,0.0,0.0,0.0
368,0.8795573644303645,-0.033736271076895225,-1.0080322575483704,-1.265264343276131,-0.445960232374257,-1.038036094825993,0.4855085796131015,0.5968573514759201,1.5846322267712964,-1.285127710435928,-0.4277444326750994,2.4781765595700977,1.240601773653469,-1.1203310048245632,-0.15105071213482596,1.7289770681323857,0.445960232374257,-1.5017058945989898,1.8526290033980264,-0.4305087799082756,-0.7857444371833963,1.6792024259418357,0.21920862941392938,-0.516298506510465,-0.7674411772650779,-1.068153668947269,-0.4367315262717759,-0.6755077198756877,-0.6050786879235088,-0.9607689228305228,1.3850227210205581,-0.3157637485020014,0.0,0.0,0.0,0.0,0.0
290,-0.9033291850906445,-1.439414232614195,-1.0080322575483704,2.8289515326173897,0.31593082521274257,-0.6527807941962294,0.4855085796131015,0.5968573514759201,0.7620275624091566,-0.5615197653706532,-0.4277444326750994,-0.5939431423763045,-0.192331486469891,0.11351371414522002,-0.4005674959773729,-0.5783766704784492,-0.31593082521274257,-0.6881302051640816,-0.425318019742888,0.5496528743225574,2.0767125288763357,0.1914270928569252,-0.4030351758466986,-0.7164289397505186,-0.620627198509269,-0.5811535159317968,-0.5005783582392029,-0.6755077198756877,-0.6050786879235088,-0.9607689228305228,-0.7220098160289725,-0.3157637485020014,0.0,0.0,0.0,0.0,0.0
374,0.7012687094782636,-1.439414232614195,-1.0080322575483704,0.09947428202170919,-0.445960232374257,0.4791126061412545,0.4855085796131015,0.5968573514759201,-2.584429031626779,0.8856961247598962,-0.4277444326750994,0.9421167085968966,1.4794239836740288,-1.1203310048245632,-0.1862583762881114,-0.5783766704784492,0.445960232374257,1.7202160579488353,1.0933133290177217,0.7946932878802656,0.28767692508900317,0.1914270928569252,0.2032108492310278,0.0712264633797773,0.5640250576996989,0.8798469431146198,1.6849885697160223,1.4803679818552302,1.6526776102985388,-0.9607689228305228,1.3850227210205581,-0.3157637485020014,0.0,0.0,0.0,1.0,1.0
317,-1.0816178400427454,1.3719416904604045,-1.0080322575483704,-0.8103514681768509,1.8397129403867416,-0.5057751899742141,0.4855085796131015,0.5968573514759201,3.772242224698359,-1.285127710435928,2.3378445716897667,-0.5939431423763045,0.28531293357122894,2.5812031520847865,-0.3474921188898258,1.7289770681323857,-1.8397129403867416,-2.5062334397390043,-0.27345488486682706,1.5298145285533904,-1.5013586786983293,1.6792024259418357,-1.3966536148991513,-1.3581458707398806,-0.9709543121410088,-1.068153668947269,-0.19404209298796174,-0.6755077198756877,-0.6050786879235088,-0.9607689228305228,-0.7220098160289725,3.166924654093602,0.0,0.0,0.0,0.0,0.0
712,0.5229800545261627,0.6691027096917547,-1.0080322575483704,-0.35543859307757086,0.31593082521274257,-0.05124288003658263,-0.8149608300648491,0.5968573514759201,0.20023706469694533,-1.285127710435928,-0.4277444326750994,-0.5939431423763045,-0.6699759065110109,0.11351371414522002,0.980081919384062,-0.5783766704784492,-0.31593082521274257,-0.8660061697942821,-0.577181154618949,-0.4305087799082756,-0.4279373164259298,-0.55246057368553,0.22430907966657482,0.3898274101552332,-0.22469002640935334,-1.068153668947269,-0.4310340200802539,-0.6755077198756877,-0.6050786879235088,1.0408329997330665,-0.7220098160289725,-0.3157637485020014,0.0,0.0,0.0,0.0,0.0
185,1.5927119842387683,1.3719416904604045,-1.0080322575483704,-0.35543859307757086,0.31593082521274257,-0.08235563731688182,1.7859779892910521,0.5968573514759201,1.162995097810399,-1.285127710435928,2.3378445716897667,-0.5939431423763045,0.5241351435917889,0.11351371414522002,0.4004975718991094,-0.5783766704784492,-0.31593082521274257,-1.308094551399645,-0.19752331742879659,2.019895355668807,-0.4279373164259298,0.1914270928569252,-0.03904446029411736,-1.3688355334750364,-0.24516869756843065,-1.068153668947269,0.313003690333526,-0.6755077198756877,-0.6050786879235088,-0.9607689228305228,-0.7220098160289725,3.166924654093602,0.0,0.0,0.0,1.0,1.0
428,0.7012687094782636,-0.033736271076895225,-1.0080322575483704,1.9191257824188295,0.31593082521274257,-0.3805747636347717,-0.8149608300648491,0.5968573514759201,0.28664180264318057,-0.5615197653706532,-0.4277444326750994,-0.5939431423763045,-0.431153696490451,1.3473584331150033,-1.287503457715023,-0.5783766704784492,-0.31593082521274257,-0.46983805496146663,-0.5012495871809185,0.059572047207140884,1.3610982873614026,-0.55246057368553,-0.8060442050857353,0.2622916551751417,-0.4414589641684437,-0.5811535159317968,-0.4492231910400979,-0.6755077198756877,-0.6050786879235088,1.0408329997330665,-0.7220098160289725,-0.3157637485020014,0.0,0.0,0.0,0.0,0.0
873,1.0578460193824655,-0.033736271076895225,-1.0080322575483704,-1.265264343276131,1.0778218827997421,0.5671771365697508,1.7859779892910521,0.5968573514759201,0.44054798790857735,-0.5615197653706532,-0.4277444326750994,-0.5939431423763045,-0.9087981165315709,1.3473584331150033,-0.5786107646456726,-0.5783766704784492,-1.0778218827997421,-0.5405101595015867,-0.6531127220569795,-0.9205896070236921,-1.5013586786983293,0.9353147593993804,-0.9928025981334735,-1.4666229238617956,-0.27659328236320624,-0.7434869002702875,-0.390944696044061,1.4803679818552302,-0.6050786879235088,-0.9607689228305228,-0.7220098160289725,-0.3157637485020014,0.0,0.0,0.0,0.0,0.0
68,-0.9033291850906445,-1.439414232614195,0.9920317455237933,-0.35543859307757086,0.31593082521274257,-0.8477157232305856,-0.8149608300648491,0.5968573514759201,0.5460577857074442,0.16208817969462153,-0.4277444326750994,-0.5939431423763045,-0.192331486469891,0.11351371414522002,-0.3203050492778755,1.7289770681323857,-0.31593082521274257,-0.15311488758487712,-0.425318019742888,0.5496528743225574,-0.4279373164259298,0.9353147593993804,-0.36656524777506855,0.08138850570399835,-0.7489349622072307,-0.09415336291632463,-0.6233710290485187,-0.6755077198756877,-0.6050786879235088,1.0408329997330665,-0.7220098160289725,-0.3157637485020014,0.0,0.0,0.0,0.0,0.0
665,-0.36846322023434186,-0.7365752518455452,0.9920317455237933,-0.8103514681768509,1.0778218827997421,-0.8286393881067282,0.4855085796131015,-1.6754422099806283,-0.6245707979491064,1.609304069825171,-0.4277444326750994,0.9421167085968966,0.04649072355066898,0.11351371414522002,0.5424790658203311,-0.5783766704784492,-1.0778218827997421,1.2561139953805756,0.18213451976135583,-0.6755491934659839,-1.1435515579408628,-1.2963482402279851,-0.48339792433865636,-1.1338541073726314,-0.8890851797058162,0.23051340576065682,-0.538283241745335,-0.6755077198756877,1.6526776102985388,-0.9607689228305228,-0.7220098160289725,-0.3157637485020014,0.0,0.0,0.0,0.0,0.0
239,0.1664027446219609,-1.439414232614195,0.9920317455237933,1.9191257824188295,-0.445960232374257,0.10678583282677952,0.4855085796131015,0.5968573514759201,-0.8414248749916325,-0.5615197653706532,2.3378445716897667,-0.5939431423763045,-0.192331486469891,-1.1203310048245632,0.7154264482404672,-0.5783766704784492,0.445960232374257,0.04815832076936538,-0.425318019742888,0.5496528743225574,1.718905408118869,0.1914270928569252,0.6129215177452455,-0.07295932153468439,0.23726702354948537,-0.41882013159330606,-0.022115030749338294,-0.6755077198756877,-0.6050786879235088,-0.9607689228305228,1.3850227210205581,-0.3157637485020014,0.0,0.0,0.0,0.0,0.0
554,0.5229800545261627,1.3719416904604045,-1.0080322575483704,0.09947428202170919,-0.445960232374257,-1.0415620152727068,-0.8149608300648491,0.5968573514759201,-0.7253104797325618,0.8856961247598962,-0.4277444326750994,0.9421167085968966,-0.431153696490451,1.3473584331150033,0.6836626177417333,-0.5783766704784492,0.445960232374257,0.866528336267092,-0.12159174999076611,-1.1656300205814003,0.28767692508900317,0.1914270928569252,0.5984885586067654,0.3556432300801014,-0.7705355634771733,0.8798469431146198,-0.7961953422155061,-0.6755077198756877,1.6526776102985388,1.0408329997330665,-0.7220098160289725,-0.3157637485020014,0.0,0.0,0.0,1.0,1.0
103,-0.36846322023434186,-1.439414232614195,-1.0080322575483704,-0.8103514681768509,1.8397129403867416,-1.0130019581242609,0.4855085796131015,0.5968573514759201,0.33063251235174307,-0.5615197653706532,-0.4277444326750994,-0.5939431423763045,-1.147620326552131,1.3473584331150033,-1.0378329072619268,-0.5783766704784492,-1.8397129403867416,-0.4900381270375601,-0.72904428949501,-1.4106704341391085,-1.5013586786983293,0.1914270928569252,-1.7103330494559443,-1.5545724909484915,-1.0822412471051832,-0.9058202846087783,-0.9423507052627685,-0.6755077198756877,-0.6050786879235088,-0.9607689228305228,-0.7220098160289725,-0.3157637485020014,0.0,0.0,0.0,0.0,0.0
112,1.0578460193824655,-0.7365752518455452,0.9920317455237933,-0.8103514681768509,-0.445960232374257,-0.2059411517241128,-0.8149608300648491,0.5968573514759201,0.28672318656630996,-1.285127710435928,-0.4277444326750994,-0.5939431423763045,-0.9087981165315709,-1.1203310048245632,0.2478657890762715,-0.5783766704784492,0.445960232374257,-0.9057196890104298,-0.6531127220569795,-0.9205896070236921,-0.4279373164259298,-0.55246057368553,0.4004696886515648,0.11018669322846389,-0.2812300159971403,-1.068153668947269,-0.3010754785296518,-0.6755077198756877,-0.6050786879235088,1.0408329997330665,1.3850227210205581,-0.3157637485020014,0.0,1.0,0.0,0.0,1.0
596,-0.9033291850906445,-0.7365752518455452,0.9920317455237933,-1.265264343276131,-0.445960232374257,-0.31359050252165016,-0.8149608300648491,-1.6754422099806283,-1.552528813919268,0.8856961247598962,-0.4277444326750994,-0.5939431423763045,0.04649072355066898,-1.1203310048245632,0.8449758320109446,-0.5783766704784492,0.445960232374257,1.2463783110444926,-0.34938645230485754,1.039733701437974,-0.7857444371833963,-2.0402359067704405,0.6717866147129776,0.6375545818397145,-0.13165982992098893,0.8798469431146198,-0.1597726621709848,-0.6755077198756877,1.6526776102985388,1.0408329997330665,1.3850227210205581,-0.3157637485020014,0.0,0.0,0.0,0.0,0.0
29,0.1664027446219609,-0.033736271076895225,-1.0080322575483704,0.5543871571209893,1.8397129403867416,0.8454315902890698,1.7859779892910521,0.5968573514759201,1.6380124404400485,-1.285127710435928,-0.4277444326750994,2.4781765595700977,1.240601773653469,0.11351371414522002,-0.8222534748546921,-0.5783766704784492,-1.8397129403867416,-1.5262175283209658,1.8526290033980264,-0.4305087799082756,-0.4279373164259298,0.9353147593993804,-1.6123773215044817,-1.7081900793685656,-0.6744958629413623,-1.068153668947269,1.936122108363983,1.4803679818552302,-0.6050786879235088,-0.9607689228305228,-0.7220098160289725,-0.3157637485020014,0.0,0.0,0.0,0.0,0.0
427,-0.19017456528224091,1.3719416904604045,-1.0080322575483704,0.09947428202170919,-1.2078512899612566,0.3326000628038244,-0.8149608300648491,0.5968573514759201,-0.7557718020912041,0.16208817969462153,-0.4277444326750994,-0.5939431423763045,-0.9087981165315709,1.3473584331150033,0.9070940850356571,-0.5783766704784492,1.2078512899612566,0.4446715923001056,-0.6531127220569795,-0.9205896070236921,0.6454840458464697,-0.55246057368553,1.2088796275333544,1.2371186374744716,0.842929569612876,0.5551801744376382,-0.46482664614156094,1.4803679818552302,-0.6050786879235088,1.0408329997330665,-0.7220098160289725,-0.3157637485020014,0.0,0.0,0.0,0.0,0.0
740,1.4144233292866673,-1.439414232614195,0.9920317455237933,-1.265264343276131,1.8397129403867416,-0.8946031805628042,1.7859779892910521,0.5968573514759201,0.5619279905332948,-1.285127710435928,-0.4277444326750994,-0.5939431423763045,0.04649072355066898,-1.1203310048245632,-2.485716831912812,1.7289770681323857,-1.8397129403867416,-1.0320908458444422,-0.34938645230485754,1.039733701437974,-1.8591657994557957,2.4230900924842906,-2.3682275537910367,-2.3820290219197817,-1.0562642327090859,-1.068153668947269,-0.5867601805607812,-0.6755077198756877,-0.6050786879235088,-0.9607689228305228,1.3850227210205581,-0.3157637485020014,0.0,0.0,0.0,0.0,0.0
434,-0.36846322023434186,-1.439414232614195,0.9920317455237933,-1.7201772183754112,-0.445960232374257,2.98558253461872,-0.8149608300648491,0.5968573514759201,-0.9303422247770342,1.609304069825171,-0.4277444326750994,-0.5939431423763045,-0.192331486469891,0.11351371414522002,0.017656644968489975,-0.5783766704784492,0.445960232374257,1.3965210245386397,-0.425318019742888,0.5496528743225574,-1.1435515579408628,-0.55246057368553,0.10284725221249368,1.9151792062900503,2.7637303842735976,1.5291804804685827,1.7912856639398125,1.4803679818552302,1.6526776102985388,1.0408329997330665,-0.7220098160289725,-0.3157637485020014,1.0,0.0,0.0,0.0,1.0
884,0.5229800545261627,-0.7365752518455452,-1.0080322575483704,-0.35543859307757086,-1.2078512899612566,0.6922557134249026,1.7859779892910521,0.5968573514759201,-0.46369254982433655,-0.5615197653706532,-0.4277444326750994,2.4781765595700977,2.4347128237562687,0.11351371414522002,-0.6505023014313704,-0.5783766704784492,1.2078512899612566,-0.1252923974481808,2.991602514968484,0.38629259861741866,0.28767692508900317,0.9353147593993804,0.5011335954224304,-0.3702168872021099,1.2374767180820359,-0.25648674725481535,2.90686637351009,1.4803679818552302,-0.6050786879235088,-0.9607689228305228,-0.7220098160289725,-0.3157637485020014,0.0,0.0,0.0,0.0,0.0
793,-0.7250405301385436,1.3719416904604045,-1.0080322575483704,-0.8103514681768509,-1.2078512899612566,-1.0784580721100094,-0.8149608300648491,0.5968573514759201,-0.7973630770501108,0.16208817969462153,-0.4277444326750994,0.9421167085968966,0.28531293357122894,0.11351371414522002,1.2021572936212785,1.7289770681323857,1.2078512899612566,0.4637698691288382,0.3339976546374168,-0.4305087799082756,-0.07013019566846333,0.9353147593993804,1.3429514685524921,0.6906778781078466,-0.7050204278167942,0.5551801744376382,-0.6750317303852847,-0.6755077198756877,-0.6050786879235088,1.0408329997330665,-0.7220098160289725,-0.3157637485020014,0.0,0.0,0.0,0.0,0.0
221,0.7012687094782636,1.3719416904604045,0.9920317455237933,-0.35543859307757086,1.0778218827997421,2.98558253461872,1.7859779892910521,0.5968573514759201,0.8510543669566776,-1.285127710435928,-0.4277444326750994,-0.5939431423763045,-0.192331486469891,1.3473584331150033,0.017656644968489975,1.7289770681323857,-1.0778218827997421,-1.1648546425993571,-0.425318019742888,0.5496528743225574,-0.7857444371833963,2.4230900924842906,0.10284725221249368,-0.5300808711511737,0.784616185075895,-1.068153668947269,1.7912856639398125,1.4803679818552302,-0.6050786879235088,-0.9607689228305228,-0.7220098160289725,-0.3157637485020014,1.0,0.0,0.0,0.0,1.0
169,-1.6164838048990482,-0.033736271076895225,-1.0080322575483704,-1.265264343276131,-0.445960232374257,-0.2059411517241128,0.4855085796131015,0.5968573514759201,-0.5404737468188094,0.8856961247598962,-0.4277444326750994,-0.5939431423763045,-0.192331486469891,0.11351371414522002,1.4800145847444912,1.7289770681323857,0.445960232374257,0.7816532489610853,-0.425318019742888,0.5496528743225574,-0.7857444371833963,1.6792024259418357,0.9603377190868654,0.11018669322846389,-0.2812300159971403,0.8798469431146198,-0.3010754785296518,-0.6755077198756877,1.6526776102985388,-0.9607689228305228,-0.7220098160289725,-0.3157637485020014,0.0,1.0,0.0,0.0,1.0
23,1.5927119842387683,-0.033736271076895225,-1.0080322575483704,0.09947428202170919,0.31593082521274257,0.6583503021256947,-0.8149608300648491,0.5968573514759201,-0.9769271463475931,1.609304069825171,-0.4277444326750994,2.4781765595700977,1.001779563632909,-1.1203310048245632,0.017656644968489975,-0.5783766704784492,-0.31593082521274257,1.417912331467277,1.624834301083935,-0.5938690556134145,-0.07013019566846333,-0.55246057368553,0.10284725221249368,0.6646216427300747,0.2423700063388863,0.8798469431146198,1.4712465928518197,1.4803679818552302,1.6526776102985388,1.0408329997330665,1.3850227210205581,-0.3157637485020014,1.0,0.0,0.0,0.0,1.0
362,-1.0816178400427454,0.6691027096917547,0.9920317455237933,1.0093000322202692,-0.445960232374257,-0.6619735627251336,-0.8149608300648491,0.5968573514759201,1.252628921414616,-1.285127710435928,-0.4277444326750994,-0.5939431423763045,-0.431153696490451,0.11351371414522002,1.333285836889311,-0.5783766704784492,0.445960232374257,-1.3492534622073198,-0.5012495871809185,0.059572047207140884,1.0032911666039361,-0.55246057368553,0.8936666032616327,0.5026411440034453,-0.43740460048890256,-1.068153668947269,-0.5969379108272227,-0.6755077198756877,-0.6050786879235088,1.0408329997330665,-0.7220098160289725,-0.3157637485020014,0.0,0.0,0.0,0.0,0.0
216,-0.36846322023434186,-0.7365752518455452,-1.0080322575483704,0.5543871571209893,1.0778218827997421,-0.2059411517241128,0.4855085796131015,0.5968573514759201,-0.6689088588691382,0.8856961247598962,-0.4277444326750994,2.4781765595700977,3.390001663838509,0.11351371414522002,0.07984677627910683,-0.5783766704784492,-1.0778218827997421,0.840629304080578,3.9027813242248497,1.039733701437974,-0.07013019566846333,0.1914270928569252,-0.693610383801193,0.11018669322846389,-0.2812300159971403,-0.09415336291632463,-0.3010754785296518,-0.6755077198756877,1.6526776102985388,-0.9607689228305228,-0.7220098160289725,-0.3157637485020014,0.0,1.0,0.0,0.0,1.0
484,1.4144233292866673,-0.7365752518455452,0.9920317455237933,-0.35543859307757086,1.8397129403867416,-0.2059411517241128,0.4855085796131015,-1.6754422099806283,1.3411741109532314,-1.285127710435928,2.3378445716897667,-0.5939431423763045,0.28531293357122894,-1.1203310048245632,-0.9745793278197308,1.7289770681323857,-1.8397129403867416,-1.3899124836807388,-0.27345488486682706,1.5298145285533904,-1.1435515579408628,0.1914270928569252,-1.681591669303818,0.11018669322846389,-0.2812300159971403,-1.068153668947269,-0.3010754785296518,-0.6755077198756877,-0.6050786879235088,-0.9607689228305228,1.3850227210205581,3.166924654093602,0.0,1.0,0.0,0.0,1.0
300,-1.4381951499469472,-1.439414232614195,0.9920317455237933,0.09947428202170919,1.0778218827997421,-0.9750337052908279,-0.8149608300648491,0.5968573514759201,0.4548405196458267,-0.5615197653706532,-0.4277444326750994,0.9421167085968966,0.762957353612349,-1.1203310048245632,-1.5060085150273987,1.7289770681323857,-1.0778218827997421,-0.5470731400298616,0.6377239243895387,0.059572047207140884,-0.4279373164259298,0.9353147593993804,-1.4141967948098266,-0.3172390176940557,-0.9533238038423572,-0.7434869002702875,-0.4727629457114748,-0.6755077198756877,-0.6050786879235088,1.0408329997330665,1.3850227210205581,-0.3157637485020014,0.0,0.0,0.0,0.0,0.0
417,1.4144233292866673,-0.033736271076895225,-1.0080322575483704,1.4642129073195493,-1.2078512899612566,0.33706828721241944,-0.8149608300648491,0.5968573514759201,-0.06319456903085918,-0.5615197653706532,-0.4277444326750994,-0.5939431423763045,-1.147620326552131,-1.1203310048245632,0.017656644968489975,-0.5783766704784492,1.2078512899612566,-0.3091968657314795,-0.72904428949501,-1.4106704341391085,1.718905408118869,-0.55246057368553,0.10284725221249368,1.2388489842819066,0.8478312726615758,-0.25648674725481535,-0.6588736632462475,1.4803679818552302,-0.6050786879235088,1.0408329997330665,1.3850227210205581,-0.3157637485020014,1.0,0.0,0.0,0.0,1.0
30,0.5229800545261627,0.6691027096917547,-1.0080322575483704,-0.8103514681768509,-0.445960232374257,0.8157905460434737,0.4855085796131015,0.5968573514759201,0.5953783402846708,-0.5615197653706532,-0.4277444326750994,-0.5939431423763045,-1.386442536572691,0.11351371414522002,-0.17921104118237854,-0.5783766704784492,0.445960232374257,-0.6116066318768726,-0.8049758569330404,-1.900751261254525,-0.4279373164259298,0.1914270928569252,0.20641304172542085,0.2016070228975419,0.859497287120263,-0.41882013159330606,-0.8040688323744031,1.4803679818552302,-0.6050786879235088,-0.9607689228305228,-0.7220098160289725,-0.3157637485020014,0.0,0.0,0.0,0.0,0.0
757,-0.9033291850906445,-0.7365752518455452,-1.0080322575483704,0.09947428202170919,-0.445960232374257,0.2361873473235857,-0.8149608300648491,0.5968573514759201,-0.5024212717899844,-0.5615197653706532,2.3378445716897667,-0.5939431423763045,-0.6699759065110109,0.11351371414522002,-0.868191271229036,-0.5783766704784492,0.445960232374257,-0.10750857490237628,-0.577181154618949,-0.4305087799082756,0.28767692508900317,-0.55246057368553,-0.1066481776347694,0.8504593646541567,0.3508312029842091,-0.41882013159330606,-0.3103293813110657,-0.6755077198756877,-0.6050786879235088,1.0408329997330665,-0.7220098160289725,-0.3157637485020014,0.0,0.0,0.0,0.0,0.0
738,-0.011885910330140019,1.3719416904604045,-1.0080322575483704,-0.8103514681768509,-1.2078512899612566,1.8083494998769936,1.7859779892910521,-1.6754422099806283,0.18260529775213571,-0.5615197653706532,-0.4277444326750994,-0.5939431423763045,-0.6699759065110109,0.11351371414522002,1.4800145847444912,-0.5783766704784492,1.2078512899612566,-0.42206558410871964,-0.577181154618949,-0.4305087799082756,-0.07013019566846333,-0.55246057368553,1.469205225298549,0.061997152108534646,2.461846806827731,-0.25648674725481535,0.349890897027155,1.4803679818552302,-0.6050786879235088,-0.9607689228305228,-0.7220098160289725,-0.3157637485020014,0.0,0.0,0.0,0.0,0.0
307,-0.9033291850906445,-0.033736271076895225,0.9920317455237933,1.4642129073195493,0.31593082521274257,-1.0153189936149376,0.4855085796131015,0.5968573514759201,0.3186722807759186,0.8856961247598962,-0.4277444326750994,-0.5939431423763045,-0.6699759065110109,0.11351371414522002,-0.024564773561332888,-0.5783766704784492,-0.31593082521274257,0.3871424125531682,-0.577181154618949,-0.4305087799082756,1.0032911666039361,0.1914270928569252,-0.23218575865174496,-0.8568240404823998,-0.8592528047714586,0.3928467900991475,-0.8358921315747735,-0.6755077198756877,1.6526776102985388,-0.9607689228305228,-0.7220098160289725,-0.3157637485020014,0.0,0.0,0.0,0.0,0.0
410,0.7012687094782636,-1.439414232614195,-1.0080322575483704,0.5543871571209893,-0.445960232374257,1.5698200345811948,1.7859779892910521,0.5968573514759201,0.1837100937877572,-1.285127710435928,-0.4277444326750994,0.9421167085968966,1.957068403715149,0.11351371414522002,-0.2537413687563746,1.7289770681323857,0.445960232374257,-0.8584171582557818,1.3970395987698436,1.2847741149956822,0.6454840458464697,2.4230900924842906,0.1725476937631873,-0.3796976878272866,1.5212417842256984,-1.068153668947269,3.8233582618324857,1.4803679818552302,-0.6050786879235088,-0.9607689228305228,-0.7220098160289725,-0.3157637485020014,0.0,0.0,0.0,0.0,0.0
848,1.4144233292866673,-1.439414232614195,-1.0080322575483704,1.0093000322202692,-0.445960232374257,-0.601380862575278,-0.8149608300648491,0.5968573514759201,-1.463914488882809,0.16208817969462153,-0.4277444326750994,0.9421167085968966,1.240601773653469,-1.1203310048245632,-0.8509271729973895,-0.5783766704784492,0.445960232374257,0.7698432798704157,0.9414501941416606,0.5496528743225574,1.0032911666039361,-0.55246057368553,-0.09880365698257691,0.5261060319926155,-0.3842277864538361,0.23051340576065682,0.11338088771717618,-0.6755077198756877,-0.6050786879235088,1.0408329997330665,1.3850227210205581,-0.3157637485020014,0.0,0.0,0.0,0.0,0.0
187,1.0578460193824655,-0.7365752518455452,-1.0080322575483704,1.9191257824188295,1.0778218827997421,1.3471665258904064,0.4855085796131015,-1.6754422099806283,0.14161969518330025,0.16208817969462153,-0.4277444326750994,-0.5939431423763045,-0.431153696490451,0.11351371414522002,0.3749334267189691,-0.5783766704784492,-1.0778218827997421,0.03259883772279011,-0.5012495871809185,0.059572047207140884,1.0032911666039361,0.1914270928569252,-0.5595278911912644,-0.2912601656626459,0.06567031211805383,-0.41882013159330606,0.45772033989126315,1.4803679818552302,-0.6050786879235088,-0.9607689228305228,-0.7220098160289725,-0.3157637485020014,0.0,0.0,0.0,1.0,1.0
120,1.4144233292866673,-0.7365752518455452,0.9920317455237933,-0.35543859307757086,-0.445960232374257,-0.4691526115610256,-0.8149608300648491,0.5968573514759201,0.39822235823417307,-1.285127710435928,-0.4277444326750994,-0.5939431423763045,-0.9087981165315709,0.11351371414522002,1.2489492454453583,-0.5783766704784492,0.445960232374257,-0.9569189381027251,-0.6531127220569795,-0.9205896070236921,-0.07013019566846333,0.1914270928569252,0.8553454512129905,0.11018669322846389,-0.2681828322435601,-1.068153668947269,-0.7173451473189986,-0.6755077198756877,-0.6050786879235088,-0.9607689228305228,-0.7220098160289725,-0.3157637485020014,0.0,0.0,1.0,0.0,1.0
889,-0.7250405301385436,-1.439414232614195,0.9920317455237933,0.5543871571209893,-0.445960232374257,-1.0684348160394237,-0.8149608300648491,0.5968573514759201,-1.8068845983417186,0.8856961247598962,-0.4277444326750994,-0.5939431423763045,-0.9087981165315709,-1.1203310048245632,0.9933664615342436,1.7289770681323857,0.445960232374257,1.3631758169802677,-0.6531127220569795,-0.9205896070236921,0.6454840458464697,0.9353147593993804,0.7392128620772078,0.3452365761698643,-0.7941194263094766,0.8798469431146198,-0.9060939334419503,-0.6755077198756877,1.6526776102985388,1.0408329997330665,1.3850227210205581,-0.3157637485020014,0.0,0.0,0.0,0.0,0.0
509,0.5229800545261627,-1.439414232614195,-1.0080322575483704,-0.8103514681768509,1.0778218827997421,-0.2059411517241128,0.4855085796131015,0.5968573514759201,-0.651156263272319,0.8856961247598962,-0.4277444326750994,-0.5939431423763045,-1.147620326552131,2.5812031520847865,-2.0032865560071613,-0.5783766704784492,-1.0778218827997421,0.8324774985523374,-0.72904428949501,-1.4106704341391085,-1.1435515579408628,0.1914270928569252,-1.6401517106128944,0.11018669322846389,-0.2812300159971403,-0.09415336291632463,-0.3010754785296518,-0.6755077198756877,1.6526776102985388,-0.9607689228305228,-0.7220098160289725,-0.3157637485020014,0.0,1.0,0.0,0.0,1.0
335,-1.6164838048990482,1.3719416904604045,0.9920317455237933,3.73877728281595,-0.445960232374257,-0.5959007104598923,-0.8149608300648491,0.5968573514759201,-0.0410724583441454,0.16208817969462153,-0.4277444326750994,-0.5939431423763045,-0.9087981165315709,0.11351371414522002,1.4029829209813138,-0.5783766704784492,0.445960232374257,0.11648915668876991,-0.6531127220569795,-0.9205896070236921,3.150133891148735,0.1914270928569252,0.9253358053375961,0.11018669322846389,-0.3794183452306687,0.23051340576065682,-0.7572654880729434,-0.6755077198756877,-0.6050786879235088,-0.9607689228305228,-0.7220098160289725,-0.3157637485020014,0.0,0.0,1.0,1.0,1.0
563,-1.0816178400427454,0.6691027096917547,0.9920317455237933,0.09947428202170919,0.31593082521274257,0.45559534875131363,-0.8149608300648491,-1.6754422099806283,0.4759651761913602,-1.285127710435928,-0.4277444326750994,-0.5939431423763045,-0.6699759065110109,1.3473584331150033,0.076092546159059,-0.5783766704784492,-0.31593082521274257,-0.9926176239511174,-0.577181154618949,-0.4305087799082756,-0.07013019566846333,-2.0402359067704405,-0.18644873765324635,0.586103566156279,0.1089150386990628,-1.068153668947269,-0.21819027750616965,1.4803679818552302,-0.6050786879235088,1.0408329997330665,-0.7220098160289725,-0.3157637485020014,0.0,0.0,0.0,0.0,0.0
583,-0.36846322023434186,-0.033736271076895225,-1.0080322575483704,1.0093000322202692,-1.2078512899612566,0.9700317514434125,-0.8149608300648491,-1.6754422099806283,-0.5524435931163232,0.16208817969462153,-0.4277444326750994,0.9421167085968966,-0.431153696490451,-1.1203310048245632,1.2312224034704646,-0.5783766704784492,1.2078512899612566,0.35130541331354254,-0.12159174999076611,-1.1656300205814003,1.3610982873614026,-2.0402359067704405,1.3561581736702988,1.4839678971655594,1.5422008160463154,0.5551801744376382,0.2597509181684315,1.4803679818552302,-0.6050786879235088,1.0408329997330665,1.3850227210205581,-0.3157637485020014,0.0,0.0,0.0,0.0,0.0
325,-0.9033291850906445,-0.033736271076895225,-1.0080322575483704,0.5543871571209893,0.31593082521274257,-0.8272678536800252,-0.8149608300648491,-1.6754422099806283,-0.3015342717484165,1.609304069825171,-0.4277444326750994,-0.5939431423763045,-0.431153696490451,2.5812031520847865,-1.3420753533405718,-0.5783766704784492,-0.31593082521274257,1.107779013842538,-0.5012495871809185,0.059572047207140884,0.28767692508900317,0.1914270928569252,-0.830840771724773,0.11018669322846389,-0.735476007327176,0.8798469431146198,-0.6837058712795798,-0.6755077198756877,1.6526776102985388,-0.9607689228305228,-0.7220098160289725,-0.3157637485020014,0.0,0.0,1.0,0.0,1.0
436,-0.011885910330140019,1.3719416904604045,0.9920317455237933,-1.7201772183754112,-0.445960232374257,-1.446633942985572,-0.8149608300648491,0.5968573514759201,0.4705352976005396,0.8856961247598962,-0.4277444326750994,-0.5939431423763045,-0.9087981165315709,0.11351371414522002,1.4800145847444912,1.7289770681323857,0.445960232374257,0.31740850951151667,-0.6531127220569795,-0.9205896070236921,-1.1435515579408628,0.1914270928569252,0.9603377190868654,0.11018669322846389,-1.1260311020080507,0.8798469431146198,-1.02521081291942,-0.6755077198756877,1.6526776102985388,-0.9607689228305228,-0.7220098160289725,-0.3157637485020014,0.0,0.0,1.0,0.0,1.0
955,1.4144233292866673,-0.7365752518455452,0.9920317455237933,-1.7201772183754112,1.0778218827997421,0.9120872982125994,1.7859779892910521,-1.6754422099806283,-0.9694353376271903,0.8856961247598962,-0.4277444326750994,0.9421167085968966,1.001779563632909,1.3473584331150033,-0.9198943003535954,-0.5783766704784492,-1.0778218827997421,0.9786279081473275,0.7895870592655997,0.3046124607648491,-1.8591657994557957,-0.55246057368553,-1.1478761912161715,-1.3330543869050295,-0.12524482389274996,-0.09415336291632463,1.7642738434125094,1.4803679818552302,1.6526776102985388,-0.9607689228305228,-0.7220098160289725,-0.3157637485020014,0.0,0.0,0.0,0.0,0.0
572,1.2361346743345663,-1.439414232614195,-1.0080322575483704,0.09947428202170919,-1.2078512899612566,0.10500345366463205,0.4855085796131015,0.5968573514759201,-0.40337761229500385,0.16208817969462153,-0.4277444326750994,0.9421167085968966,0.762957353612349,0.11351371414522002,-0.5348483436467683,1.7289770681323857,1.2078512899612566,0.2828558798408396,0.6377239243895387,0.059572047207140884,0.6454840458464697,1.6792024259418357,0.5536848406815693,0.27567330960814973,0.5932529887443435,0.5551801744376382,0.6611252358337357,-0.6755077198756877,-0.6050786879235088,-0.9607689228305228,-0.7220098160289725,-0.3157637485020014,0.0,0.0,0.0,0.0,0.0
924,1.2361346743345663,1.3719416904604045,0.9920317455237933,0.5543871571209893,-1.2078512899612566,2.4401343810095453,-0.8149608300648491,0.5968573514759201,-0.29484350833287126,0.16208817969462153,-0.4277444326750994,-0.5939431423763045,-0.9087981165315709,0.11351371414522002,-0.49955543511077,-0.5783766704784492,1.2078512899612566,0.23301815871122206,-0.6531127220569795,-0.9205896070236921,1.0032911666039361,-0.55246057368553,0.5697213545018557,2.053273992619978,3.154923428497155,0.5551801744376382,0.19895836416092993,1.4803679818552302,-0.6050786879235088,1.0408329997330665,-0.7220098160289725,-0.3157637485020014,0.0,0.0,0.0,0.0,0.0
619,-1.4381951499469472,1.3719416904604045,-1.0080322575483704,-1.265264343276131,1.8397129403867416,-0.4494450447783897,0.4855085796131015,0.5968573514759201,1.1102286361932159,-0.5615197653706532,-0.4277444326750994,-0.5939431423763045,0.28531293357122894,0.11351371414522002,-2.047578770890506,-0.5783766704784492,-1.8397129403867416,-0.8480204827706298,-0.27345488486682706,1.5298145285533904,-1.8591657994557957,0.1914270928569252,-2.169144866581763,-1.3363316828234357,-0.9585953248032669,-0.9058202846087783,-0.14673106456812934,-0.6755077198756877,-0.6050786879235088,-0.9607689228305228,-0.7220098160289725,-0.3157637485020014,0.0,0.0,0.0,0.0,0.0
508,-0.9033291850906445,0.6691027096917547,-1.0080322575483704,-1.265264343276131,-0.445960232374257,-0.8068643296337558,-0.8149608300648491,0.5968573514759201,0.570406078459683,-1.285127710435928,-0.4277444326750994,-0.5939431423763045,-0.6699759065110109,1.3473584331150033,0.7760218765825465,-0.5783766704784492,0.445960232374257,-1.0359838948158064,-0.577181154618949,-0.4305087799082756,-0.7857444371833963,-0.55246057368553,0.6404550780088538,0.446531322065035,-0.5645623166534349,-1.068153668947269,-0.7483528176108593,-0.6755077198756877,-0.6050786879235088,1.0408329997330665,-0.7220098160289725,-0.3157637485020014,0.0,0.0,0.0,0.0,0.0
668,0.1664027446219609,-0.7365752518455452,0.9920317455237933,-2.175090093474691,-0.445960232374257,1.066923301730984,-0.8149608300648491,0.5968573514759201,-0.5104711388338179,0.16208817969462153,-0.4277444326750994,-0.5939431423763045,0.5241351435917889,1.3473584331150033,1.4800145847444912,1.7289770681323857,0.445960232374257,0.33203210294110014,-0.19752331742879659,2.019895355668807,-1.5013586786983293,0.1914270928569252,0.9603377190868654,0.11018669322846389,1.079894130540028,0.23051340576065682,1.3989278327870736,1.4803679818552302,-0.6050786879235088,-0.9607689228305228,-0.7220098160289725,-0.3157637485020014,0.0,0.0,1.0,0.0,1.0
612,-1.6164838048990482,1.3719416904604045,0.9920317455237933,-1.265264343276131,1.0778218827997421,-1.475252120622699,0.4855085796131015,-1.6754422099806283,0.42681424249200356,0.16208817969462153,-0.4277444326750994,0.9421167085968966,0.762957353612349,-1.1203310048245632,-1.6816388774709665,1.7289770681323857,-1.0778218827997421,-0.098359504379686,0.6377239243895387,0.059572047207140884,-1.5013586786983293,0.1914270928569252,-1.494000326210912,-1.384258781588079,-1.1728223703630134,-0.41882013159330606,-0.9979224225248762,-0.6755077198756877,-0.6050786879235088,-0.9607689228305228,1.3850227210205581,-0.3157637485020014,0.0,0.0,0.0,0.0,0.0
334,0.3446913995740618,-0.033736271076895225,0.9920317455237933,1.9191257824188295,-1.2078512899612566,-0.4929562631346723,-0.8149608300648491,0.5968573514759201,0.15330219826329403,-1.285127710435928,-0.4277444326750994,-0.5939431423763045,-1.147620326552131,1.3473584331150033,-0.7316183056855782,1.7289770681323857,1.2078512899612566,-0.8444541718582944,-0.72904428949501,-1.4106704341391085,2.0767125288763357,0.9353147593993804,0.46427582491756564,0.9174169792055865,-0.06271696683728949,-1.068153668947269,-0.8331556349778807,-0.6755077198756877,-0.6050786879235088,1.0408329997330665,-0.7220098160289725,-0.3157637485020014,0.0,0.0,0.0,0.0,0.0
934,-0.9033291850906445,-0.033736271076895225,-1.0080322575483704,0.09947428202170919,0.31593082521274257,1.0167797919610968,-0.8149608300648491,0.5968573514759201,0.8773132188598168,-1.285127710435928,-0.4277444326750994,-0.5939431423763045,0.762957353612349,1.3473584331150033,-1.3309616871030032,1.7289770681323857,-0.31593082521274257,-1.17691243172331,-0.12159174999076611,2.5099761827842233,-0.07013019566846333,0.9353147593993804,-0.8257909056296895,0.8034256209354157,0.478291226368553,-1.068153668947269,1.6183630545832335,1.4803679818552302,-0.6050786879235088,1.0408329997330665,-0.7220098160289725,-0.3157637485020014,0.0,0.0,0.0,0.0,0.0
388,0.1664027446219609,-0.7365752518455452,0.9920317455237933,-1.265264343276131,-1.2078512899612566,-0.023689415846342952,0.4855085796131015,-1.6754422099806283,0.9714474813642786,-1.285127710435928,-0.4277444326750994,-0.5939431423763045,-0.6699759065110109,0.11351371414522002,1.4800145847444912,-0.5783766704784492,1.2078512899612566,-1.220137896827591,-0.577181154618949,-0.4305087799082756,-0.4279373164259298,-1.2963482402279851,1.469205225298549,0.2258362209718678,0.4520751576545595,-1.068153668947269,-0.4194631043402222,-0.6755077198756877,-0.6050786879235088,-0.9607689228305228,-0.7220098160289725,-0.3157637485020014,0.0,0.0,0.0,0.0,0.0
122,1.0578460193824655,-0.033736271076895225,-1.0080322575483704,0.09947428202170919,-1.2078512899612566,-0.09395116188067464,-0.8149608300648491,0.5968573514759201,-2.091937657340229,0.8856961247598962,-0.4277444326750994,-0.5939431423763045,-0.192331486469891,1.3473584331150033,1.4800145847444912,-0.5783766704784492,1.2078512899612566,1.4940691891360722,-0.425318019742888,0.5496528743225574,0.6454840458464697,-0.55246057368553,1.469205225298549,1.0719341072569446,0.37499706505004093,1.3668470961300918,-0.14856251675129298,-0.6755077198756877,1.6526776102985388,1.0408329997330665,-0.7220098160289725,-0.3157637485020014,0.0,0.0,0.0,0.0,0.0
295,-0.36846322023434186,-0.7365752518455452,-1.0080322575483704,-0.35543859307757086,1.0778218827997421,-1.4088300975188959,-0.8149608300648491,-1.6754422099806283,-0.0974510594172418,0.16208817969462153,-0.4277444326750994,-0.5939431423763045,-0.9087981165315709,2.5812031520847865,0.017656644968489975,-0.5783766704784492,-1.0778218827997421,0.14237761842923147,-0.6531127220569795,-0.9205896070236921,-0.7857444371833963,-2.0402359067704405,0.10284725221249368,-0.4852292826692706,-1.143676024667176,-0.41882013159330606,-1.0133041854753009,-0.6755077198756877,-0.6050786879235088,1.0408329997330665,-0.7220098160289725,-0.3157637485020014,1.0,0.0,0.0,0.0,1.0
964,-1.2599064949948464,1.3719416904604045,0.9920317455237933,0.5543871571209893,-0.445960232374257,-0.9371218376427594,-0.8149608300648491,0.5968573514759201,-0.8201823786687761,1.609304069825171,-0.4277444326750994,-0.5939431423763045,-0.9087981165315709,0.11351371414522002,0.7466229622889505,1.7289770681323857,0.445960232374257,1.3459367796828436,-0.6531127220569795,-0.9205896070236921,0.6454840458464697,0.1914270928569252,0.6270966976733315,0.11018669322846389,-0.6788777253237063,1.5291804804685827,-0.8647358469021836,-0.6755077198756877,1.6526776102985388,-0.9607689228305228,-0.7220098160289725,-0.3157637485020014,0.0,0.0,1.0,0.0,1.0
511,0.8795573644303645,-1.439414232614195,0.9920317455237933,-0.8103514681768509,1.0778218827997421,-0.3453863378836007,1.7859779892910521,-1.6754422099806283,0.2717148462570321,0.16208817969462153,-0.4277444326750994,-0.5939431423763045,-0.431153696490451,0.11351371414522002,0.5362009035973582,-0.5783766704784492,-1.0778218827997421,-0.02713948988887232,-0.5012495871809185,0.059572047207140884,-1.1435515579408628,-0.55246057368553,-0.48625061739885045,-1.8200186243025755,-0.6770311078453538,-0.41882013159330606,-0.43075172468563355,-0.6755077198756877,-0.6050786879235088,-0.9607689228305228,-0.7220098160289725,-0.3157637485020014,0.0,0.0,0.0,0.0,0.0
510,1.4144233292866673,1.3719416904604045,-1.0080322575483704,1.0093000322202692,-0.445960232374257,2.512999749266263,0.4855085796131015,0.5968573514759201,-0.9911550441221646,-0.5615197653706532,2.3378445716897667,2.4781765595700977,1.240601773653469,-1.1203310048245632,1.4603180503654494,-0.5783766704784492,0.445960232374257,0.11691284254089522,1.8526290033980264,-0.4305087799082756,1.0032911666039361,0.1914270928569252,0.9513879396868749,0.8588615065122223,2.348986581295522,-0.41882013159330606,4.036978522468144,1.4803679818552302,-0.6050786879235088,-0.9607689228305228,1.3850227210205581,-0.3157637485020014,0.0,0.0,0.0,0.0,0.0
635,0.1664027446219609,1.3719416904604045,0.9920317455237933,-0.35543859307757086,-0.445960232374257,1.576346270160851,-0.8149608300648491,0.5968573514759201,-0.054049806605302286,-0.5615197653706532,-0.4277444326750994,2.4781765595700977,1.957068403715149,-1.1203310048245632,0.4638192005366463,-0.5783766704784492,0.445960232374257,-0.31339604463399784,2.536013110340301,0.059572047207140884,-0.07013019566846333,-0.55246057368553,0.4985953464983792,1.369443977227807,1.5269692796980923,-0.41882013159330606,3.8336357157132057,1.4803679818552302,-0.6050786879235088,1.0408329997330665,1.3850227210205581,-0.3157637485020014,0.0,0.0,0.0,0.0,0.0
811,0.7012687094782636,1.3719416904604045,-1.0080322575483704,0.09947428202170919,0.31593082521274257,0.20509910918334182,-0.8149608300648491,-1.6754422099806283,0.08928227978583508,-0.5615197653706532,-0.4277444326750994,-0.5939431423763045,-1.147620326552131,-1.1203310048245632,-0.404983041836639,-0.5783766704784492,-0.31593082521274257,-0.37921263397977667,-0.72904428949501,-1.4106704341391085,-0.07013019566846333,-2.0402359067704405,-0.4050415268427922,0.4890973890320709,-0.05596363375296738,-0.5811535159317968,-0.6865835045335837,-0.6755077198756877,-0.6050786879235088,1.0408329997330665,1.3850227210205581,-0.3157637485020014,0.0,0.0,0.0,0.0,0.0
37,-0.7250405301385436,-0.033736271076895225,0.9920317455237933,-1.265264343276131,-0.445960232374257,-0.7528003032810209,-0.8149608300648491,0.5968573514759201,0.7462343577249586,0.16208817969462153,-0.4277444326750994,-0.5939431423763045,0.04649072355066898,-1.1203310048245632,0.017656644968489975,-0.5783766704784492,0.445960232374257,-0.24503386796704751,-0.34938645230485754,1.039733701437974,-0.7857444371833963,-0.55246057368553,0.10284725221249368,0.467467941814164,-0.5171151378969827,0.23051340576065682,-0.4825489284496993,-0.6755077198756877,-0.6050786879235088,1.0408329997330665,1.3850227210205581,-0.3157637485020014,1.0,0.0,0.0,0.0,1.0
482,-1.6164838048990482,-0.7365752518455452,-1.0080322575483704,2.3740386575181094,-0.445960232374257,-0.2148288162696511,-0.8149608300648491,-1.6754422099806283,-0.8912167917735336,-0.5615197653706532,-0.4277444326750994,-0.5939431423763045,0.28531293357122894,-1.1203310048245632,1.3561773382808566,-0.5783766704784492,0.445960232374257,0.07102224623146072,-0.27345488486682706,1.5298145285533904,2.0767125288763357,-2.0402359067704405,0.9040681228206735,0.6758006395297235,-0.04498549768916074,-0.41882013159330606,0.05032035463456127,-0.6755077198756877,-0.6050786879235088,1.0408329997330665,1.3850227210205581,-0.3157637485020014,0.0,0.0,0.0,0.0,0.0
917,-0.9033291850906445,-0.7365752518455452,-1.0080322575483704,0.09947428202170919,-0.445960232374257,-0.328789018825925,0.4855085796131015,0.5968573514759201,-0.8224554511009038,1.609304069825171,-0.4277444326750994,-0.5939431423763045,-0.9087981165315709,-1.1203310048245632,1.0360074816622418,-0.5783766704784492,0.445960232374257,1.346980550680569,-0.6531127220569795,-0.9205896070236921,0.28767692508900317,0.1914270928569252,0.7585882362517758,-0.2416383056310007,-0.14499821347416472,1.5291804804685827,-0.673136496458648,-0.6755077198756877,1.6526776102985388,-0.9607689228305228,1.3850227210205581,-0.3157637485020014,0.0,0.0,0.0,0.0,0.0
230,-0.5467518751864427,-0.033736271076895225,0.9920317455237933,-0.35543859307757086,-1.2078512899612566,-0.2059411517241128,-0.8149608300648491,0.5968573514759201,-2.7846147993784327,3.0565199599557205,-0.4277444326750994,0.9421167085968966,0.5241351435917889,1.3473584331150033,1.4800145847444912,-0.5783766704784492,1.2078512899612566,3.1196720511331173,0.4858607895134778,-0.18546836635056735,0.28767692508900317,0.1914270928569252,1.469205225298549,0.11018669322846389,-0.2812300159971403,3.801847861207453,-0.3010754785296518,-0.6755077198756877,1.6526776102985388,-0.9607689228305228,-0.7220098160289725,-0.3157637485020014,0.0,1.0,1.0,0.0,1.0
69,-0.5467518751864427,0.6691027096917547,0.9920317455237933,0.09947428202170919,-1.2078512899612566,-1.2326126549315455,-0.8149608300648491,0.5968573514759201,-0.7537675276983933,-0.5615197653706532,-0.4277444326750994,-0.5939431423763045,-0.192331486469891,0.11351371414522002,1.4800145847444912,1.7289770681323857,1.2078512899612566,0.007906987134301673,-0.425318019742888,0.5496528743225574,0.6454840458464697,0.9353147593993804,1.469205225298549,0.630980587675522,-0.8741301052837258,-0.25648674725481535,-0.8658238437595339,-0.6755077198756877,-0.6050786879235088,1.0408329997330665,-0.7220098160289725,-0.3157637485020014,0.0,0.0,0.0,0.0,0.0
766,-1.2599064949948464,-0.7365752518455452,0.9920317455237933,-1.7201772183754112,1.0778218827997421,0.17886258709412634,1.7859779892910521,-1.6754422099806283,1.1113699653138283,-0.5615197653706532,-0.4277444326750994,-0.5939431423763045,-0.192331486469891,1.3473584331150033,-1.5453930738422625,-0.5783766704784492,-1.0778218827997421,-0.8485445691209444,-0.425318019742888,0.5496528743225574,-1.8591657994557957,-0.55246057368553,-1.432092486832382,-1.6170000713643162,-0.446987822741063,-0.7434869002702875,0.023287284800762014,-0.6755077198756877,-0.6050786879235088,-0.9607689228305228,-0.7220098160289725,-0.3157637485020014,0.0,0.0,0.0,0.0,0.0
699,1.0578460193824655,-1.439414232614195,-1.0080322575483704,-0.35543859307757086,1.0778218827997421,-1.4471503544071875,-0.8149608300648491,0.5968573514759201,0.47996105741909795,-0.5615197653706532,-0.4277444326750994,-0.5939431423763045,-1.147620326552131,2.5812031520847865,0.12111989150386182,1.7289770681323857,-1.0778218827997421,-0.5586082272555978,-0.72904428949501,-1.4106704341391085,-0.7857444371833963,0.9353147593993804,-0.6748565629866532,-0.5000690328929147,-1.1604911622108485,-0.7434869002702875,-1.0335097420607455,-0.6755077198756877,-0.6050786879235088,1.0408329997330665,-0.7220098160289725,-0.3157637485020014,0.0,0.0,0.0,0.0,0.0
728,-0.36846322023434186,-0.7365752518455452,-1.0080322575483704,-1.265264343276131,-0.445960232374257,-0.6328604185394593,0.4855085796131015,-1.6754422099806283,0.14729668272328483,0.16208817969462153,-0.4277444326750994,-0.5939431423763045,-0.431153696490451,-1.1203310048245632,1.0406893792253205,1.7289770681323857,0.445960232374257,0.029992024642426292,-0.5012495871809185,0.059572047207140884,-0.7857444371833963,0.1914270928569252,0.760715613056067,-0.3593917861219251,-0.41185458785522117,0.23051340576065682,-0.5816555430651339,-0.6755077198756877,-0.6050786879235088,-0.9607689228305228,1.3850227210205581,-0.3157637485020014,0.0,0.0,0.0,0.0,0.0
820,1.4144233292866673,-0.033736271076895225,-1.0080322575483704,0.09947428202170919,0.31593082521274257,0.1862454398131354,1.7859779892910521,-1.6754422099806283,0.3343573460876212,0.8856961247598962,-0.4277444326750994,-0.5939431423763045,0.04649072355066898,-1.1203310048245632,0.9222794618972179,-0.5783766704784492,-0.31593082521274257,0.3799399952265627,-0.34938645230485754,1.039733701437974,-0.07013019566846333,-0.55246057368553,0.19804459915800998,-1.2648181489874848,-0.06837327304324341,0.3928467900991475,0.20755789133621136,-0.6755077198756877,1.6526776102985388,-0.9607689228305228,1.3850227210205581,-0.3157637485020014,0.0,0.0,0.0,0.0,0.0
399,-0.36846322023434186,0.6691027096917547,-1.0080322575483704,-0.35543859307757086,1.8397129403867416,-1.0361545679404878,0.4855085796131015,0.5968573514759201,1.6440447062985342,-1.285127710435928,-0.4277444326750994,-0.5939431423763045,-0.431153696490451,1.3473584331150033,-2.021819340317632,-0.5783766704784492,-1.8397129403867416,-1.528987481475412,-0.5012495871809185,0.059572047207140884,-1.1435515579408628,0.1914270928569252,-2.1574402074442687,-1.5635384785121935,-1.0873209927823813,-1.068153668947269,-0.7933568099615506,-0.6755077198756877,-0.6050786879235088,-0.9607689228305228,-0.7220098160289725,-0.3157637485020014,0.0,0.0,0.0,0.0,0.0
694,0.3446913995740618,-0.033736271076895225,0.9920317455237933,0.09947428202170919,-0.445960232374257,0.9147267479742965,1.7859779892910521,0.5968573514759201,0.13429139523932052,0.16208817969462153,-0.4277444326750994,-0.5939431423763045,-0.431153696490451,0.11351371414522002,0.017656644968489975,-0.5783766704784492,0.445960232374257,0.03596391612330561,-0.5012495871809185,0.059572047207140884,0.28767692508900317,0.9353147593993804,0.10284725221249368,-0.6333865076797094,0.9463247762138264,0.23051340576065682,0.2307196532281602,1.4803679818552302,-0.6050786879235088,-0.9607689228305228,-0.7220098160289725,-0.3157637485020014,1.0,0.0,0.0,0.0,1.0
351,-1.4381951499469472,-1.439414232614195,-1.0080322575483704,1.0093000322202692,-1.2078512899612566,0.36269110938567484,-0.8149608300648491,0.5968573514759201,0.07456828779437148,-1.285127710435928,-0.4277444326750994,2.4781765595700977,3.151179453817949,-1.1203310048245632,1.4800145847444912,-0.5783766704784492,1.2078512899612566,-0.8083003867331737,3.6749866219107585,0.8763734257328352,1.3610982873614026,-0.55246057368553,1.469205225298549,1.2487715764551373,0.8759398576559523,-1.068153668947269,2.913104877041654,1.4803679818552302,-0.6050786879235088,1.0408329997330665,1.3850227210205581,-0.3157637485020014,0.0,0.0,0.0,0.0,0.0
600,1.5927119842387683,-0.7365752518455452,-1.0080322575483704,2.3740386575181094,-0.445960232374257,-0.2059411517241128,0.4855085796131015,-1.6754422099806283,-0.3074699085369229,0.8856961247598962,-0.4277444326750994,-0.5939431423763045,-0.192331486469891,-1.1203310048245632,-0.8614969353987224,1.7289770681323857,0.445960232374257,0.6746603325366342,-0.425318019742888,0.5496528743225574,2.0767125288763357,0.1914270928569252,-0.10360638217178109,0.11018669322846389,-0.2812300159971403,0.8798469431146198,-0.3010754785296518,-0.6755077198756877,1.6526776102985388,-0.9607689228305228,1.3850227210205581,-0.3157637485020014,0.0,1.0,0.0,0.0,1.0
364,-0.9033291850906445,0.6691027096917547,-1.0080322575483704,-1.265264343276131,1.8397129403867416,-0.5236224654005902,1.7859779892910521,0.5968573514759201,1.3272608911598935,-1.285127710435928,2.3378445716897667,-0.5939431423763045,0.04649072355066898,0.11351371414522002,-1.2545220330665436,-0.5783766704784492,-1.8397129403867416,-1.3835236792150256,-0.34938645230485754,1.039733701437974,-1.8591657994557957,0.9353147593993804,-1.8087930037305293,-2.2383645061300106,-0.9748700529977202,-1.068153668947269,-0.31412562210048256,-0.6755077198756877,-0.6050786879235088,-0.9607689228305228,-0.7220098160289725,3.166924654093602,0.0,0.0,0.0,0.0,0.0
891,-1.0816178400427454,-0.7365752518455452,0.9920317455237933,-0.8103514681768509,0.31593082521274257,1.5632691178464164,0.4855085796131015,0.5968573514759201,-0.042336228670897355,0.16208817969462153,-0.4277444326750994,-0.5939431423763045,0.04649072355066898,1.3473584331150033,-1.46117450361036,-0.5783766704784492,-0.31593082521274257,0.11706946675553495,-0.34938645230485754,1.039733701437974,-0.7857444371833963,0.1914270928569252,-0.8849574554584954,0.1417497325299626,0.8379949676964803,-0.09415336291632463,1.219535676450521,1.4803679818552302,-0.6050786879235088,-0.9607689228305228,-0.7220098160289725,-0.3157637485020014,0.0,0.0,0.0,0.0,0.0
592,-1.4381951499469472,-1.439414232614195,-1.0080322575483704,-1.265264343276131,1.0778218827997421,0.8111127991052842,-0.8149608300648491,0.5968573514759201,0.9418755729384746,0.16208817969462153,-0.4277444326750994,-0.5939431423763045,-0.192331486469891,1.3473584331150033,-1.7140113068867344,1.7289770681323857,-1.0778218827997421,-0.33487026011778176,-0.425318019742888,0.5496528743225574,-1.5013586786983293,0.9353147593993804,-1.5087098226297944,0.37445697133183586,-0.16955298434800303,-0.41882013159330606,0.4215519392533427,1.4803679818552302,-0.6050786879235088,1.0408329997330665,-0.7220098160289725,-0.3157637485020014,0.0,0.0,0.0,0.0,0.0
296,0.5229800545261627,1.3719416904604045,0.9920317455237933,-0.35543859307757086,1.0778218827997421,-0.2059411517241128,1.7859779892910521,0.5968573514759201,1.590589605068494,-1.285127710435928,-0.4277444326750994,-0.5939431423763045,-0.431153696490451,1.3473584331150033,0.5590773793297874,1.7289770681323857,-1.0778218827997421,-1.5044414601714753,-0.5012495871809185,0.059572047207140884,-0.7857444371833963,2.4230900924842906,-0.4758559252507557,0.11018669322846389,-0.2812300159971403,-1.068153668947269,-0.3010754785296518,-0.6755077198756877,-0.6050786879235088,-0.9607689228305228,-0.7220098160289725,-0.3157637485020014,0.0,1.0,0.0,0.0,1.0
324,-1.0816178400427454,0.6691027096917547,-1.0080322575483704,0.5543871571209893,-1.2078512899612566,-1.0823445015021225,-0.8149608300648491,-1.6754422099806283,0.14254657842897545,-0.5615197653706532,-0.4277444326750994,2.4781765595700977,3.151179453817949,0.11351371414522002,1.4800145847444912,-0.5783766704784492,1.2078512899612566,-0.40367104073888777,3.6749866219107585,0.8763734257328352,1.0032911666039361,-2.0402359067704405,1.469205225298549,0.6891728349237957,-0.709283893806379,-0.25648674725481535,-0.12106628551777773,-0.6755077198756877,-0.6050786879235088,1.0408329997330665,-0.7220098160289725,-0.3157637485020014,0.0,0.0,0.0,0.0,0.0
310,-1.2599064949948464,-0.7365752518455452,0.9920317455237933,-2.175090093474691,1.8397129403867416,-1.1000879471631124,0.4855085796131015,0.5968573514759201,0.3660866147541789,-0.5615197653706532,-0.4277444326750994,-0.5939431423763045,-0.192331486469891,1.3473584331150033,-1.6201723036382967,-0.5783766704784492,-1.8397129403867416,-0.50631827865746,-0.425318019742888,0.5496528743225574,-2.5747800409707287,0.1914270928569252,-1.9749384380586297,-1.5882970645880385,-1.1013481503820042,-0.9058202846087783,-0.782344382712089,-0.6755077198756877,-0.6050786879235088,-0.9607689228305228,-0.7220098160289725,-0.3157637485020014,0.0,0.0,0.0,0.0,0.0
518,-0.19017456528224091,-0.7365752518455452,0.9920317455237933,-0.35543859307757086,0.31593082521274257,1.6162128693810551,-0.8149608300648491,0.5968573514759201,-0.7341585979243019,0.8856961247598962,-0.4277444326750994,-0.5939431423763045,0.5241351435917889,0.11351371414522002,0.017656644968489975,-0.5783766704784492,-0.31593082521274257,0.8705912992516641,-0.19752331742879659,2.019895355668807,-0.4279373164259298,-0.55246057368553,0.10284725221249368,1.035559689624823,0.8728429777213679,0.3928467900991475,1.917937433018024,1.4803679818552302,1.6526776102985388,1.0408329997330665,-0.7220098160289725,-0.3157637485020014,1.0,0.0,0.0,0.0,1.0
630,-1.0816178400427454,-0.7365752518455452,0.9920317455237933,1.0093000322202692,1.8397129403867416,0.36389801762784935,0.4855085796131015,0.5968573514759201,0.9339462232249576,-0.5615197653706532,-0.4277444326750994,-0.5939431423763045,-0.9087981165315709,2.5812031520847865,-1.953204809073535,-0.5783766704784492,-1.8397129403867416,-0.7670734493788639,-0.6531127220569795,-0.9205896070236921,-0.07013019566846333,0.1914270928569252,-2.1262628994747064,-1.0213596843990185,-0.7801456408094802,-0.9058202846087783,-0.4549691016708263,1.4803679818552302,-0.6050786879235088,-0.9607689228305228,-0.7220098160289725,-0.3157637485020014,0.0,0.0,0.0,0.0,0.0
871,-1.2599064949948464,0.6691027096917547,-1.0080322575483704,-0.35543859307757086,-0.445960232374257,-0.6767907425494362,1.7859779892910521,0.5968573514759201,-0.9642441532857301,0.8856961247598962,-0.4277444326750994,2.4781765595700977,1.4794239836740288,0.11351371414522002,-0.8848388671076886,1.7289770681323857,0.445960232374257,0.9762441707956799,2.0804237057121178,-0.2671485042031369,-0.07013019566846333,2.4230900924842906,-0.1142125698159986,-1.2497112391339242,-0.45040831899117084,0.8798469431146198,0.10739035859202459,-0.6755077198756877,1.6526776102985388,-0.9607689228305228,-0.7220098160289725,-0.3157637485020014,0.0,0.0,0.0,0.0,0.0
832,1.5927119842387683,0.6691027096917547,-1.0080322575483704,-0.35543859307757086,1.0778218827997421,1.8171070756967225,0.4855085796131015,-1.6754422099806283,-0.10625074786025714,0.8856961247598962,-0.4277444326750994,-0.5939431423763045,-0.192331486469891,0.11351371414522002,-0.249033834217079,1.7289770681323857,-1.0778218827997421,0.5822626063874576,-0.425318019742888,0.5496528743225574,-0.7857444371833963,0.1914270928569252,-0.8430482928379835,-0.10927285802488282,0.27188278625093737,-0.09415336291632463,1.055244036680259,1.4803679818552302,1.6526776102985388,-0.9607689228305228,-0.7220098160289725,-0.3157637485020014,0.0,0.0,0.0,0.0,0.0
648,0.7012687094782636,-0.7365752518455452,0.9920317455237933,-0.8103514681768509,1.0778218827997421,-0.2059411517241128,0.4855085796131015,-1.6754422099806283,0.7652994800032092,-0.5615197653706532,2.3378445716897667,-0.5939431423763045,-0.431153696490451,0.11351371414522002,-2.0313915706460057,-0.5783766704784492,-1.0778218827997421,-0.6896326353741139,-0.5012495871809185,0.059572047207140884,-1.1435515579408628,-1.2963482402279851,-1.6529221643491026,0.11018669322846389,-0.2812300159971403,-0.7434869002702875,-0.3010754785296518,-0.6755077198756877,-0.6050786879235088,-0.9607689228305228,-0.7220098160289725,3.166924654093602,0.0,1.0,0.0,0.0,1.0
412,0.1664027446219609,1.3719416904604045,0.9920317455237933,0.09947428202170919,0.31593082521274257,-1.1113502810036509,1.7859779892910521,0.5968573514759201,-0.16943494677515678,-0.5615197653706532,-0.4277444326750994,0.9421167085968966,0.28531293357122894,0.11351371414522002,0.3319173327913862,1.7289770681323857,-0.31593082521274257,-0.26041239960115725,0.3339976546374168,-0.4305087799082756,-0.07013019566846333,2.4230900924842906,-0.07020618648417552,-1.7673199052863533,-0.9224613830951023,-0.5811535159317968,-0.7026575109393438,-0.6755077198756877,-0.6050786879235088,-0.9607689228305228,-0.7220098160289725,-0.3157637485020014,0.0,0.0,0.0,0.0,0.0
601,0.8795573644303645,0.6691027096917547,0.9920317455237933,-0.35543859307757086,0.31593082521274257,-0.760594692299516,-0.8149608300648491,-1.6754422099806283,0.8069959718175069,-0.5615197653706532,-0.4277444326750994,-0.5939431423763045,-0.9087981165315709,-1.1203310048245632,0.38464386250178256,-0.5783766704784492,-0.31593082521274257,-0.7087792266782572,-0.6531127220569795,-0.9205896070236921,-0.4279373164259298,-2.0402359067704405,-0.04624812359077413,0.11512664952730958,-0.6915911875168756,-0.5811535159317968,-0.8091371921243609,-0.6755077198756877,-0.6050786879235088,1.0408329997330665,1.3850227210205581,-0.3157637485020014,0.0,0.0,0.0,0.0,0.0
442,0.5229800545261627,-0.033736271076895225,0.9920317455237933,-0.35543859307757086,-1.2078512899612566,-0.5288546042006365,-0.8149608300648491,0.5968573514759201,0.30607323169806977,-0.5615197653706532,-0.4277444326750994,-0.5939431423763045,-0.9087981165315709,-1.1203310048245632,0.017656644968489975,1.7289770681323857,1.2078512899612566,-0.47876076318896893,-0.6531127220569795,-0.9205896070236921,0.28767692508900317,0.9353147593993804,0.10284725221249368,0.9035151304675928,-0.1020979360446156,-0.25648674725481535,-0.7361487736500288,-0.6755077198756877,-0.6050786879235088,1.0408329997330665,1.3850227210205581,-0.3157637485020014,1.0,0.0,0.0,0.0,1.0
207,-0.19017456528224091,-0.033736271076895225,0.9920317455237933,-1.7201772183754112,-0.445960232374257,0.49185254685923957,0.4855085796131015,0.5968573514759201,0.6530699878742072,-0.5615197653706532,-0.4277444326750994,-0.5939431423763045,-0.431153696490451,0.11351371414522002,0.017656644968489975,-0.5783766704784492,0.445960232374257,-0.6380980307930939,-0.5012495871809185,0.059572047207140884,-1.1435515579408628,0.1914270928569252,0.10284725221249368,0.07616008213578002,0.5752057685229923,-0.41882013159330606,0.008740226433035764,1.4803679818552302,-0.6050786879235088,-0.9607689228305228,-0.7220098160289725,-0.3157637485020014,1.0,0.0,0.0,0.0,1.0
623,1.2361346743345663,1.3719416904604045,0.9920317455237933,-0.35543859307757086,1.0778218827997421,-0.38470402516450114,0.4855085796131015,-1.6754422099806283,-0.06354402405008062,-0.5615197653706532,-0.4277444326750994,-0.5939431423763045,0.04649072355066898,-1.1203310048245632,-1.7662625702954866,-0.5783766704784492,-1.0778218827997421,-0.3090363996552922,-0.34938645230485754,1.039733701437974,-0.7857444371833963,-1.2963482402279851,-1.5324519323776267,-0.9619374649370154,-0.694283923280666,-0.7434869002702875,-0.21203414923457134,-0.6755077198756877,-0.6050786879235088,-0.9607689228305228,1.3850227210205581,-0.3157637485020014,0.0,0.0,0.0,0.0,0.0
650,-1.2599064949948464,-0.7365752518455452,-1.0080322575483704,-0.8103514681768509,0.31593082521274257,1.9896271540256611,-0.8149608300648491,0.5968573514759201,1.666471262632994,-1.285127710435928,2.3378445716897667,-0.5939431423763045,0.04649072355066898,0.11351371414522002,0.017656644968489975,-0.5783766704784492,-0.31593082521274257,-1.5392855207063292,-0.34938645230485754,1.039733701437974,-0.7857444371833963,-0.55246057368553,0.10284725221249368,1.1801666198502772,1.1186273121808905,-1.068153668947269,1.5328671521551318,1.4803679818552302,-0.6050786879235088,1.0408329997330665,-0.7220098160289725,3.166924654093602,1.0,0.0,0.0,0.0,1.0
177,0.3446913995740618,-0.7365752518455452,-1.0080322575483704,0.09947428202170919,0.31593082521274257,1.302442719246275,1.7859779892910521,0.5968573514759201,-0.08949747459370853,-0.5615197653706532,2.3378445716897667,-0.5939431423763045,-0.431153696490451,0.11351371414522002,-0.7256785375361221,1.7289770681323857,-0.31593082521274257,-0.2971188476294706,-0.5012495871809185,0.059572047207140884,-0.07013019566846333,2.4230900924842906,-0.550760255114867,-0.8325640313967508,0.666316900130256,-0.5811535159317968,0.4342434644120256,1.4803679818552302,-0.6050786879235088,-0.9607689228305228,-0.7220098160289725,-0.3157637485020014,0.0,0.0,0.0,0.0,0.0
268,-1.4381951499469472,-1.439414232614195,0.9920317455237933,-0.35543859307757086,-1.2078512899612566,-0.7033083543534364,-0.8149608300648491,0.5968573514759201,-1.5529528360383398,1.609304069825171,-0.4277444326750994,-0.5939431423763045,-1.147620326552131,2.5812031520847865,-0.20190696027258107,-0.5783766704784492,1.2078512899612566,1.6824172809559574,-0.72904428949501,-1.4106704341391085,0.28767692508900317,0.1914270928569252,0.7049678977404533,0.8359568652557398,-0.2934760766179049,2.1785140178225455,-0.8773236986817171,-0.6755077198756877,1.6526776102985388,1.0408329997330665,-0.7220098160289725,-0.3157637485020014,0.0,0.0,0.0,1.0,1.0
704,-1.2599064949948464,-0.7365752518455452,-1.0080322575483704,-0.35543859307757086,1.0778218827997421,0.3603504011492369,0.4855085796131015,-1.6754422099806283,1.0759061331913626,0.16208817969462153,-0.4277444326750994,-0.5939431423763045,-0.6699759065110109,1.3473584331150033,-0.42464646906827247,-0.5783766704784492,-1.0778218827997421,-0.3964156863099066,-0.577181154618949,-0.4305087799082756,-0.7857444371833963,-1.2963482402279851,-0.9228437691143452,-0.6734106520362799,-0.36734998094022747,-0.41882013159330606,-0.2581878348281178,1.4803679818552302,-0.6050786879235088,-0.9607689228305228,-0.7220098160289725,-0.3157637485020014,0.0,0.0,0.0,0.0,0.0
355,-1.0816178400427454,-0.7365752518455452,0.9920317455237933,-1.7201772183754112,0.31593082521274257,0.5767177014967869,1.7859779892910521,-1.6754422099806283,1.4165181482527938,-1.285127710435928,-0.4277444326750994,-0.5939431423763045,-0.6699759065110109,-1.1203310048245632,-0.6385011022947624,-0.5783766704784492,-0.31593082521274257,-1.424509674633964,-0.577181154618949,-0.4305087799082756,-1.5013586786983293,-0.55246057368553,-0.511148270638178,-1.1136054144398413,0.18863876133610916,-1.068153668947269,-0.16732565561413493,1.4803679818552302,-0.6050786879235088,-0.9607689228305228,1.3850227210205581,-0.3157637485020014,0.0,0.0,0.0,0.0,0.0
201,1.2361346743345663,-0.033736271076895225,0.9920317455237933,-1.265264343276131,-0.445960232374257,-0.8400567758189826,-0.8149608300648491,0.5968573514759201,0.5741110519853376,-0.5615197653706532,2.3378445716897667,-0.5939431423763045,-0.9087981165315709,1.3473584331150033,-1.0950094656035458,-0.5783766704784492,0.445960232374257,-0.6018409163574894,-0.6531127220569795,-0.9205896070236921,-0.7857444371833963,-0.55246057368553,-0.20971061311154907,0.433677347413028,-0.5936923691811397,-0.41882013159330606,-0.8341644191887022,-0.6755077198756877,-0.6050786879235088,1.0408329997330665,-0.7220098160289725,3.166924654093602,0.0,0.0,0.0,0.0,0.0
734,-0.19017456528224091,1.3719416904604045,0.9920317455237933,0.5543871571209893,-1.2078512899612566,-0.46088772516128784,1.7859779892910521,0.5968573514759201,0.1067868921483292,-0.5615197653706532,-0.4277444326750994,-0.5939431423763045,-0.6699759065110109,0.11351371414522002,0.18551175823274285,-0.5783766704784492,1.2078512899612566,-0.38725056821018605,-0.577181154618949,-0.4305087799082756,1.0032911666039361,0.9353147593993804,0.8810045547139413,-0.8167786273944493,-0.02753734379751655,-0.25648674725481535,-0.603061971032255,-0.6755077198756877,-0.6050786879235088,-0.9607689228305228,-0.7220098160289725,-0.3157637485020014,0.0,0.0,0.0,0.0,0.0
173,-0.011885910330140019,-1.439414232614195,-1.0080322575483704,-1.7201772183754112,-1.2078512899612566,-0.2059411517241128,-0.8149608300648491,-1.6754422099806283,-0.10264370893700787,0.16208817969462153,-0.4277444326750994,2.4781765595700977,1.7182461936945888,-1.1203310048245632,-0.6625076990369768,-0.5783766704784492,1.2078512899612566,0.14476202857537535,2.3082184080262094,-0.10378822849799779,-0.7857444371833963,-2.0402359067704405,0.4956785413448117,0.11018669322846389,-0.2812300159971403,0.5551801744376382,-0.3010754785296518,-0.6755077198756877,-0.6050786879235088,1.0408329997330665,1.3850227210205581,-0.3157637485020014,0.0,1.0,0.0,0.0,1.0
125,-0.011885910330140019,-0.7365752518455452,0.9920317455237933,-0.35543859307757086,0.31593082521274257,-0.2059411517241128,-0.8149608300648491,0.5968573514759201,0.4226233881807822,-0.5615197653706532,-0.4277444326750994,0.9421167085968966,0.5241351435917889,0.11351371414522002,-0.7457063339786607,-0.5783766704784492,-0.31593082521274257,-0.5322793714821311,0.4858607895134778,-0.18546836635056735,-0.4279373164259298,0.1914270928569252,-0.5598605545167443,0.11018669322846389,-0.2812300159971403,-0.5811535159317968,-0.3010754785296518,-0.6755077198756877,-0.6050786879235088,1.0408329997330665,-0.7220098160289725,-0.3157637485020014,0.0,1.0,0.0,1.0,1.0
487,-0.011885910330140019,-1.439414232614195,-1.0080322575483704,1.0093000322202692,-1.2078512899612566,-0.8183136212968646,0.4855085796131015,0.5968573514759201,-1.0418150178749221,0.16208817969462153,-0.4277444326750994,-0.5939431423763045,0.28531293357122894,2.5812031520847865,1.4197762581060642,-0.5783766704784492,1.2078512899612566,0.5760196340568403,-0.27345488486682706,1.5298145285533904,1.3610982873614026,0.1914270928569252,1.4418339261418707,-0.08188678738171717,-0.4196384212192129,0.5551801744376382,-0.45653945661435325,-0.6755077198756877,-0.6050786879235088,-0.9607689228305228,-0.7220098160289725,-0.3157637485020014,0.0,0.0,0.0,0.0,0.0
548,-1.2599064949948464,-1.439414232614195,-1.0080322575483704,0.5543871571209893,1.0778218827997421,-0.20992431451148522,-0.8149608300648491,0.5968573514759201,-0.13333842679363395,-0.5615197653706532,-0.4277444326750994,-0.5939431423763045,-0.6699759065110109,-1.1203310048245632,0.24560035519099593,1.7289770681323857,-1.0778218827997421,-0.2769875426291631,-0.577181154618949,-0.4305087799082756,-0.07013019566846333,0.9353147593993804,-0.6182946994542599,-0.020945799043975113,-0.6175896338075776,-0.7434869002702875,-0.49767135813471347,-0.6755077198756877,-0.6050786879235088,1.0408329997330665,1.3850227210205581,-0.3157637485020014,0.0,0.0,0.0,0.0,0.0
641,1.2361346743345663,-0.7365752518455452,-1.0080322575483704,-1.265264343276131,-1.2078512899612566,1.7577981335486785,-0.8149608300648491,0.5968573514759201,-0.34244194062476324,0.16208817969462153,-0.4277444326750994,-0.5939431423763045,-0.431153696490451,0.11351371414522002,1.4800145847444912,1.7289770681323857,1.2078512899612566,0.2548748591230846,-0.5012495871809185,0.059572047207140884,-0.4279373164259298,0.9353147593993804,1.469205225298549,1.7890351721346283,2.4063912692833753,0.5551801744376382,0.6732732600069615,1.4803679818552302,-0.6050786879235088,1.0408329997330665,-0.7220098160289725,-0.3157637485020014,0.0,0.0,0.0,0.0,0.0
293,-1.2599064949948464,1.3719416904604045,-1.0080322575483704,-0.8103514681768509,1.0778218827997421,-0.8830687236940062,1.7859779892910521,0.5968573514759201,1.9308647786845503,-0.5615197653706532,-0.4277444326750994,2.4781765595700977,1.240601773653469,1.3473584331150033,-1.9400212675766242,-0.5783766704784492,-1.0778218827997421,-1.2248479842225026,1.8526290033980264,-0.4305087799082756,-1.1435515579408628,0.9353147593993804,-1.6114050100901571,-2.0282393658372526,-0.9129690687668635,-0.7434869002702875,-0.24149860948402707,-0.6755077198756877,-0.6050786879235088,-0.9607689228305228,-0.7220098160289725,-0.3157637485020014,0.0,0.0,0.0,0.0,0.0
385,-0.011885910330140019,0.6691027096917547,0.9920317455237933,-0.35543859307757086,0.31593082521274257,-0.7316158397963279,-0.8149608300648491,-1.6754422099806283,0.7255192123156303,-0.5615197653706532,-0.4277444326750994,2.4781765595700977,1.240601773653469,-1.1203310048245632,-0.08150955780537594,-0.5783766704784492,-0.31593082521274257,-0.6713659540721075,1.8526290033980264,-0.4305087799082756,-0.4279373164259298,-2.0402359067704405,-0.25806052662648904,0.12634888465398805,-0.6725170699247337,-0.5811535159317968,-0.05069335762183802,-0.6755077198756877,-0.6050786879235088,1.0408329997330665,1.3850227210205581,-0.3157637485020014,0.0,0.0,0.0,0.0,0.0
785,0.3446913995740618,-0.7365752518455452,-1.0080322575483704,-1.265264343276131,1.0778218827997421,-0.9400934247102284,-0.8149608300648491,-1.6754422099806283,-0.9566863377468366,0.16208817969462153,-0.4277444326750994,-0.5939431423763045,-0.9087981165315709,0.11351371414522002,0.3276862995152969,1.7289770681323857,-1.0778218827997421,0.5369294378376299,-0.6531127220569795,-0.9205896070236921,-1.5013586786983293,-0.55246057368553,-0.5809962042263807,-0.30370818364793656,-0.9379918183212266,-0.41882013159330606,-0.8656717723270536,-0.6755077198756877,-0.6050786879235088,1.0408329997330665,-0.7220098160289725,-0.3157637485020014,0.0,0.0,0.0,0.0,0.0
645,-0.36846322023434186,-1.439414232614195,-1.0080322575483704,-0.8103514681768509,1.0778218827997421,-0.9576872574927848,1.7859779892910521,-1.6754422099806283,-0.6738079720952045,0.8856961247598962,-0.4277444326750994,-0.5939431423763045,0.04649072355066898,0.11351371414522002,-1.37049356990936,-0.5783766704784492,-1.0778218827997421,0.8428789254422498,-0.34938645230485754,1.039733701437974,-1.1435515579408628,-0.55246057368553,-1.3526210454486158,-2.0571358423628765,-0.9457120880214397,-0.09415336291632463,-0.6331208099863846,-0.6755077198756877,1.6526776102985388,-0.9607689228305228,-0.7220098160289725,-0.3157637485020014,0.0,0.0,0.0,0.0,0.0
854,0.8795573644303645,0.6691027096917547,0.9920317455237933,0.5543871571209893,1.0778218827997421,0.47587534041261664,1.7859779892910521,0.5968573514759201,1.7823026614254158,-1.285127710435928,-0.4277444326750994,0.9421167085968966,1.7182461936945888,0.11351371414522002,-1.7774938607612436,-0.5783766704784492,-1.0778218827997421,-1.5924740830137523,1.2451764638937826,1.039733701437974,-0.07013019566846333,0.9353147593993804,-1.5375552449762482,-1.5019800941931851,-0.316657008053825,-1.068153668947269,1.8905974123651994,1.4803679818552302,-0.6050786879235088,-0.9607689228305228,-0.7220098160289725,-0.3157637485020014,0.0,0.0,0.0,0.0,0.0
88,-0.19017456528224091,1.3719416904604045,-1.0080322575483704,0.09947428202170919,-0.445960232374257,-0.2716344262390972,-0.8149608300648491,0.5968573514759201,1.0839672568948713,-0.5615197653706532,-0.4277444326750994,-0.5939431423763045,-1.147620326552131,0.11351371414522002,-0.2859917896728764,1.7289770681323857,0.445960232374257,-0.8359615330933315,-0.72904428949501,-1.4106704341391085,0.28767692508900317,0.9353147593993804,0.15789363598809622,0.6538023250167047,-0.0948387201074218,-0.41882013159330606,-0.7866842310835044,-0.6755077198756877,-0.6050786879235088,1.0408329997330665,-0.7220098160289725,-0.3157637485020014,0.0,0.0,0.0,0.0,0.0
255,1.2361346743345663,0.6691027096917547,0.9920317455237933,-1.265264343276131,-0.445960232374257,-0.7690604523345039,1.7859779892910521,0.5968573514759201,-0.6284762629018902,0.16208817969462153,-0.4277444326750994,2.4781765595700977,1.4794239836740288,0.11351371414522002,1.4800145847444912,1.7289770681323857,0.445960232374257,0.3862188170749583,2.0804237057121178,-0.2671485042031369,-0.7857444371833963,2.4230900924842906,0.9603377190868654,-1.285443239845978,-0.5313852219213135,0.23051340576065682,-0.018541043252893196,-0.6755077198756877,-0.6050786879235088,-0.9607689228305228,-0.7220098160289725,-0.3157637485020014,0.0,0.0,0.0,0.0,0.0
732,0.3446913995740618,0.6691027096917547,-1.0080322575483704,0.09947428202170919,-1.2078512899612566,1.813845576689371,-0.8149608300648491,0.5968573514759201,0.21986627503831602,-0.5615197653706532,-0.4277444326750994,2.4781765595700977,1.957068403715149,0.11351371414522002,-0.6725125892831973,-0.5783766704784492,1.2078512899612566,-0.43917543370635004,2.536013110340301,0.059572047207140884,0.6454840458464697,-0.55246057368553,0.4911324847187243,1.8107398819779463,2.4678760779662383,-0.25648674725481535,4.207647370633929,1.4803679818552302,-0.6050786879235088,1.0408329997330665,-0.7220098160289725,-0.3157637485020014,0.0,0.0,0.0,0.0,0.0
429,-1.6164838048990482,-1.439414232614195,-1.0080322575483704,0.09947428202170919,-0.445960232374257,-0.41846191679858163,0.4855085796131015,0.5968573514759201,0.4199790962855683,0.8856961247598962,-0.4277444326750994,0.9421167085968966,2.4347128237562687,0.11351371414522002,1.1439966595988975,-0.5783766704784492,0.445960232374257,0.3406233864076066,1.7007658685219655,1.7748549421110986,0.28767692508900317,0.1914270928569252,0.8076567323394848,-0.2763646753321166,-0.2236961260557814,0.8798469431146198,0.9244991077615738,-0.6755077198756877,1.6526776102985388,-0.9607689228305228,-0.7220098160289725,-0.3157637485020014,0.0,0.0,0.0,0.0,0.0
751,-1.2599064949948464,-0.033736271076895225,0.9920317455237933,-0.8103514681768509,-0.445960232374257,-0.9388212852777076,-0.8149608300648491,-1.6754422099806283,1.771526705513759,-1.285127710435928,-0.4277444326750994,2.4781765595700977,2.4347128237562687,-1.1203310048245632,1.4800145847444912,-0.5783766704784492,0.445960232374257,-1.5875258771869685,2.991602514968484,0.38629259861741866,-0.4279373164259298,-2.0402359067704405,0.9603377190868654,0.39543019641921473,-0.68036917908996,-1.068153668947269,-0.0042188223671083235,-0.6755077198756877,-0.6050786879235088,1.0408329997330665,1.3850227210205581,-0.3157637485020014,0.0,0.0,0.0,0.0,0.0
893,1.0578460193824655,-0.7365752518455452,0.9920317455237933,1.9191257824188295,-0.445960232374257,0.5869970584015305,-0.8149608300648491,0.5968573514759201,-1.0807648227019728,1.609304069825171,-0.4277444326750994,2.4781765595700977,1.4794239836740288,-1.1203310048245632,-0.5825440913766554,1.7289770681323857,0.445960232374257,1.465593502343324,2.0804237057121178,-0.2671485042031369,1.718905408118869,0.9353147593993804,0.023145175688779385,0.9863125376535278,0.6587056288069657,1.5291804804685827,1.8322312601076456,1.4803679818552302,1.6526776102985388,1.0408329997330665,1.3850227210205581,-0.3157637485020014,0.0,0.0,0.0,0.0,0.0
488,0.1664027446219609,-0.033736271076895225,-1.0080322575483704,1.4642129073195493,-1.2078512899612566,-1.2955298808979534,-0.8149608300648491,0.5968573514759201,-0.6592905027583972,0.16208817969462153,-0.4277444326750994,0.9421167085968966,0.762957353612349,-1.1203310048245632,1.4800145847444912,-0.5783766704784492,1.2078512899612566,0.4003683925238469,0.6377239243895387,0.059572047207140884,1.718905408118869,-0.55246057368553,1.469205225298549,0.6066155130668665,-0.9431511593162946,0.5551801744376382,-0.8092391703839859,-0.6755077198756877,-0.6050786879235088,1.0408329997330665,1.3850227210205581,-0.3157637485020014,0.0,0.0,0.0,0.0,0.0
644,-0.7250405301385436,0.6691027096917547,0.9920317455237933,-1.265264343276131,1.0778218827997421,-1.3097620507345662,1.7859779892910521,0.5968573514759201,0.9406273495010026,-1.285127710435928,-0.4277444326750994,2.4781765595700977,1.4794239836740288,0.11351371414522002,-2.0210749433415787,-0.5783766704784492,-1.0778218827997421,-1.2059856158310494,2.0804237057121178,-0.2671485042031369,-1.5013586786983293,0.9353147593993804,-1.6482344595605491,-2.1934789260478267,-1.1002044258802046,-1.068153668947269,-0.7565005580808772,-0.6755077198756877,-0.6050786879235088,-0.9607689228305228,-0.7220098160289725,-0.3157637485020014,0.0,0.0,0.0,0.0,0.0
54,-0.011885910330140019,-0.7365752518455452,-1.0080322575483704,0.09947428202170919,-0.445960232374257,-0.22530058002586628,-0.8149608300648491,0.5968573514759201,-1.991891941029763,2.3329120148904456,2.3378445716897667,-0.5939431423763045,-0.431153696490451,0.11351371414522002,0.08699378554108579,-0.5783766704784492,0.445960232374257,2.319817773315227,-0.5012495871809185,0.059572047207140884,0.28767692508900317,-0.55246057368553,0.32737211140434613,0.6717453859598881,-0.05417563169055381,2.1785140178225455,-0.36771508725249497,-0.6755077198756877,1.6526776102985388,1.0408329997330665,-0.7220098160289725,-0.3157637485020014,0.0,0.0,0.0,0.0,0.0
614,0.3446913995740618,1.3719416904604045,-1.0080322575483704,0.5543871571209893,1.0778218827997421,-0.45990059847999093,-0.8149608300648491,0.5968573514759201,1.5047251390590868,-1.285127710435928,2.3378445716897667,0.9421167085968966,0.762957353612349,1.3473584331150033,-1.6643389611582615,1.7289770681323857,-1.0778218827997421,-1.4650133987999696,0.6377239243895387,0.059572047207140884,-0.07013019566846333,0.9353147593993804,-1.486139530415192,-0.11775062023140123,-0.7272805894251237,-1.068153668947269,0.06805487420536997,-0.6755077198756877,-0.6050786879235088,1.0408329997330665,-0.7220098160289725,3.166924654093602,0.0,0.0,0.0,0.0,0.0
551,0.3446913995740618,-0.033736271076895225,0.9920317455237933,-0.35543859307757086,0.31593082521274257,2.98558253461872,0.4855085796131015,-1.6754422099806283,-0.4144970937152552,0.8856961247598962,-0.4277444326750994,0.9421167085968966,0.762957353612349,-1.1203310048245632,0.5461498874639166,-0.5783766704784492,-0.31593082521274257,0.7238060923806245,0.6377239243895387,0.059572047207140884,-0.4279373164259298,-1.2963482402279851,0.027137542504810305,0.6925491675694387,1.7741732846747462,0.3928467900991475,3.685330976179844,1.4803679818552302,1.6526776102985388,-0.9607689228305228,1.3850227210205581,-0.3157637485020014,0.0,0.0,0.0,0.0,0.0
988,1.771000639190869,1.3719416904604045,-1.0080322575483704,0.5543871571209893,-1.2078512899612566,-0.8701294385481974,-0.8149608300648491,0.5968573514759201,-0.002356821415230866,-0.5615197653706532,-0.4277444326750994,-0.5939431423763045,-1.386442536572691,-1.1203310048245632,-0.6002803183323476,-0.5783766704784492,1.2078512899612566,-0.3371329207513801,-0.8049758569330404,-1.900751261254525,1.0032911666039361,-0.55246057368553,0.5239536337660595,0.7713543958958818,-0.4764810786522567,-0.25648674725481535,-0.9810668856088115,-0.6755077198756877,-0.6050786879235088,1.0408329997330665,1.3850227210205581,-0.3157637485020014,0.0,0.0,0.0,0.0,0.0
590,1.2361346743345663,-0.7365752518455452,0.9920317455237933,0.5543871571209893,1.8397129403867416,-0.3266606337635519,0.4855085796131015,-1.6754422099806283,1.6278739765649926,-0.5615197653706532,2.3378445716897667,2.4781765595700977,1.240601773653469,1.3473584331150033,-1.581252176313341,1.7289770681323857,-1.8397129403867416,-1.0857177887390428,1.8526290033980264,-0.4305087799082756,-0.4279373164259298,0.1914270928569252,-1.957253776022421,-1.2887826803172924,-0.9316560904780378,-0.9058202846087783,0.4594823359106173,-0.6755077198756877,-0.6050786879235088,-0.9607689228305228,-0.7220098160289725,3.166924654093602,0.0,0.0,0.0,0.0,0.0
475,0.7012687094782636,0.6691027096917547,-1.0080322575483704,-0.35543859307757086,1.8397129403867416,-0.2059411517241128,1.7859779892910521,0.5968573514759201,0.9256344827706626,-0.5615197653706532,-0.4277444326750994,-0.5939431423763045,-0.6699759065110109,0.11351371414522002,-2.3672022797613463,-0.5783766704784492,-1.8397129403867416,-0.7632567854203404,-0.577181154618949,-0.4305087799082756,-1.1435515579408628,0.9353147593993804,-2.3143765017718048,0.11018669322846389,-0.2812300159971403,-0.9058202846087783,-0.3010754785296518,-0.6755077198756877,-0.6050786879235088,-0.9607689228305228,-0.7220098160289725,-0.3157637485020014,0.0,1.0,0.0,0.0,1.0
942,-0.19017456528224091,0.6691027096917547,-1.0080322575483704,1.0093000322202692,1.0778218827997421,0.4245690007834226,-0.8149608300648491,0.5968573514759201,-0.540611394590947,0.16208817969462153,-0.4277444326750994,-0.5939431423763045,-1.147620326552131,0.11351371414522002,-0.5346960175048566,1.7289770681323857,-1.0778218827997421,0.3458721919671562,-0.72904428949501,-1.4106704341391085,0.28767692508900317,0.9353147593993804,-0.9728484634743886,0.22476555787610597,-0.33917050947011823,-0.41882013159330606,-0.6405009574236278,1.4803679818552302,-0.6050786879235088,1.0408329997330665,-0.7220098160289725,-0.3157637485020014,0.0,0.0,0.0,0.0,0.0
453,0.3446913995740618,1.3719416904604045,0.9920317455237933,0.5543871571209893,0.31593082521274257,0.929217420690053,0.4855085796131015,0.5968573514759201,0.9783297018779064,-0.5615197653706532,-0.4277444326750994,0.9421167085968966,1.4794239836740288,-1.1203310048245632,0.6742672657541932,-0.5783766704784492,-0.31593082521274257,-0.7874538768308632,1.0933133290177217,0.7946932878802656,0.28767692508900317,0.1914270928569252,0.08535195987070274,-0.10379060510678394,0.42065695785888924,-0.5811535159317968,2.299299922870944,1.4803679818552302,-0.6050786879235088,-0.9607689228305228,1.3850227210205581,-0.3157637485020014,0.0,0.0,0.0,0.0,0.0
788,-1.4381951499469472,1.3719416904604045,0.9920317455237933,-0.35543859307757086,0.31593082521274257,-0.8714539305586063,-0.8149608300648491,0.5968573514759201,0.29541010193959033,-1.285127710435928,-0.4277444326750994,-0.5939431423763045,-0.431153696490451,-1.1203310048245632,-1.5964825978783475,-0.5783766704784492,-0.31593082521274257,-0.9097086293531002,-0.5012495871809185,0.059572047207140884,-0.4279373164259298,0.1914270928569252,-0.9464392152151883,0.11018669322846389,-0.76455964430779,-1.068153668947269,-0.706900476180918,-0.6755077198756877,-0.6050786879235088,-0.9607689228305228,1.3850227210205581,-0.3157637485020014,0.0,0.0,1.0,0.0,1.0
329,-0.36846322023434186,1.3719416904604045,-1.0080322575483704,0.09947428202170919,-1.2078512899612566,-0.8419203896964502,-0.8149608300648491,0.5968573514759201,-1.673083333987932,2.3329120148904456,-0.4277444326750994,0.9421167085968966,0.762957353612349,0.11351371414522002,-0.14798901983822288,1.7289770681323857,1.2078512899612566,2.173424207869511,0.6377239243895387,0.059572047207140884,0.6454840458464697,0.9353147593993804,0.7294673179583993,0.7822785199232029,-0.44553536775833824,2.990180939514999,-0.3330125546186928,-0.6755077198756877,1.6526776102985388,1.0408329997330665,-0.7220098160289725,-0.3157637485020014,0.0,0.0,0.0,0.0,0.0
7,-0.36846322023434186,-0.7365752518455452,0.9920317455237933,3.2838644077166697,-1.2078512899612566,0.2419346968589491,-0.8149608300648491,0.5968573514759201,-0.28896007234120136,-0.5615197653706532,-0.4277444326750994,-0.5939431423763045,-0.9087981165315709,-1.1203310048245632,1.4800145847444912,-0.5783766704784492,1.2078512899612566,-0.2055277167366688,-0.6531127220569795,-0.9205896070236921,3.150133891148735,0.1914270928569252,1.469205225298549,0.11018669322846389,0.7434684279995291,-0.25648674725481535,-0.49338243778296825,-0.6755077198756877,-0.6050786879235088,-0.9607689228305228,1.3850227210205581,-0.3157637485020014,0.0,0.0,1.0,0.0,1.0
357,1.2361346743345663,-1.439414232614195,-1.0080322575483704,-0.8103514681768509,1.0778218827997421,-1.4539200731913529,0.4855085796131015,0.5968573514759201,0.15567039178169437,-0.5615197653706532,-0.4277444326750994,-0.5939431423763045,-0.431153696490451,0.11351371414522002,-1.6757550191634805,1.7289770681323857,-1.0778218827997421,-0.4096973580543941,-0.5012495871809185,0.059572047207140884,-1.1435515579408628,1.6792024259418357,-1.4913267983273044,-1.375997817770354,-1.1634617517040131,-0.7434869002702875,-1.0126545281619825,-0.6755077198756877,-0.6050786879235088,-0.9607689228305228,-0.7220098160289725,-0.3157637485020014,0.0,0.0,0.0,0.0,0.0
148,1.5927119842387683,0.6691027096917547,0.9920317455237933,-0.35543859307757086,-0.445960232374257,1.0272049908201146,-0.8149608300648491,0.5968573514759201,0.0502147794378571,0.16208817969462153,2.3378445716897667,-0.5939431423763045,-0.192331486469891,0.11351371414522002,1.4611353967988707,-0.5783766704784492,0.445960232374257,0.07457101544848428,-0.425318019742888,0.5496528743225574,-0.07013019566846333,-0.55246057368553,0.9517593283856026,1.156785710174312,1.0450369080054538,0.23051340576065682,0.5576719126883045,1.4803679818552302,-0.6050786879235088,1.0408329997330665,-0.7220098160289725,-0.3157637485020014,0.0,0.0,0.0,0.0,0.0
0,1.4144233292866673,-0.033736271076895225,0.9920317455237933,-0.8103514681768509,-1.2078512899612566,-0.1661887045704065,1.7859779892910521,-1.6754422099806283,0.4937789111035251,-1.285127710435928,2.3378445716897667,-0.5939431423763045,-0.6699759065110109,0.11351371414522002,0.569701231941748,-0.5783766704784492,1.2078512899612566,-1.0007975040111137,-0.577181154618949,-0.4305087799082756,-0.07013019566846333,-0.55246057368553,1.0555738962704424,-0.7026546571541197,0.29575149659745237,-1.068153668947269,-0.479304845162948,-0.6755077198756877,-0.6050786879235088,-0.9607689228305228,-0.7220098160289725,3.166924654093602,0.0,0.0,0.0,0.0,0.0
45,0.7012687094782636,1.3719416904604045,-1.0080322575483704,0.5543871571209893,0.31593082521274257,-0.48401226162331645,1.7859779892910521,-1.6754422099806283,1.7076006144350837,-1.285127710435928,-0.4277444326750994,2.4781765595700977,1.7182461936945888,0.11351371414522002,-0.3420360296993873,-0.5783766704784492,-0.31593082521274257,-1.5581716872708007,2.3082184080262094,-0.10378822849799779,0.28767692508900317,-0.55246057368553,-0.3764394458027684,-1.5243794797944743,-0.5095423708476208,-1.068153668947269,0.4797503151614981,-0.6755077198756877,-0.6050786879235088,-0.9607689228305228,-0.7220098160289725,-0.3157637485020014,0.0,0.0,0.0,0.0,0.0
99,0.1664027446219609,1.3719416904604045,0.9920317455237933,1.0093000322202692,-0.445960232374257,-0.6742815423395571,0.4855085796131015,-1.6754422099806283,-1.3023977627809828,0.8856961247598962,-0.4277444326750994,-0.5939431423763045,0.28531293357122894,0.11351371414522002,1.4394145289368423,-0.5783766704784492,0.445960232374257,1.1315207582808255,-0.27345488486682706,1.5298145285533904,1.0032911666039361,-1.2963482402279851,0.9418897253376485,-0.3754323657288929,-0.4482062175398823,0.8798469431146198,-0.33556860242557607,-0.6755077198756877,1.6526776102985388,-0.9607689228305228,-0.7220098160289725,-0.3157637485020014,0.0,0.0,0.0,0.0,0.0
454,-1.2599064949948464,-0.033736271076895225,-1.0080322575483704,0.09947428202170919,-0.445960232374257,1.6035990597658172,-0.8149608300648491,0.5968573514759201,-0.7214120104512237,0.16208817969462153,-0.4277444326750994,0.9421167085968966,0.28531293357122894,-1.1203310048245632,1.4800145847444912,1.7289770681323857,0.445960232374257,0.42889393669406156,0.3339976546374168,-0.4305087799082756,0.28767692508900317,0.9353147593993804,0.9603377190868654,1.3799977841037412,1.5508866248762394,0.23051340576065682,1.5775966047392171,1.4803679818552302,-0.6050786879235088,1.0408329997330665,1.3850227210205581,-0.3157637485020014,0.0,0.0,0.0,0.0,0.0
944,1.0578460193824655,1.3719416904604045,0.9920317455237933,-1.265264343276131,-0.445960232374257,-1.1321887974937737,-0.8149608300648491,0.5968573514759201,-0.35686471597258235,0.8856961247598962,-0.4277444326750994,-0.5939431423763045,-0.192331486469891,-1.1203310048245632,0.8444228563603712,-0.5783766704784492,0.445960232374257,0.697341909555858,-0.425318019742888,0.5496528743225574,-0.7857444371833963,-0.55246057368553,0.67153535172473,0.32054746296001885,-0.8500706152713227,0.8798469431146198,-0.802565228544481,-0.6755077198756877,1.6526776102985388,1.0408329997330665,1.3850227210205581,-0.3157637485020014,0.0,0.0,0.0,0.0,0.0
455,1.771000639190869,0.6691027096917547,-1.0080322575483704,1.0093000322202692,-1.2078512899612566,1.4136954409187157,-0.8149608300648491,0.5968573514759201,-0.31241745706044727,0.16208817969462153,-0.4277444326750994,0.9421167085968966,1.240601773653469,0.11351371414522002,1.4800145847444912,-0.5783766704784492,1.2078512899612566,0.2410879314725717,0.9414501941416606,0.5496528743225574,1.3610982873614026,-0.55246057368553,1.469205225298549,1.6557793324152394,2.0289059276148556,0.5551801744376382,2.652039325343627,1.4803679818552302,-0.6050786879235088,1.0408329997330665,-0.7220098160289725,-0.3157637485020014,0.0,0.0,0.0,0.0,0.0
642,0.8795573644303645,-1.439414232614195,0.9920317455237933,0.5543871571209893,1.0778218827997421,-0.1972282298169124,-0.8149608300648491,0.5968573514759201,-0.1843217632236236,0.8856961247598962,-0.4277444326750994,-0.5939431423763045,-1.147620326552131,1.3473584331150033,0.40891094886251084,-0.5783766704784492,-1.0778218827997421,0.6181119970392941,-0.72904428949501,-1.4106704341391085,-0.07013019566846333,-0.55246057368553,-0.5440890671884708,-0.016029163797115102,-0.6120185226579917,-0.09415336291632463,-0.7710610081124648,-0.6755077198756877,1.6526776102985388,1.0408329997330665,-0.7220098160289725,-0.3157637485020014,0.0,0.0,0.0,0.0,0.0
87,0.8795573644303645,-1.439414232614195,0.9920317455237933,0.09947428202170919,-0.445960232374257,-0.2059411517241128,0.4855085796131015,0.5968573514759201,-0.6946713489079936,-0.5615197653706532,-0.4277444326750994,-0.5939431423763045,-0.6699759065110109,0.11351371414522002,0.732871938166764,1.7289770681323857,0.445960232374257,-0.01922935776434463,-0.577181154618949,-0.4305087799082756,0.28767692508900317,1.6792024259418357,0.6208484597828894,0.11018669322846389,-0.2812300159971403,-0.41882013159330606,-0.3010754785296518,-0.6755077198756877,-0.6050786879235088,-0.9607689228305228,-0.7220098160289725,-0.3157637485020014,0.0,1.0,0.0,0.0,1.0
152,-0.7250405301385436,-0.7365752518455452,0.9920317455237933,0.09947428202170919,0.31593082521274257,0.2864879749961391,-0.8149608300648491,0.5968573514759201,0.38922416636819845,0.16208817969462153,-0.4277444326750994,-0.5939431423763045,-0.192331486469891,0.11351371414522002,1.1382681085683215,-0.5783766704784492,-0.31593082521274257,-0.08109853605075473,-0.425318019742888,0.5496528743225574,-0.07013019566846333,0.1914270928569252,0.2961862673017155,0.11018669322846389,-0.0023928169984542675,-0.09415336291632463,0.09108226075936816,1.4803679818552302,-0.6050786879235088,-0.9607689228305228,-0.7220098160289725,-0.3157637485020014,0.0,0.0,1.0,1.0,1.0
302,-0.36846322023434186,-0.033736271076895225,0.9920317455237933,-0.8103514681768509,1.8397129403867416,-1.0890919615180423,1.7859779892910521,-1.6754422099806283,0.6023434220135626,-0.5615197653706532,-0.4277444326750994,-0.5939431423763045,1.001779563632909,-1.1203310048245632,-2.352259790307227,-0.5783766704784492,-1.8397129403867416,-0.6148049242861472,-0.04566018255273563,3.0000570098996397,-1.5013586786983293,-0.55246057368553,-2.3075868817438594,-2.4573459734498897,-1.0989356011709028,-0.9058202846087783,-0.5467807737750635,-0.6755077198756877,-0.6050786879235088,-0.9607689228305228,1.3850227210205581,-0.3157637485020014,0.0,0.0,0.0,0.0,0.0
506,-1.6164838048990482,1.3719416904604045,-1.0080322575483704,-0.8103514681768509,-0.445960232374257,0.344167234211298,1.7859779892910521,0.5968573514759201,0.2294775290220455,-0.5615197653706532,-0.4277444326750994,-0.5939431423763045,-0.9087981165315709,1.3473584331150033,-0.7467206705782007,-0.5783766704784492,0.445960232374257,-0.44358882063507205,-0.6531127220569795,-0.9205896070236921,-0.4279373164259298,0.9353147593993804,-0.05145394607664505,-0.8543391149821321,0.44559552856063034,-0.41882013159330606,-0.461183471781099,1.4803679818552302,-0.6050786879235088,-0.9607689228305228,-0.7220098160289725,-0.3157637485020014,0.0,0.0,0.0,0.0,0.0
393,1.5927119842387683,0.6691027096917547,-1.0080322575483704,1.0093000322202692,-0.445960232374257,-1.151851965771063,-0.8149608300648491,0.5968573514759201,0.3443356045471567,-0.5615197653706532,-0.4277444326750994,-0.5939431423763045,-0.431153696490451,2.5812031520847865,1.4800145847444912,-0.5783766704784492,0.445960232374257,-0.4963304431162623,-0.5012495871809185,0.059572047207140884,1.0032911666039361,0.1914270928569252,0.9603377190868654,0.11018669322846389,-0.8673272260550582,-0.41882013159330606,-0.8540898648142651,-0.6755077198756877,-0.6050786879235088,-0.9607689228305228,-0.7220098160289725,-0.3157637485020014,0.0,0.0,1.0,0.0,1.0
191,0.7012687094782636,-1.439414232614195,-1.0080322575483704,-0.35543859307757086,-0.445960232374257,-1.3884829186565286,-0.8149608300648491,0.5968573514759201,0.17608282208816686,0.16208817969462153,-0.4277444326750994,-0.5939431423763045,-0.431153696490451,0.11351371414522002,-1.0155470120779382,-0.5783766704784492,0.445960232374257,0.016773731647941856,-0.5012495871809185,0.059572047207140884,-0.07013019566846333,-0.55246057368553,-0.17360418870457567,0.2212960212765552,-1.0749971292844978,0.23051340576065682,-0.9783045914279795,-0.6755077198756877,-0.6050786879235088,1.0408329997330665,-0.7220098160289725,-0.3157637485020014,0.0,0.0,0.0,0.0,0.0
375,-1.4381951499469472,-0.033736271076895225,0.9920317455237933,-0.35543859307757086,-1.2078512899612566,-1.0575556562694262,-0.8149608300648491,0.5968573514759201,-0.5505075745864373,0.16208817969462153,-0.4277444326750994,0.9421167085968966,0.04649072355066898,0.11351371414522002,1.4665615105004683,-0.5783766704784492,1.2078512899612566,0.35041641392927647,0.18213451976135583,-0.6755491934659839,0.28767692508900317,0.1914270928569252,1.4630923709040302,0.6987724645050422,-0.6820901928774091,0.5551801744376382,-0.706514319923151,-0.6755077198756877,-0.6050786879235088,1.0408329997330665,-0.7220098160289725,-0.3157637485020014,0.0,0.0,0.0,1.0,1.0
905,-0.9033291850906445,-0.7365752518455452,-1.0080322575483704,-0.35543859307757086,0.31593082521274257,0.715863025556309,0.4855085796131015,0.5968573514759201,0.15870490298991877,-0.5615197653706532,-0.4277444326750994,-0.5939431423763045,0.28531293357122894,1.3473584331150033,0.09343850043312546,1.7289770681323857,-0.31593082521274257,-0.41109077374438724,-0.27345488486682706,1.5298145285533904,-0.4279373164259298,1.6792024259418357,-0.17856702296944824,-0.1864133793259411,0.28022535101270263,-0.5811535159317968,0.8319975192444284,1.4803679818552302,-0.6050786879235088,-0.9607689228305228,-0.7220098160289725,-0.3157637485020014,0.0,0.0,0.0,0.0,0.0
117,-1.6164838048990482,-0.033736271076895225,-1.0080322575483704,-0.8103514681768509,1.0778218827997421,-1.3367133183639772,1.7859779892910521,0.5968573514759201,0.3297778534941935,0.16208817969462153,-0.4277444326750994,-0.5939431423763045,-0.6699759065110109,1.3473584331150033,-0.17084468980723952,-0.5783766704784492,-1.0778218827997421,-0.053801413256685075,-0.577181154618949,-0.4305087799082756,-1.1435515579408628,0.9353147593993804,-0.8075204390300206,-2.203915966723127,-1.1120307889833012,-0.41882013159330606,-0.9708597939100535,-0.6755077198756877,-0.6050786879235088,-0.9607689228305228,-0.7220098160289725,-0.3157637485020014,0.0,0.0,0.0,0.0,0.0
489,-1.2599064949948464,0.6691027096917547,0.9920317455237933,1.0093000322202692,-1.2078512899612566,1.7098098563296,1.7859779892910521,0.5968573514759201,-1.441123881289484,0.8856961247598962,-0.4277444326750994,0.9421167085968966,1.001779563632909,0.11351371414522002,0.45686414751062265,-0.5783766704784492,1.2078512899612566,1.1952223355291454,0.7895870592655997,0.3046124607648491,1.3610982873614026,0.9353147593993804,1.0043025916661505,0.023837081792904113,2.353747475409877,1.3668470961300918,2.6855208492500187,1.4803679818552302,1.6526776102985388,-0.9607689228305228,-0.7220098160289725,-0.3157637485020014,0.0,0.0,0.0,0.0,0.0
327,1.0578460193824655,-0.7365752518455452,-1.0080322575483704,-0.8103514681768509,-0.445960232374257,0.6695445460886804,-0.8149608300648491,0.5968573514759201,-1.013119545044245,-0.5615197653706532,-0.4277444326750994,-0.5939431423763045,-0.6699759065110109,-1.1203310048245632,-0.4874800782956107,-0.5783766704784492,0.445960232374257,0.12699871077718514,-0.577181154618949,-0.4305087799082756,-0.4279373164259298,-0.55246057368553,0.0663406906753408,1.0182795493162524,0.7311502036640901,-0.41882013159330606,-0.1283435664739139,1.4803679818552302,-0.6050786879235088,1.0408329997330665,1.3850227210205581,-0.3157637485020014,0.0,0.0,0.0,0.0,0.0
615,-0.36846322023434186,1.3719416904604045,-1.0080322575483704,0.09947428202170919,-0.445960232374257,-0.2059411517241128,-0.8149608300648491,0.5968573514759201,-0.682318000737674,0.16208817969462153,-0.4277444326750994,-0.5939431423763045,-0.9087981165315709,-1.1203310048245632,-0.814056497482221,-0.5783766704784492,0.445960232374257,0.4109423778492747,-0.6531127220569795,-0.9205896070236921,0.28767692508900317,-0.55246057368553,-0.08205023194651906,0.11018669322846389,-0.2812300159971403,0.23051340576065682,-0.3010754785296518,-0.6755077198756877,-0.6050786879235088,1.0408329997330665,1.3850227210205581,-0.3157637485020014,0.0,1.0,0.0,0.0,1.0
232,-0.19017456528224091,-1.439414232614195,-1.0080322575483704,-1.265264343276131,-1.2078512899612566,-0.06078217152700551,-0.8149608300648491,-1.6754422099806283,-0.30632627818560487,0.8856961247598962,-0.4277444326750994,-0.5939431423763045,-0.431153696490451,0.11351371414522002,-0.6328717438450218,-0.5783766704784492,1.2078512899612566,0.6741351894853378,-0.5012495871809185,0.059572047207140884,-0.4279373164259298,-2.0402359067704405,0.5091446291433964,1.0847789984969434,0.41138389934290454,1.3668470961300918,-0.2813544109106274,-0.6755077198756877,1.6526776102985388,1.0408329997330665,-0.7220098160289725,-0.3157637485020014,0.0,0.0,0.0,0.0,0.0
691,0.1664027446219609,1.3719416904604045,0.9920317455237933,-0.35543859307757086,1.8397129403867416,-1.4372488002919184,-0.8149608300648491,0.5968573514759201,1.0396345599266064,-0.5615197653706532,2.3378445716897667,-0.5939431423763045,-0.6699759065110109,-1.1203310048245632,-2.057159726317761,-0.5783766704784492,-1.8397129403867416,-0.815604424057824,-0.577181154618949,-0.4305087799082756,-1.1435515579408628,-0.55246057368553,-2.17349829423888,-0.8455574646459162,-1.1753221602148436,-0.9058202846087783,-1.0130790801036116,-0.6755077198756877,-0.6050786879235088,1.0408329997330665,1.3850227210205581,3.166924654093602,0.0,0.0,0.0,0.0,0.0
80,-0.19017456528224091,-0.033736271076895225,-1.0080322575483704,0.5543871571209893,0.31593082521274257,1.806040708375109,1.7859779892910521,0.5968573514759201,0.5451102582278876,-0.5615197653706532,-0.4277444326750994,-0.5939431423763045,-0.192331486469891,0.11351371414522002,0.6850976326835299,-0.5783766704784492,-0.31593082521274257,-0.5885240563194168,-0.425318019742888,0.5496528743225574,0.28767692508900317,0.9353147593993804,0.09027309944648829,-0.6375426777146298,0.9977892130092014,-0.5811535159317968,1.04827315256878,1.4803679818552302,-0.6050786879235088,-0.9607689228305228,-0.7220098160289725,-0.3157637485020014,0.0,0.0,0.0,0.0,0.0
386,0.8795573644303645,0.6691027096917547,-1.0080322575483704,-1.265264343276131,0.31593082521274257,-0.2059411517241128,1.7859779892910521,-1.6754422099806283,-0.8926142055417273,-0.5615197653706532,-0.4277444326750994,0.9421167085968966,0.5241351435917889,0.11351371414522002,-1.5501979492500098,-0.5783766704784492,-0.31593082521274257,0.07166392396352389,0.4858607895134778,-0.18546836635056735,-1.1435515579408628,-0.55246057368553,-0.9254082365232973,0.11018669322846389,-0.2812300159971403,-0.5811535159317968,-0.3010754785296518,-0.6755077198756877,-0.6050786879235088,-0.9607689228305228,-0.7220098160289725,-0.3157637485020014,0.0,1.0,0.0,0.0,1.0
852,0.3446913995740618,-0.7365752518455452,-1.0080322575483704,-0.8103514681768509,-0.445960232374257,2.98558253461872,-0.8149608300648491,0.5968573514759201,-0.11243283137910595,0.16208817969462153,-0.4277444326750994,-0.5939431423763045,0.28531293357122894,1.3473584331150033,-1.0307687901250873,-0.5783766704784492,0.445960232374257,0.1492570908328864,-0.27345488486682706,1.5298145285533904,-0.4279373164259298,-0.55246057368553,-0.1805207128491767,1.9151792062900503,2.7637303842735976,0.23051340576065682,2.7383083200598284,1.4803679818552302,-0.6050786879235088,1.0408329997330665,-0.7220098160289725,-0.3157637485020014,0.0,0.0,0.0,0.0,0.0
784,-0.7250405301385436,-1.439414232614195,-1.0080322575483704,0.09947428202170919,0.31593082521274257,-0.8597817444881236,1.7859779892910521,0.5968573514759201,-0.14081361626819713,-0.5615197653706532,2.3378445716897667,-0.5939431423763045,-0.431153696490451,0.11351371414522002,0.8369446225982882,-0.5783766704784492,-0.31593082521274257,-0.27355501409827565,-0.5012495871809185,0.059572047207140884,-0.07013019566846333,0.9353147593993804,0.15926985979717279,-1.669898474712418,-0.7568769160271842,-0.5811535159317968,-0.7007733935484477,-0.6755077198756877,-0.6050786879235088,-0.9607689228305228,-0.7220098160289725,-0.3157637485020014,0.0,0.0,0.0,0.0,0.0
271,0.7012687094782636,1.3719416904604045,-1.0080322575483704,0.09947428202170919,-1.2078512899612566,-1.1140335611717185,-0.8149608300648491,0.5968573514759201,-0.43069968827486865,1.609304069825171,-0.4277444326750994,-0.5939431423763045,-1.147620326552131,-1.1203310048245632,1.177251142393576,-0.5783766704784492,1.2078512899612566,1.1670904171106038,-0.72904428949501,-1.4106704341391085,0.6454840458464697,0.1914270928569252,1.331634525434421,0.6769010557525389,-0.7440472239771059,2.1785140178225455,-0.9635645199372325,-0.6755077198756877,1.6526776102985388,1.0408329997330665,1.3850227210205581,-0.3157637485020014,0.0,0.0,0.0,1.0,1.0
354,-0.7250405301385436,0.6691027096917547,-1.0080322575483704,-0.35543859307757086,-1.2078512899612566,-0.6106964261780331,-0.8149608300648491,0.5968573514759201,0.013990308067752935,-0.5615197653706532,-0.4277444326750994,0.9421167085968966,1.957068403715149,-1.1203310048245632,0.2149097262148069,-0.5783766704784492,1.2078512899612566,-0.34463935099497384,1.3970395987698436,1.2847741149956822,0.28767692508900317,-0.55246057368553,0.8943625050611581,0.8718213921001033,-0.19187952971884567,-0.25648674725481535,0.3895016245605615,-0.6755077198756877,-0.6050786879235088,1.0408329997330665,1.3850227210205581,-0.3157637485020014,0.0,0.0,0.0,0.0,0.0
49,-0.19017456528224091,-0.7365752518455452,-1.0080322575483704,-0.35543859307757086,-1.2078512899612566,-0.21256049154346057,0.4855085796131015,0.5968573514759201,-1.592547127927102,0.16208817969462153,-0.4277444326750994,0.9421167085968966,0.762957353612349,-1.1203310048245632,1.4800145847444912,-0.5783766704784492,1.2078512899612566,0.8289100373118641,0.6377239243895387,0.059572047207140884,0.28767692508900317,0.1914270928569252,1.469205225298549,0.15269475962971935,0.24488101454595873,0.5551801744376382,0.3277274435720561,-0.6755077198756877,-0.6050786879235088,-0.9607689228305228,1.3850227210205581,-0.3157637485020014,0.0,0.0,0.0,0.0,0.0
800,1.4144233292866673,-1.439414232614195,0.9920317455237933,-1.7201772183754112,-1.2078512899612566,-1.2442927208135521,-0.8149608300648491,-1.6754422099806283,0.5672760306628457,-0.5615197653706532,2.3378445716897667,-0.5939431423763045,-1.147620326552131,0.11351371414522002,-0.5829826767026675,-0.5783766704784492,1.2078512899612566,-0.598702346321437,-0.72904428949501,-1.4106704341391085,-0.7857444371833963,-2.0402359067704405,0.5318133959834404,0.6264574118317383,-0.8869432966786608,-0.25648674725481535,-0.9909153051266479,-0.6755077198756877,-0.6050786879235088,1.0408329997330665,-0.7220098160289725,3.166924654093602,0.0,0.0,0.0,0.0,0.0
458,-0.5467518751864427,-0.7365752518455452,0.9920317455237933,-0.35543859307757086,-1.2078512899612566,-0.01563911679309717,-0.8149608300648491,-1.6754422099806283,0.7510565274247403,-1.285127710435928,-0.4277444326750994,-0.5939431423763045,-0.6699759065110109,-1.1203310048245632,1.130106849371615,-0.5783766704784492,1.2078512899612566,-1.1189366844809048,-0.577181154618949,-0.4305087799082756,0.28767692508900317,-2.0402359067704405,1.310212938550383,1.1022609182694634,0.4609064453885273,-1.068153668947269,-0.41608242845191923,-0.6755077198756877,-0.6050786879235088,1.0408329997330665,1.3850227210205581,-0.3157637485020014,0.0,0.0,0.0,0.0,0.0
348,-1.6164838048990482,0.6691027096917547,0.9920317455237933,0.5543871571209893,0.31593082521274257,0.2375478188269835,-0.8149608300648491,0.5968573514759201,0.4906374705316997,-0.5615197653706532,-0.4277444326750994,-0.5939431423763045,-1.147620326552131,2.5812031520847865,-0.5542882734743305,-0.5783766704784492,-0.31593082521274257,-0.5635107240740732,-0.72904428949501,-1.4106704341391085,0.28767692508900317,-0.55246057368553,-0.4728833542783718,0.5016633472299746,-0.034605627828198655,-0.5811535159317968,-0.679770181849964,-0.6755077198756877,-0.6050786879235088,1.0408329997330665,-0.7220098160289725,-0.3157637485020014,0.0,0.0,0.0,0.0,0.0
483,1.5927119842387683,-0.7365752518455452,0.9920317455237933,0.5543871571209893,1.8397129403867416,0.22385471269999588,-0.8149608300648491,0.5968573514759201,1.4030401964152748,-1.285127710435928,2.3378445716897667,-0.5939431423763045,-0.192331486469891,2.5812031520847865,0.017656644968489975,-0.5783766704784492,-1.8397129403867416,-1.4183207406440443,-0.425318019742888,0.5496528743225574,-0.4279373164259298,0.1914270928569252,0.10284725221249368,-0.20228512698188472,-0.8108715234842363,-1.068153668947269,0.0516285538380787,-0.6755077198756877,-0.6050786879235088,1.0408329997330665,-0.7220098160289725,3.166924654093602,1.0,0.0,0.0,1.0,1.0
591,-0.011885910330140019,0.6691027096917547,0.9920317455237933,-0.8103514681768509,0.31593082521274257,1.1220643277632976,0.4855085796131015,0.5968573514759201,-0.18370661774348787,0.16208817969462153,-0.4277444326750994,-0.5939431423763045,-0.192331486469891,-1.1203310048245632,-0.4003572549221924,-0.5783766704784492,-0.31593082521274257,0.18198526528687498,-0.425318019742888,0.5496528743225574,-0.7857444371833963,0.1914270928569252,-0.40293964578905106,-0.029109479123946083,0.5475903684344547,-0.09415336291632463,0.6174253462681908,1.4803679818552302,-0.6050786879235088,-0.9607689228305228,1.3850227210205581,-0.3157637485020014,0.0,0.0,0.0,0.0,0.0
569,1.4144233292866673,-0.7365752518455452,0.9920317455237933,-0.35543859307757086,-0.445960232374257,-0.7629388311551327,0.4855085796131015,0.5968573514759201,0.030508446453362145,-0.5615197653706532,-0.4277444326750994,-0.5939431423763045,-1.6252647465932508,1.3473584331150033,0.6402899872362999,-0.5783766704784492,0.445960232374257,-0.352224306731372,-0.880907424371071,-2.3908320883699417,-0.07013019566846333,0.1914270928569252,0.5787807527790563,-0.40976543466848503,-0.5260128204563934,-0.41882013159330606,-1.0497823044202352,-0.6755077198756877,-0.6050786879235088,-0.9607689228305228,-0.7220098160289725,-0.3157637485020014,0.0,0.0,0.0,1.0,1.0
144,-1.0816178400427454,0.6691027096917547,-1.0080322575483704,0.5543871571209893,-1.2078512899612566,-0.6803472416202894,-0.8149608300648491,0.5968573514759201,-0.5827873636837136,0.8856961247598962,-0.4277444326750994,-0.5939431423763045,-0.431153696490451,0.11351371414522002,0.3512407985659167,-0.5783766704784492,1.2078512899612566,0.8010832176097817,-0.5012495871809185,0.059572047207140884,1.0032911666039361,0.1914270928569252,0.9563090891366258,0.11018669322846389,-0.26828742314089704,1.3668470961300918,-0.6065828092355667,-0.6755077198756877,1.6526776102985388,-0.9607689228305228,-0.7220098160289725,-0.3157637485020014,0.0,0.0,1.0,0.0,1.0
894,1.0578460193824655,0.6691027096917547,0.9920317455237933,-0.8103514681768509,0.31593082521274257,0.7511398135891625,0.4855085796131015,0.5968573514759201,-1.2717682022219108,2.3329120148904456,-0.4277444326750994,-0.5939431423763045,-0.192331486469891,0.11351371414522002,-0.5319600968947017,-0.5783766704784492,-0.31593082521274257,1.989144512438213,-0.425318019742888,0.5496528743225574,-0.7857444371833963,0.1914270928569252,-0.4627378001952959,-0.17275223074267174,0.30344482125010036,1.3668470961300918,0.38377398378680305,1.4803679818552302,1.6526776102985388,-0.9607689228305228,-0.7220098160289725,-0.3157637485020014,0.0,0.0,0.0,0.0,0.0
859,1.4144233292866673,-0.033736271076895225,0.9920317455237933,-0.35543859307757086,0.31593082521274257,0.7337554062664443,-0.8149608300648491,-1.6754422099806283,0.6375632442777275,-0.5615197653706532,-0.4277444326750994,-0.5939431423763045,-0.431153696490451,-1.1203310048245632,-0.5773127607425143,-0.5783766704784492,-0.31593082521274257,-0.6309774969260664,-0.5012495871809185,0.059572047207140884,-0.4279373164259298,0.1914270928569252,-0.4833453004198921,0.11018669322846389,0.2920022622493,-0.5811535159317968,0.13572233583985377,1.4803679818552302,-0.6050786879235088,-0.9607689228305228,1.3850227210205581,-0.3157637485020014,0.0,0.0,1.0,1.0,1.0
745,1.2361346743345663,0.6691027096917547,-1.0080322575483704,0.09947428202170919,-0.445960232374257,0.5431799999917459,1.7859779892910521,-1.6754422099806283,-0.1561453422775781,0.16208817969462153,-0.4277444326750994,-0.5939431423763045,-0.192331486469891,0.11351371414522002,-0.8880355112750449,-0.5783766704784492,0.445960232374257,0.1693294169359655,-0.425318019742888,0.5496528743225574,0.28767692508900317,0.1914270928569252,-0.11566507204647024,-0.7772702230874965,0.6202513007961961,0.23051340576065682,0.25277672711694427,1.4803679818552302,-0.6050786879235088,-0.9607689228305228,-0.7220098160289725,-0.3157637485020014,0.0,0.0,0.0,1.0,1.0
167,-1.4381951499469472,0.6691027096917547,-1.0080322575483704,-0.35543859307757086,-1.2078512899612566,-0.49890515963489146,0.4855085796131015,0.5968573514759201,-0.2583107903845801,0.16208817969462153,2.3378445716897667,0.9421167085968966,1.001779563632909,0.11351371414522002,-0.3922078429894411,1.7289770681323857,1.2078512899612566,0.2162427181561577,0.7895870592655997,0.3046124607648491,0.28767692508900317,1.6792024259418357,0.6184983246082513,0.04180606270014838,-0.06924298734231002,0.5551801744376382,0.13479431594419092,-0.6755077198756877,-0.6050786879235088,-0.9607689228305228,-0.7220098160289725,-0.3157637485020014,0.0,0.0,0.0,0.0,0.0
500,0.1664027446219609,1.3719416904604045,-1.0080322575483704,-1.7201772183754112,0.31593082521274257,0.013491786429805534,-0.8149608300648491,0.5968573514759201,1.0943852639155203,-0.5615197653706532,-0.4277444326750994,-0.5939431423763045,-0.9087981165315709,-1.1203310048245632,-1.170703406942167,-0.5783766704784492,-0.31593082521274257,-0.8407453725471742,-0.6531127220569795,-0.9205896070236921,-1.5013586786983293,0.1914270928569252,-0.7529721941315076,0.4148962995411391,-0.1820811397968785,-0.5811535159317968,-0.5653323834340732,-0.6755077198756877,-0.6050786879235088,1.0408329997330665,1.3850227210205581,-0.3157637485020014,0.0,0.0,0.0,1.0,1.0
79,-0.5467518751864427,-0.033736271076895225,-1.0080322575483704,1.0093000322202692,-0.445960232374257,0.04986224303460612,0.4855085796131015,0.5968573514759201,-0.1795835474657043,-0.5615197653706532,-0.4277444326750994,-0.5939431423763045,-0.9087981165315709,-1.1203310048245632,0.017656644968489975,-0.5783766704784492,0.445960232374257,-0.255752268705823,-0.6531127220569795,-0.9205896070236921,1.0032911666039361,0.1914270928569252,0.10284725221249368,-0.09500332444446437,0.18731026075296847,-0.41882013159330606,-0.553877213426366,-0.6755077198756877,-0.6050786879235088,-0.9607689228305228,1.3850227210205581,-0.3157637485020014,1.0,0.0,0.0,0.0,1.0
833,1.0578460193824655,-1.439414232614195,-1.0080322575483704,-1.265264343276131,1.8397129403867416,-0.7190610115615962,1.7859779892910521,0.5968573514759201,0.5962188416618992,0.16208817969462153,-0.4277444326750994,0.9421167085968966,0.04649072355066898,0.11351371414522002,-1.0506712398146163,-0.5783766704784492,-1.8397129403867416,-0.17614831787972254,0.18213451976135583,-0.6755491934659839,-1.8591657994557957,0.9353147593993804,-1.7161665753950335,-2.314049259955019,-1.0177498025334915,-0.7434869002702875,-0.4577538473990133,-0.6755077198756877,-0.6050786879235088,-0.9607689228305228,-0.7220098160289725,-0.3157637485020014,0.0,0.0,0.0,0.0,0.0
265,0.8795573644303645,1.3719416904604045,0.9920317455237933,1.4642129073195493,1.0778218827997421,-0.3828333415425756,1.7859779892910521,0.5968573514759201,0.6514727292886392,0.8856961247598962,2.3378445716897667,-0.5939431423763045,-0.6699759065110109,-1.1203310048245632,-0.17281628743910102,-0.5783766704784492,-1.0778218827997421,0.23432394039279125,-0.577181154618949,-0.4305087799082756,0.6454840458464697,0.9353147593993804,-0.8084163003795926,-1.8345202019549125,-0.6934630571133261,-0.09415336291632463,-0.570283490266408,-0.6755077198756877,1.6526776102985388,-0.9607689228305228,1.3850227210205581,3.166924654093602,0.0,0.0,0.0,0.0,0.0
939,-0.36846322023434186,-0.7365752518455452,-1.0080322575483704,1.0093000322202692,-0.445960232374257,2.98558253461872,0.4855085796131015,0.5968573514759201,1.57671290065196,-1.285127710435928,2.3378445716897667,0.9421167085968966,0.762957353612349,-1.1203310048245632,-0.9988907141956719,-0.5783766704784492,0.445960232374257,-1.4980694231834457,0.6377239243895387,0.059572047207140884,1.0032911666039361,0.1914270928569252,-0.16603584247685313,1.0418720357753275,2.7637303842735976,-1.068153668947269,3.685330976179844,1.4803679818552302,-0.6050786879235088,-0.9607689228305228,1.3850227210205581,3.166924654093602,0.0,0.0,0.0,0.0,0.0
286,-1.6164838048990482,0.6691027096917547,0.9920317455237933,0.5543871571209893,0.31593082521274257,0.035096997655449304,0.4855085796131015,-1.6754422099806283,-0.25072955138762903,0.16208817969462153,-0.4277444326750994,-0.5939431423763045,0.04649072355066898,0.11351371414522002,-0.17117596113709196,-0.5783766704784492,-0.31593082521274257,0.21276149279791595,-0.34938645230485754,1.039733701437974,0.28767692508900317,-1.2963482402279851,-0.298803457030702,-0.4500441228316738,-0.16786041316611716,-0.09415336291632463,0.09647856266651453,-0.6755077198756877,-0.6050786879235088,-0.9607689228305228,-0.7220098160289725,-0.3157637485020014,0.0,0.0,0.0,0.0,0.0
480,0.5229800545261627,-1.439414232614195,-1.0080322575483704,0.09947428202170919,1.8397129403867416,-0.23125558359013057,1.7859779892910521,0.5968573514759201,-0.5003949016262699,0.16208817969462153,-0.4277444326750994,-0.5939431423763045,0.04649072355066898,1.3473584331150033,-0.2271688127276968,1.7289770681323857,-1.8397129403867416,0.3274052005974748,-0.34938645230485754,1.039733701437974,-0.7857444371833963,2.4230900924842906,-1.3419806949780462,-2.1251436706752647,-0.9107239625214893,-0.7434869002702875,-0.09926454584223149,-0.6755077198756877,-0.6050786879235088,-0.9607689228305228,-0.7220098160289725,-0.3157637485020014,0.0,0.0,0.0,0.0,0.0
598,0.3446913995740618,1.3719416904604045,0.9920317455237933,-1.7201772183754112,0.31593082521274257,-0.5778061779703271,0.4855085796131015,0.5968573514759201,-0.5485694975032245,0.8856961247598962,-0.4277444326750994,-0.5939431423763045,-0.431153696490451,0.11351371414522002,-0.014801997863799933,1.7289770681323857,-0.31593082521274257,0.7853707326847781,-0.5012495871809185,0.059572047207140884,-1.5013586786983293,1.6792024259418357,-0.22774971487150075,-0.6873945681608569,-0.5712782932632369,0.3928467900991475,-0.5527559111368865,-0.6755077198756877,1.6526776102985388,-0.9607689228305228,-0.7220098160289725,-0.3157637485020014,0.0,0.0,0.0,0.0,0.0
787,-0.36846322023434186,1.3719416904604045,-1.0080322575483704,0.09947428202170919,-0.445960232374257,-0.2059411517241128,-0.8149608300648491,0.5968573514759201,0.030311623205216822,0.16208817969462153,-0.4277444326750994,-0.5939431423763045,-0.6699759065110109,1.3473584331150033,1.4800145847444912,-0.5783766704784492,0.445960232374257,0.08371033584373652,-0.577181154618949,-0.4305087799082756,0.28767692508900317,-0.55246057368553,0.9603377190868654,0.11018669322846389,-0.2812300159971403,0.23051340576065682,-0.3010754785296518,-0.6755077198756877,-0.6050786879235088,1.0408329997330665,-0.7220098160289725,-0.3157637485020014,0.0,1.0,0.0,0.0,1.0
865,-1.4381951499469472,-0.7365752518455452,0.9920317455237933,0.5543871571209893,1.8397129403867416,0.36261128234169865,1.7859779892910521,0.5968573514759201,0.5940513621975141,-0.5615197653706532,-0.4277444326750994,2.4781765595700977,1.4794239836740288,-1.1203310048245632,-1.9785872626364265,1.7289770681323857,-1.8397129403867416,-0.6109972974700957,2.0804237057121178,-0.2671485042031369,-0.4279373164259298,2.4230900924842906,-2.1377962664948513,-1.8951651509013199,-0.7804279540372072,-0.9058202846087783,1.5259854141079505,1.4803679818552302,-0.6050786879235088,-0.9607689228305228,1.3850227210205581,-0.3157637485020014,0.0,0.0,0.0,0.0,0.0
145,1.0578460193824655,0.6691027096917547,-1.0080322575483704,0.5543871571209893,1.0778218827997421,-0.2059411517241128,1.7859779892910521,-1.6754422099806283,0.7671366682495725,-1.285127710435928,-0.4277444326750994,-0.5939431423763045,0.04649072355066898,1.3473584331150033,-0.8820210068369456,-0.5783766704784492,-1.0778218827997421,-1.1263205163355685,-0.34938645230485754,1.039733701437974,-0.07013019566846333,-0.55246057368553,-1.1306671931456382,0.11018669322846389,-0.2812300159971403,-1.068153668947269,-0.3010754785296518,-0.6755077198756877,-0.6050786879235088,-0.9607689228305228,-0.7220098160289725,-0.3157637485020014,0.0,1.0,0.0,0.0,1.0
520,-1.4381951499469472,-1.439414232614195,0.9920317455237933,0.09947428202170919,1.8397129403867416,-0.992406283901229,1.7859779892910521,-1.6754422099806283,0.7792170457082372,0.16208817969462153,-0.4277444326750994,-0.5939431423763045,0.5241351435917889,1.3473584331150033,-1.048189962016739,-0.5783766704784492,-1.8397129403867416,-0.26017917203100643,-0.19752331742879659,2.019895355668807,-0.7857444371833963,-0.55246057368553,-1.7150391238091984,-2.4199038626044462,-1.0777225000639705,-0.7434869002702875,-0.5468797847783807,-0.6755077198756877,-0.6050786879235088,-0.9607689228305228,-0.7220098160289725,-0.3157637485020014,0.0,0.0,0.0,0.0,0.0
968,1.2361346743345663,-1.439414232614195,0.9920317455237933,-1.265264343276131,-0.445960232374257,-1.2037423688194204,1.7859779892910521,0.5968573514759201,-0.7672620834634095,0.8856961247598962,-0.4277444326750994,-0.5939431423763045,0.5241351435917889,-1.1203310048245632,0.3619669528417298,1.7289770681323857,0.445960232374257,0.8857920722851061,-0.19752331742879659,2.019895355668807,-0.7857444371833963,2.4230900924842906,0.4523153699948627,-1.4537764294218012,-0.9128668093098525,0.8798469431146198,-0.7465658218116573,-0.6755077198756877,1.6526776102985388,-0.9607689228305228,1.3850227210205581,-0.3157637485020014,0.0,0.0,0.0,0.0,0.0
497,-1.2599064949948464,-0.033736271076895225,-1.0080322575483704,1.9191257824188295,-0.445960232374257,-0.6059251826613675,-0.8149608300648491,-1.6754422099806283,-1.4264367225524657,0.8856961247598962,-0.4277444326750994,0.9421167085968966,1.001779563632909,0.11351371414522002,-1.144983656678837,1.7289770681323857,0.445960232374257,1.1884781464254393,0.7895870592655997,0.3046124607648491,1.718905408118869,-0.55246057368553,-0.23241805885859212,0.5243462166758647,-0.38821593128871157,0.8798469431146198,0.011202630119829358,-0.6755077198756877,1.6526776102985388,1.0408329997330665,-0.7220098160289725,-0.3157637485020014,0.0,0.0,0.0,0.0,0.0
553,-1.6164838048990482,0.6691027096917547,-1.0080322575483704,-1.265264343276131,-0.445960232374257,1.0773509444504303,-0.8149608300648491,0.5968573514759201,-0.6589250215492021,-0.5615197653706532,-0.4277444326750994,2.4781765595700977,2.195890613735709,-1.1203310048245632,1.1524016381818027,-0.5783766704784492,0.445960232374257,-0.03564369601637492,2.7638078126543926,0.22293232291227957,-0.7857444371833963,-0.55246057368553,0.8114758155716448,1.1762050326691909,1.0890455434386896,-0.41882013159330606,3.3209962714160826,1.4803679818552302,-0.6050786879235088,1.0408329997330665,1.3850227210205581,-0.3157637485020014,0.0,0.0,0.0,0.0,0.0
589,0.8795573644303645,1.3719416904604045,0.9920317455237933,-1.265264343276131,0.31593082521274257,-0.363253272423152,1.7859779892910521,0.5968573514759201,0.05725316175799234,-1.285127710435928,-0.4277444326750994,-0.5939431423763045,-0.9087981165315709,1.3473584331150033,-1.4098851171679467,-0.5783766704784492,-0.31593082521274257,-0.8003494626344562,-0.6531127220569795,-0.9205896070236921,-1.1435515579408628,0.9353147593993804,-0.8616524066927124,-1.477614834082047,-0.4300578170662478,-1.068153668947269,-0.6839912923836698,-0.6755077198756877,-0.6050786879235088,-0.9607689228305228,-0.7220098160289725,-0.3157637485020014,0.0,0.0,0.0,0.0,0.0
997,-1.2599064949948464,-0.7365752518455452,-1.0080322575483704,0.09947428202170919,1.8397129403867416,-0.4976957361938232,1.7859779892910521,-1.6754422099806283,2.185783408087671,-1.285127710435928,-0.4277444326750994,0.9421167085968966,1.240601773653469,0.11351371414522002,-0.35192173923059505,1.7289770681323857,-1.8397129403867416,-1.777748206070402,0.9414501941416606,0.5496528743225574,-0.7857444371833963,0.9353147593993804,-1.3986663611068184,-2.22832422412809,-0.9691816579676421,-1.068153668947269,0.24400677046327315,-0.6755077198756877,-0.6050786879235088,-0.9607689228305228,-0.7220098160289725,-0.3157637485020014,0.0,0.0,0.0,0.0,0.0
786,1.5927119842387683,-0.033736271076895225,-1.0080322575483704,-0.35543859307757086,0.31593082521274257,-0.6881208940297263,-0.8149608300648491,-1.6754422099806283,-1.3345847087311238,0.8856961247598962,-0.4277444326750994,-0.5939431423763045,-0.431153696490451,-1.1203310048245632,1.1345552463489417,-0.5783766704784492,-0.31593082521274257,1.1463006659570054,-0.5012495871809185,0.059572047207140884,-0.4279373164259298,-2.0402359067704405,0.2944992041277305,0.1431925643049069,-0.6438883410913638,0.3928467900991475,-0.610663433925844,-0.6755077198756877,1.6526776102985388,1.0408329997330665,1.3850227210205581,-0.3157637485020014,0.0,0.0,0.0,0.0,0.0
863,-1.4381951499469472,0.6691027096917547,0.9920317455237933,-0.35543859307757086,1.8397129403867416,1.2362377647637945,0.4855085796131015,-1.6754422099806283,1.2635915380300335,0.16208817969462153,-0.4277444326750994,-0.5939431423763045,-0.6699759065110109,0.11351371414522002,-0.6675116258066397,1.7289770681323857,-1.8397129403867416,-0.4825988538579852,-0.577181154618949,-0.4305087799082756,-1.1435515579408628,0.1914270928569252,-1.542065185050649,-0.6835408645672161,-0.5887519234387435,-0.7434869002702875,0.10963592817198332,1.4803679818552302,-0.6050786879235088,-0.9607689228305228,-0.7220098160289725,-0.3157637485020014,0.0,0.0,0.0,0.0,0.0
526,-0.19017456528224091,0.6691027096917547,-1.0080322575483704,-0.35543859307757086,-1.2078512899612566,-1.2228110251175377,0.4855085796131015,0.5968573514759201,-0.4860026250292857,-0.5615197653706532,-0.4277444326750994,-0.5939431423763045,-0.9087981165315709,1.3473584331150033,0.09118407028238275,-0.5783766704784492,1.2078512899612566,-0.11504784512909605,-0.6531127220569795,-0.9205896070236921,0.28767692508900317,0.1914270928569252,0.838143613686407,-0.23853084267366617,-0.8633775838460983,-0.25648674725481535,-0.9547159713599934,-0.6755077198756877,-0.6050786879235088,-0.9607689228305228,-0.7220098160289725,-0.3157637485020014,0.0,0.0,0.0,0.0,0.0
983,0.1664027446219609,1.3719416904604045,-1.0080322575483704,2.3740386575181094,-0.445960232374257,0.14285302563824595,-0.8149608300648491,0.5968573514759201,0.10506359439120135,0.16208817969462153,-0.4277444326750994,-0.5939431423763045,-0.6699759065110109,0.11351371414522002,1.4654925174253857,-0.5783766704784492,0.445960232374257,0.04938501543425371,-0.577181154618949,-0.4305087799082756,2.0767125288763357,-0.55246057368553,0.9537391319224092,0.8143150865732109,0.2689199850474688,0.23051340576065682,-0.3495245824813284,-0.6755077198756877,-0.6050786879235088,1.0408329997330665,-0.7220098160289725,-0.3157637485020014,0.0,0.0,0.0,0.0,0.0
98,1.771000639190869,-0.033736271076895225,-1.0080322575483704,-2.175090093474691,-0.445960232374257,-0.7632497420913881,0.4855085796131015,0.5968573514759201,2.1293733929004968,-1.285127710435928,-0.4277444326750994,0.9421167085968966,1.957068403715149,-1.1203310048245632,1.177660653613383,-0.5783766704784492,0.445960232374257,-1.751845319298547,1.3970395987698436,1.2847741149956822,-1.5013586786983293,0.1914270928569252,0.8229530943468468,-0.4098858368006859,-0.526285679282586,-1.068153668947269,0.14926210983361562,-0.6755077198756877,-0.6050786879235088,-0.9607689228305228,1.3850227210205581,-0.3157637485020014,0.0,0.0,0.0,0.0,0.0
387,0.3446913995740618,-0.033736271076895225,-1.0080322575483704,-1.265264343276131,-1.2078512899612566,2.320654724618055,-0.8149608300648491,0.5968573514759201,-1.31129648496641,0.8856961247598962,2.3378445716897667,-0.5939431423763045,-0.9087981165315709,0.11351371414522002,0.19821970377098472,-0.5783766704784492,1.2078512899612566,1.1356069580880492,-0.6531127220569795,-0.9205896070236921,-0.4279373164259298,-0.55246057368553,0.8867788349505401,2.007004776241154,3.023852617714863,1.3668470961300918,0.16132727826891746,1.4803679818552302,1.6526776102985388,1.0408329997330665,-0.7220098160289725,-0.3157637485020014,0.0,0.0,0.0,0.0,0.0
273,0.8795573644303645,0.6691027096917547,0.9920317455237933,1.0093000322202692,-1.2078512899612566,1.1065260989810075,-0.8149608300648491,-1.6754422099806283,-1.7662946625868179,1.609304069825171,-0.4277444326750994,-0.5939431423763045,-0.431153696490451,-1.1203310048245632,0.017656644968489975,1.7289770681323857,1.2078512899612566,1.7803816080076273,-0.5012495871809185,0.059572047207140884,1.3610982873614026,-0.55246057368553,0.10284725221249368,1.5368261551438884,1.6919369748140665,2.1785140178225455,0.33140091939166993,1.4803679818552302,1.6526776102985388,1.0408329997330665,1.3850227210205581,-0.3157637485020014,1.0,0.0,0.0,0.0,1.0
696,0.3446913995740618,0.6691027096917547,0.9920317455237933,-0.8103514681768509,-1.2078512899612566,0.016658274985710226,-0.8149608300648491,-1.6754422099806283,0.8473113690452548,-1.285127710435928,2.3378445716897667,-0.5939431423763045,-1.6252647465932508,-1.1203310048245632,-0.37601494027617327,-0.5783766704784492,1.2078512899612566,-1.1631358972530712,-0.880907424371071,-2.3908320883699417,-0.07013019566846333,0.1914270928569252,0.6258561117367055,0.11018669322846389,0.4963371241706192,-1.068153668947269,-1.0497823044202352,-0.6755077198756877,-0.6050786879235088,-0.9607689228305228,1.3850227210205581,3.166924654093602,0.0,0.0,1.0,0.0,1.0
460,0.5229800545261627,0.6691027096917547,-1.0080322575483704,-1.265264343276131,1.8397129403867416,-1.2455107593541683,0.4855085796131015,-1.6754422099806283,-0.5737165400047175,0.8856961247598962,-0.4277444326750994,2.4781765595700977,0.5241351435917889,0.11351371414522002,-2.3887881111165132,-0.5783766704784492,-1.8397129403867416,0.7969179906034625,1.169244896455752,-0.9205896070236921,-1.8591657994557957,-1.2963482402279851,-2.3241847464648266,-1.644612924265757,-1.1332543116077578,-0.5811535159317968,-0.7860317009225092,-0.6755077198756877,1.6526776102985388,-0.9607689228305228,-0.7220098160289725,-0.3157637485020014,0.0,0.0,0.0,0.0,0.0
161,-0.7250405301385436,0.6691027096917547,0.9920317455237933,0.5543871571209893,1.0778218827997421,-0.5090486589332028,1.7859779892910521,-1.6754422099806283,0.2802605352137875,0.16208817969462153,-0.4277444326750994,-0.5939431423763045,-0.6699759065110109,0.11351371414522002,0.15441492639270585,-0.5783766704784492,-1.0778218827997421,-0.0310635805436938,-0.577181154618949,-0.4305087799082756,-0.07013019566846333,-0.55246057368553,-0.659727849902628,-1.8833978436141243,-0.7488470261777437,-0.41882013159330606,-0.6232868728009943,-0.6755077198756877,-0.6050786879235088,-0.9607689228305228,-0.7220098160289725,-0.3157637485020014,0.0,0.0,0.0,0.0,0.0
243,1.4144233292866673,1.3719416904604045,-1.0080322575483704,1.4642129073195493,1.0778218827997421,-0.647058598456147,-0.8149608300648491,0.5968573514759201,1.2492211308857064,-0.5615197653706532,-0.4277444326750994,-0.5939431423763045,-0.192331486469891,-1.1203310048245632,-0.6242815496293525,-0.5783766704784492,-1.0778218827997421,-0.9118443771661741,-0.425318019742888,0.5496528743225574,0.6454840458464697,0.1914270928569252,-1.0135546473398191,-0.19022868268540097,-0.8094065397070302,-0.7434869002702875,-0.49697385441169967,-0.6755077198756877,-0.6050786879235088,1.0408329997330665,1.3850227210205581,-0.3157637485020014,0.0,0.0,0.0,1.0,1.0
58,0.7012687094782636,0.6691027096917547,0.9920317455237933,-1.265264343276131,1.0778218827997421,-0.11070383367083926,0.4855085796131015,-1.6754422099806283,1.5199150239776613,-1.285127710435928,-0.4277444326750994,0.9421167085968966,0.04649072355066898,0.11351371414522002,-1.1031529110803282,1.7289770681323857,-1.0778218827997421,-1.47198843448854,0.18213451976135583,-0.6755491934659839,-1.5013586786983293,0.1914270928569252,-1.2311458724499573,-0.855829240901625,-0.5740511461260258,-1.068153668947269,-0.010670794826114214,-0.6755077198756877,-0.6050786879235088,-0.9607689228305228,-0.7220098160289725,-0.3157637485020014,0.0,0.0,0.0,0.0,0.0
241,0.7012687094782636,0.6691027096917547,0.9920317455237933,0.09947428202170919,1.0778218827997421,0.937759061574588,-0.8149608300648491,0.5968573514759201,0.18600699451885247,0.16208817969462153,-0.4277444326750994,-0.5939431423763045,-0.6699759065110109,0.11351371414522002,-0.8017162013572112,1.7289770681323857,-1.0778218827997421,0.01221665585344958,-0.577181154618949,-0.4305087799082756,-0.4279373164259298,0.9353147593993804,-1.0941780179449705,0.42350149906768075,-0.11397991423468486,-0.41882013159330606,-0.015708453244115357,1.4803679818552302,-0.6050786879235088,1.0408329997330665,-0.7220098160289725,-0.3157637485020014,0.0,0.0,0.0,0.0,0.0
909,-0.5467518751864427,-0.033736271076895225,-1.0080322575483704,-0.35543859307757086,-0.445960232374257,-0.7310545145316266,-0.8149608300648491,0.5968573514759201,1.126771838844028,-0.5615197653706532,-0.4277444326750994,-0.5939431423763045,0.28531293357122894,1.3473584331150033,0.16391691148045381,-0.5783766704784492,0.445960232374257,-0.8556169477544802,-0.27345488486682706,1.5298145285533904,-0.07013019566846333,-0.55246057368553,0.3623247073619184,0.47588912944862727,-0.4980307966890073,-0.41882013159330606,-0.38325155604694294,-0.6755077198756877,-0.6050786879235088,1.0408329997330665,-0.7220098160289725,-0.3157637485020014,0.0,0.0,0.0,0.0,0.0
53,-1.0816178400427454,1.3719416904604045,0.9920317455237933,1.4642129073195493,0.31593082521274257,-0.4421655976439438,0.4855085796131015,0.5968573514759201,-0.42393838852984067,-0.5615197653706532,2.3378445716897667,0.9421167085968966,1.4794239836740288,1.3473584331150033,-1.3307208425860422,-0.5783766704784492,-0.31593082521274257,-0.1435470909685529,1.0933133290177217,0.7946932878802656,1.0032911666039361,0.1914270928569252,-0.8256814698652539,-0.634866936675989,-0.4819985545597402,-0.5811535159317968,0.42761108405915066,-0.6755077198756877,-0.6050786879235088,-0.9607689228305228,-0.7220098160289725,-0.3157637485020014,0.0,0.0,0.0,0.0,0.0
92,-0.011885910330140019,-1.439414232614195,0.9920317455237933,0.09947428202170919,-1.2078512899612566,-0.2059411517241128,-0.8149608300648491,0.5968573514759201,-0.996552910645811,0.16208817969462153,-0.4277444326750994,-0.5939431423763045,-0.192331486469891,-1.1203310048245632,0.2343160616606135,-0.5783766704784492,1.2078512899612566,0.5552357495866621,-0.425318019742888,0.5496528743225574,0.6454840458464697,-0.55246057368553,0.903180422866384,0.11018669322846389,-0.2812300159971403,0.5551801744376382,-0.3010754785296518,-0.6755077198756877,-0.6050786879235088,1.0408329997330665,1.3850227210205581,-0.3157637485020014,0.0,1.0,0.0,0.0,1.0
808,0.1664027446219609,-1.439414232614195,0.9920317455237933,-0.35543859307757086,-0.445960232374257,1.619055292904332,-0.8149608300648491,-1.6754422099806283,-0.18012864229465086,-0.5615197653706532,2.3378445716897667,-0.5939431423763045,-1.386442536572691,1.3473584331150033,1.4800145847444912,-0.5783766704784492,0.445960232374257,-0.2555019668828705,-0.8049758569330404,-1.900751261254525,-0.07013019566846333,-2.0402359067704405,0.9603377190868654,1.3859833034556237,1.564451183531931,-0.41882013159330606,-0.7197372521537456,1.4803679818552302,-0.6050786879235088,1.0408329997330665,-0.7220098160289725,-0.3157637485020014,0.0,0.0,0.0,0.0,0.0
100,-0.011885910330140019,-1.439414232614195,0.9920317455237933,1.0093000322202692,1.0778218827997421,0.08472343122573849,-0.8149608300648491,-1.6754422099806283,-0.1415380837441171,0.16208817969462153,2.3378445716897667,-0.5939431423763045,-0.6699759065110109,1.3473584331150033,-1.4839434823531088,1.7289770681323857,-1.0778218827997421,0.16262191716692653,-0.577181154618949,-0.4305087799082756,0.28767692508900317,0.1914270928569252,-1.404170808964387,0.11018669322846389,-0.48829659733479036,-0.41882013159330606,-0.37393576483957425,-0.6755077198756877,-0.6050786879235088,-0.9607689228305228,-0.7220098160289725,-0.3157637485020014,0.0,0.0,1.0,0.0,1.0
10,1.2361346743345663,0.6691027096917547,-1.0080322575483704,-0.8103514681768509,-1.2078512899612566,0.09098753035384681,-0.8149608300648491,0.5968573514759201,0.7152583678668031,-0.5615197653706532,-0.4277444326750994,-0.5939431423763045,-1.147620326552131,1.3473584331150033,-0.4732176555906662,-0.5783766704784492,1.2078512899612566,-0.6666542820213256,-0.72904428949501,-1.4106704341391085,-0.07013019566846333,-0.55246057368553,0.5816888058338698,1.1435527294245376,0.5778773299276859,-0.25648674725481535,-0.7105437487787662,-0.6755077198756877,-0.6050786879235088,1.0408329997330665,-0.7220098160289725,-0.3157637485020014,0.0,0.0,0.0,0.0,0.0
344,-0.011885910330140019,-0.033736271076895225,-1.0080322575483704,-0.35543859307757086,0.31593082521274257,-1.2214872977883344,0.4855085796131015,0.5968573514759201,0.2881465889474543,-0.5615197653706532,-0.4277444326750994,0.9421167085968966,1.001779563632909,-1.1203310048245632,0.017656644968489975,-0.5783766704784492,-0.31593082521274257,-0.47052903703488225,0.7895870592655997,0.3046124607648491,-0.4279373164259298,0.1914270928569252,0.10284725221249368,-0.9366639577064478,-0.9949544678080888,-0.5811535159317968,-0.6996770481561718,-0.6755077198756877,-0.6050786879235088,-0.9607689228305228,1.3850227210205581,-0.3157637485020014,1.0,0.0,0.0,0.0,1.0
48,-0.011885910330140019,-0.7365752518455452,0.9920317455237933,-0.8103514681768509,-1.2078512899612566,-0.5760440565066807,0.4855085796131015,0.5968573514759201,1.5602576796329837,-1.285127710435928,2.3378445716897667,2.4781765595700977,2.4347128237562687,-1.1203310048245632,0.4329525666445973,-0.5783766704784492,1.2078512899612566,-1.490513358441288,2.991602514968484,0.38629259861741866,-0.07013019566846333,0.1914270928569252,0.9934375648681522,0.01193356039825133,-0.15386540810579277,-1.068153668947269,0.6432524011966563,-0.6755077198756877,-0.6050786879235088,-0.9607689228305228,1.3850227210205581,3.166924654093602,0.0,0.0,0.0,0.0,0.0
769,-0.19017456528224091,-0.7365752518455452,-1.0080322575483704,-1.7201772183754112,1.0778218827997421,0.17000280021765904,1.7859779892910521,0.5968573514759201,1.2526003125975729,0.16208817969462153,-0.4277444326750994,-0.5939431423763045,-0.431153696490451,2.5812031520847865,-1.0582410774243014,1.7289770681323857,-1.0778218827997421,-0.4775517985271847,-0.5012495871809185,0.059572047207140884,-1.8591657994557957,2.4230900924842906,-1.2107386781722556,-1.6204310771810246,-0.4508755455026748,-0.41882013159330606,-0.16020841617809248,-0.6755077198756877,-0.6050786879235088,-0.9607689228305228,-0.7220098160289725,-0.3157637485020014,0.0,0.0,0.0,0.0,0.0
503,-1.0816178400427454,-1.439414232614195,-1.0080322575483704,0.5543871571209893,1.8397129403867416,-0.23963387900270242,-0.8149608300648491,-1.6754422099806283,-0.12487469057296048,0.16208817969462153,2.3378445716897667,-0.5939431423763045,-0.9087981165315709,1.3473584331150033,-0.5289853923896459,1.7289770681323857,-1.8397129403867416,0.15497026195791486,-0.6531127220569795,-0.9205896070236921,-0.4279373164259298,0.1914270928569252,-1.479121156099395,0.11018669322846389,-0.9125621833632052,-0.7434869002702875,-0.6450563627712113,-0.6755077198756877,-0.6050786879235088,-0.9607689228305228,-0.7220098160289725,-0.3157637485020014,0.0,0.0,1.0,0.0,1.0
555,-1.2599064949948464,-0.033736271076895225,-1.0080322575483704,-0.35543859307757086,-1.2078512899612566,2.7478378465540616,0.4855085796131015,0.5968573514759201,-0.004310521294077495,-0.5615197653706532,-0.4277444326750994,-0.5939431423763045,0.28531293357122894,1.3473584331150033,0.8229252609974227,1.7289770681323857,1.2078512899612566,-0.3362358022772929,-0.27345488486682706,1.5298145285533904,0.28767692508900317,1.6792024259418357,1.1706347062186477,1.2991268419595436,3.492478322171199,-0.25648674725481535,2.538629344360596,1.4803679818552302,-0.6050786879235088,-0.9607689228305228,-0.7220098160289725,-0.3157637485020014,0.0,0.0,0.0,0.0,0.0
560,-0.19017456528224091,-0.033736271076895225,-1.0080322575483704,0.5543871571209893,1.0778218827997421,-1.4281749198352796,0.4855085796131015,0.5968573514759201,1.0583527968718418,-0.5615197653706532,-0.4277444326750994,0.9421167085968966,1.001779563632909,-1.1203310048245632,-1.8646064760452412,-0.5783766704784492,-1.0778218827997421,-0.8241996419557877,0.7895870592655997,0.3046124607648491,-0.07013019566846333,0.1914270928569252,-1.5771377763365697,-1.3660278521099651,-1.1521646381166146,-0.7434869002702875,-0.9383694995817409,-0.6755077198756877,-0.6050786879235088,-0.9607689228305228,1.3850227210205581,-0.3157637485020014,0.0,0.0,0.0,0.0,0.0
568,-1.2599064949948464,1.3719416904604045,0.9920317455237933,0.09947428202170919,-1.2078512899612566,-0.2059411517241128,0.4855085796131015,0.5968573514759201,0.24389926471133372,-0.5615197653706532,-0.4277444326750994,0.9421167085968966,1.240601773653469,1.3473584331150033,1.3669153918404795,-0.5783766704784492,1.2078512899612566,-0.4502111302617178,0.9414501941416606,0.5496528743225574,0.6454840458464697,0.1914270928569252,1.4178148229399992,0.11018669322846389,-0.2812300159971403,-0.25648674725481535,-0.3010754785296518,-0.6755077198756877,-0.6050786879235088,-0.9607689228305228,-0.7220098160289725,-0.3157637485020014,0.0,1.0,0.0,0.0,1.0
523,0.1664027446219609,1.3719416904604045,0.9920317455237933,1.4642129073195493,-1.2078512899612566,0.31608312352948964,0.4855085796131015,0.5968573514759201,-0.6188427132254918,0.16208817969462153,-0.4277444326750994,-0.5939431423763045,-0.431153696490451,-1.1203310048245632,1.4800145847444912,-0.5783766704784492,1.2078512899612566,0.3817951921982266,-0.5012495871809185,0.059572047207140884,1.718905408118869,0.1914270928569252,1.469205225298549,0.3574151827697771,0.8248102622118284,0.5551801744376382,-0.08352644705039,1.4803679818552302,-0.6050786879235088,-0.9607689228305228,1.3850227210205581,-0.3157637485020014,0.0,0.0,0.0,0.0,0.0
131,1.771000639190869,-0.033736271076895225,0.9920317455237933,-0.35543859307757086,-1.2078512899612566,-0.2059411517241128,-0.8149608300648491,0.5968573514759201,0.3972968855869377,-1.285127710435928,-0.4277444326750994,-0.5939431423763045,-0.9087981165315709,0.11351371414522002,1.4645005223774223,-0.5783766704784492,1.2078512899612566,-0.9564939707788865,-0.6531127220569795,-0.9205896070236921,0.28767692508900317,0.1914270928569252,1.4621558919939692,0.11018669322846389,-0.2812300159971403,-1.068153668947269,-0.3010754785296518,-0.6755077198756877,-0.6050786879235088,1.0408329997330665,-0.7220098160289725,-0.3157637485020014,0.0,1.0,0.0,1.0,1.0
958,-0.011885910330140019,-1.439414232614195,-1.0080322575483704,1.4642129073195493,-0.445960232374257,-0.36760800528244736,0.4855085796131015,0.5968573514759201,-1.0836237564339575,0.16208817969462153,-0.4277444326750994,2.4781765595700977,2.6735350337768287,-1.1203310048245632,1.001880315820125,-0.5783766704784492,0.445960232374257,0.5952177678877811,3.2193972172825753,0.5496528743225574,1.3610982873614026,0.1914270928569252,0.743081416627768,-0.2566711918830192,-0.1790661790661086,0.23051340576065682,1.1367344174035736,-0.6755077198756877,-0.6050786879235088,-0.9607689228305228,1.3850227210205581,-0.3157637485020014,0.0,0.0,0.0,0.0,0.0
610,-0.7250405301385436,0.6691027096917547,0.9920317455237933,1.4642129073195493,0.31593082521274257,0.3068697233908775,1.7859779892910521,0.5968573514759201,1.253145702509091,-0.5615197653706532,2.3378445716897667,-0.5939431423763045,-0.9087981165315709,0.11351371414522002,-1.318844042198083,-0.5783766704784492,-0.31593082521274257,-0.9136464992548008,-0.6531127220569795,-0.9205896070236921,1.0032911666039361,0.9353147593993804,-0.8202848482360665,-1.2181056688384644,0.011022616396360721,-0.5811535159317968,-0.4729306250256867,1.4803679818552302,-0.6050786879235088,-0.9607689228305228,-0.7220098160289725,3.166924654093602,0.0,0.0,0.0,0.0,0.0
657,1.4144233292866673,1.3719416904604045,0.9920317455237933,-1.265264343276131,1.8397129403867416,-0.02773608125527669,-0.8149608300648491,0.5968573514759201,1.3742190002617425,-1.285127710435928,-0.4277444326750994,-0.5939431423763045,-1.147620326552131,-1.1203310048245632,-1.0042593843641885,-0.5783766704784492,-1.8397129403867416,-1.4050863499402442,-0.72904428949501,-1.4106704341391085,-1.8591657994557957,0.1914270928569252,-1.6950777960274512,0.11018669322846389,-0.8660712291831336,-1.068153668947269,-0.7354723910866187,-0.6755077198756877,-0.6050786879235088,-0.9607689228305228,1.3850227210205581,-0.3157637485020014,0.0,0.0,1.0,0.0,1.0
471,-0.36846322023434186,-0.033736271076895225,-1.0080322575483704,1.4642129073195493,0.31593082521274257,-0.7737033670396287,-0.8149608300648491,0.5968573514759201,0.5700823131552772,-0.5615197653706532,2.3378445716897667,2.4781765595700977,2.195890613735709,-1.1203310048245632,0.23535803582342493,-0.5783766704784492,-0.31593082521274257,-0.5999909617811227,2.7638078126543926,0.22293232291227957,1.0032911666039361,-0.55246057368553,-0.11408113373383107,0.11005023630092302,-0.7002194243817597,-0.5811535159317968,0.2116386500886241,-0.6755077198756877,-0.6050786879235088,1.0408329997330665,1.3850227210205581,3.166924654093602,0.0,0.0,0.0,0.0,0.0
537,1.4144233292866673,-1.439414232614195,0.9920317455237933,-0.35543859307757086,0.31593082521274257,-0.8947597590962921,0.4855085796131015,0.5968573514759201,1.2893848420500038,-1.285127710435928,-0.4277444326750994,-0.5939431423763045,-1.386442536572691,0.11351371414522002,1.2025493703270027,-0.5783766704784492,-0.31593082521274257,-1.3661313950930782,-0.8049758569330404,-1.900751261254525,-0.4279373164259298,0.1914270928569252,0.32539460929843944,-0.810136750973204,-0.7798997311542657,-1.068153668947269,-0.9836527252853061,-0.6755077198756877,-0.6050786879235088,-0.9607689228305228,-0.7220098160289725,-0.3157637485020014,0.0,0.0,0.0,1.0,1.0
716,-0.5467518751864427,-0.033736271076895225,-1.0080322575483704,-1.265264343276131,1.0778218827997421,-0.9543904053921384,1.7859779892910521,0.5968573514759201,1.1436442678137868,-1.285127710435928,-0.4277444326750994,-0.5939431423763045,0.28531293357122894,-1.1203310048245632,-1.4499568185250484,1.7289770681323857,-1.0778218827997421,-1.2992088534135608,-0.27345488486682706,1.5298145285533904,-1.5013586786983293,2.4230900924842906,-1.38872783113137,-2.055859116535059,-0.9442654113539236,-1.068153668947269,-0.5708287519326996,-0.6755077198756877,-0.6050786879235088,-0.9607689228305228,1.3850227210205581,-0.3157637485020014,0.0,0.0,0.0,0.0,0.0
156,-0.7250405301385436,1.3719416904604045,0.9920317455237933,-1.265264343276131,-1.2078512899612566,-0.2059411517241128,1.7859779892910521,0.5968573514759201,-1.414985357459107,1.609304069825171,-0.4277444326750994,2.4781765595700977,5.061757133982429,0.11351371414522002,0.7947839126669884,-0.5783766704784492,1.2078512899612566,1.6190640631988247,5.49734424042349,2.183255631373946,-0.4279373164259298,0.9353147593993804,1.1578477430540168,0.11018669322846389,-0.2812300159971403,2.1785140178225455,-0.3010754785296518,-0.6755077198756877,1.6526776102985388,-0.9607689228305228,-0.7220098160289725,-0.3157637485020014,0.0,1.0,0.0,0.0,1.0
562,1.4144233292866673,1.3719416904604045,-1.0080322575483704,-0.35543859307757086,1.0778218827997421,-0.417997367848832,-0.8149608300648491,-1.6754422099806283,0.7012467727592863,-0.5615197653706532,-0.4277444326750994,-0.5939431423763045,-0.6699759065110109,-1.1203310048245632,-0.2505125372103033,-0.5783766704784492,-1.0778218827997421,-0.6602203046441026,-0.577181154618949,-0.4305087799082756,-0.7857444371833963,-2.0402359067704405,-0.8437201910172669,-0.10152334185112151,-0.7088932234781471,-0.7434869002702875,-0.5850504169461421,-0.6755077198756877,-0.6050786879235088,1.0408329997330665,1.3850227210205581,-0.3157637485020014,0.0,0.0,0.0,0.0,0.0
586,-0.9033291850906445,-0.033736271076895225,-1.0080322575483704,-1.265264343276131,0.31593082521274257,-0.45896722523530226,-0.8149608300648491,0.5968573514759201,-0.7192842034461363,0.16208817969462153,-0.4277444326750994,2.4781765595700977,2.195890613735709,0.11351371414522002,0.9173069187697716,-0.5783766704784492,-0.31593082521274257,0.4279168700554114,2.7638078126543926,0.22293232291227957,-1.1435515579408628,0.1914270928569252,0.19578515781715458,0.11018669322846389,-0.4930575231776898,-0.09415336291632463,0.7403250398675972,-0.6755077198756877,-0.6050786879235088,-0.9607689228305228,-0.7220098160289725,-0.3157637485020014,0.0,0.0,1.0,0.0,1.0
970,-1.4381951499469472,1.3719416904604045,0.9920317455237933,-0.35543859307757086,-0.445960232374257,0.39005277448435793,1.7859779892910521,0.5968573514759201,1.3965809705715708,-1.285127710435928,-0.4277444326750994,2.4781765595700977,2.6735350337768287,-1.1203310048245632,-0.5710383002170564,1.7289770681323857,0.445960232374257,-1.4153547319466857,3.2193972172825753,0.5496528743225574,-0.07013019566846333,2.4230900924842906,0.02837321686186768,-0.8365696632137329,0.48586517879843827,-1.068153668947269,2.5685228276577146,1.4803679818552302,-0.6050786879235088,-0.9607689228305228,1.3850227210205581,-0.3157637485020014,0.0,0.0,0.0,0.0,0.0
86,-1.2599064949948464,-0.033736271076895225,0.9920317455237933,-0.8103514681768509,0.31593082521274257,2.8474493877842173,-0.8149608300648491,0.5968573514759201,0.3271172167754946,0.8856961247598962,-0.4277444326750994,-0.5939431423763045,-0.9087981165315709,0.11351371414522002,-0.7108247737949045,-0.5783766704784492,-0.31593082521274257,0.38326458659856166,-0.6531127220569795,-0.9205896070236921,-0.7857444371833963,0.1914270928569252,-0.5440109505831553,1.5123634452101506,1.6832529183212463,0.3928467900991475,0.32724552590853456,1.4803679818552302,1.6526776102985388,1.0408329997330665,-0.7220098160289725,-0.3157637485020014,0.0,0.0,0.0,1.0,1.0
240,1.771000639190869,-0.7365752518455452,0.9920317455237933,-0.35543859307757086,1.8397129403867416,-1.1488154997582667,-0.8149608300648491,0.5968573514759201,0.8828293524854828,-1.285127710435928,2.3378445716897667,0.9421167085968966,-0.431153696490451,0.11351371414522002,-1.2299458885995447,-0.5783766704784492,-1.8397129403867416,-1.179445382374891,-0.12159174999076611,-1.1656300205814003,-1.1435515579408628,-0.55246057368553,-1.7976260102255202,-0.7338599322264915,-1.1120391081885057,-1.068153668947269,-0.8524959321902692,-0.6755077198756877,-0.6050786879235088,1.0408329997330665,-0.7220098160289725,3.166924654093602,0.0,0.0,0.0,0.0,0.0
752,-0.9033291850906445,-1.439414232614195,-1.0080322575483704,-1.7201772183754112,1.0778218827997421,-0.706471893407758,0.4855085796131015,0.5968573514759201,-0.23527691293790648,-0.5615197653706532,-0.4277444326750994,-0.5939431423763045,0.28531293357122894,0.11351371414522002,0.2868201214538242,1.7289770681323857,-1.0778218827997421,-0.23017845995957023,-0.27345488486682706,1.5298145285533904,-1.8591657994557957,1.6792024259418357,-0.5995651195255156,-1.0865440094245409,-0.8354774172965637,-0.7434869002702875,-0.3626049008220682,-0.6755077198756877,-0.6050786879235088,-0.9607689228305228,-0.7220098160289725,-0.3157637485020014,0.0,0.0,0.0,0.0,0.0
108,1.4144233292866673,-1.439414232614195,-1.0080322575483704,1.4642129073195493,-1.2078512899612566,2.440058136463921,-0.8149608300648491,-1.6754422099806283,-0.7893212605554237,-0.5615197653706532,-0.4277444326750994,-0.5939431423763045,0.04649072355066898,0.11351371414522002,1.2040813685820688,-0.5783766704784492,1.2078512899612566,0.024232888013013643,-0.34938645230485754,1.039733701437974,1.718905408118869,-2.0402359067704405,1.3438257363864545,2.053244466460582,3.1548397871918934,-0.25648674725481535,1.8638898899818055,1.4803679818552302,-0.6050786879235088,1.0408329997330665,-0.7220098160289725,-0.3157637485020014,0.0,0.0,0.0,0.0,0.0
993,0.3446913995740618,1.3719416904604045,-1.0080322575483704,-0.8103514681768509,1.8397129403867416,0.32856757506839723,1.7859779892910521,-1.6754422099806283,0.5630123623203378,0.16208817969462153,-0.4277444326750994,-0.5939431423763045,-1.386442536572691,0.11351371414522002,-0.39180288281258074,-0.5783766704784492,-1.8397129403867416,-0.16090025117344048,-0.8049758569330404,-1.900751261254525,-1.5013586786983293,-0.55246057368553,-1.416787693033004,-1.9083487815355133,-0.7878972361712734,-0.7434869002702875,-0.8552204398894891,1.4803679818552302,-0.6050786879235088,-0.9607689228305228,-0.7220098160289725,-0.3157637485020014,0.0,0.0,0.0,0.0,0.0
282,0.1664027446219609,0.6691027096917547,-1.0080322575483704,-0.35543859307757086,-0.445960232374257,-0.5648004859846115,-0.8149608300648491,0.5968573514759201,-0.652578428433204,0.16208817969462153,-0.4277444326750994,-0.5939431423763045,-0.192331486469891,1.3473584331150033,0.7461141258481544,1.7289770681323857,0.445960232374257,0.39728627845823544,-0.425318019742888,0.5496528743225574,-0.07013019566846333,0.9353147593993804,0.626865490811852,0.5402720030943956,-0.35212444927817466,0.23051340576065682,-0.44515813633516793,-0.6755077198756877,-0.6050786879235088,1.0408329997330665,-0.7220098160289725,-0.3157637485020014,0.0,0.0,0.0,0.0,0.0
285,-1.2599064949948464,-0.7365752518455452,0.9920317455237933,-1.7201772183754112,1.0778218827997421,-0.8267890738227585,0.4855085796131015,0.5968573514759201,1.1307313374909458,-1.285127710435928,-0.4277444326750994,2.4781765595700977,2.6735350337768287,-1.1203310048245632,-1.9942282120063068,-0.5783766704784492,-1.0778218827997421,-1.2932793713714879,3.2193972172825753,0.5496528743225574,-1.8591657994557957,0.1914270928569252,-1.636035748942849,-1.1331375620245825,-0.8882732517149713,-1.068153668947269,0.26899762845894737,-0.6755077198756877,-0.6050786879235088,-0.9607689228305228,1.3850227210205581,-0.3157637485020014,0.0,0.0,0.0,0.0,0.0
703,0.8795573644303645,1.3719416904604045,-1.0080322575483704,0.09947428202170919,-1.2078512899612566,-0.18332570481621363,-0.8149608300648491,0.5968573514759201,-0.3493325751233953,-0.5615197653706532,-0.4277444326750994,-0.5939431423763045,0.04649072355066898,0.11351371414522002,1.4800145847444912,-0.5783766704784492,1.2078512899612566,-0.17780529726006067,-0.34938645230485754,1.039733701437974,0.6454840458464697,-0.55246057368553,1.469205225298549,1.0373232773404835,0.27695197386335235,-0.25648674725481535,-0.06404077058246183,-0.6755077198756877,-0.6050786879235088,1.0408329997330665,-0.7220098160289725,-0.3157637485020014,0.0,0.0,0.0,0.0,0.0
767,-1.6164838048990482,0.6691027096917547,-1.0080322575483704,0.5543871571209893,-0.445960232374257,-0.5649517936131139,0.4855085796131015,0.5968573514759201,0.5181226711505532,-0.5615197653706532,-0.4277444326750994,-0.5939431423763045,-1.147620326552131,0.11351371414522002,1.4800145847444912,-0.5783766704784492,0.445960232374257,-0.5761316396538614,-0.72904428949501,-1.4106704341391085,0.6454840458464697,0.1914270928569252,0.9603377190868654,-0.33309376221055653,-0.35225723850200946,-0.41882013159330606,-0.8482726854342807,-0.6755077198756877,-0.6050786879235088,-0.9607689228305228,-0.7220098160289725,-0.3157637485020014,0.0,0.0,0.0,1.0,1.0
963,-0.36846322023434186,0.6691027096917547,-1.0080322575483704,1.0093000322202692,1.0778218827997421,-0.648783504455771,1.7859779892910521,0.5968573514759201,0.24090882967488178,0.16208817969462153,-0.4277444326750994,-0.5939431423763045,0.28531293357122894,0.11351371414522002,-0.3903493536466672,1.7289770681323857,-1.0778218827997421,-0.012993690481238666,-0.27345488486682706,1.5298145285533904,0.28767692508900317,2.4230900924842906,-0.90725972721274,-1.9375110039496433,-0.8101634378593087,-0.41882013159330606,-0.31415309939827013,-0.6755077198756877,-0.6050786879235088,-0.9607689228305228,-0.7220098160289725,-0.3157637485020014,0.0,0.0,0.0,0.0,0.0
671,-0.19017456528224091,-1.439414232614195,0.9920317455237933,0.5543871571209893,1.0778218827997421,0.03780984367056494,0.4855085796131015,0.5968573514759201,0.5801896186552297,-0.5615197653706532,-0.4277444326750994,-0.5939431423763045,-0.6699759065110109,1.3473584331150033,-0.1242712619804446,-0.5783766704784492,-1.0778218827997421,-0.6046321303584598,-0.577181154618949,-0.4305087799082756,-0.07013019566846333,0.1914270928569252,-0.7863582438473625,-0.7983164250829324,-0.5088825352032913,-0.7434869002702875,-0.3936368508778154,-0.6755077198756877,-0.6050786879235088,-0.9607689228305228,-0.7220098160289725,-0.3157637485020014,0.0,0.0,0.0,0.0,0.0
391,-0.011885910330140019,1.3719416904604045,0.9920317455237933,0.5543871571209893,-1.2078512899612566,0.18714936645288138,-0.8149608300648491,-1.6754422099806283,-1.279321115153614,0.8856961247598962,-0.4277444326750994,-0.5939431423763045,-0.6699759065110109,-1.1203310048245632,-0.7420680782452597,1.7289770681323857,1.2078512899612566,1.1209242039529754,-0.577181154618949,-0.4305087799082756,1.0032911666039361,-0.55246057368553,0.4595276211275253,1.1807919794879334,0.683368174180834,1.3668470961300918,-0.3309225938667921,-0.6755077198756877,1.6526776102985388,1.0408329997330665,1.3850227210205581,-0.3157637485020014,0.0,0.0,0.0,0.0,0.0
245,-0.36846322023434186,1.3719416904604045,0.9920317455237933,0.5543871571209893,1.0778218827997421,-1.1004600540902378,-0.8149608300648491,-1.6754422099806283,1.9682205264702963,-0.5615197653706532,-0.4277444326750994,-0.5939431423763045,0.28531293357122894,1.3473584331150033,-1.0183669142545244,-0.5783766704784492,-1.0778218827997421,-1.2420013514386166,-0.27345488486682706,1.5298145285533904,-0.07013019566846333,-2.0402359067704405,-1.192620518029907,-0.3658111265155804,-1.0083615691895704,-0.7434869002702875,-0.6935109370541215,-0.6755077198756877,-0.6050786879235088,1.0408329997330665,-0.7220098160289725,-0.3157637485020014,0.0,0.0,0.0,0.0,0.0
267,1.4144233292866673,0.6691027096917547,0.9920317455237933,1.4642129073195493,-1.2078512899612566,0.29090607206309477,-0.8149608300648491,0.5968573514759201,-0.04910017564647092,0.16208817969462153,-0.4277444326750994,-0.5939431423763045,-0.6699759065110109,-1.1203310048245632,-0.48599884723299375,-0.5783766704784492,1.2078512899612566,0.1201754001976334,-0.577181154618949,-0.4305087799082756,1.718905408118869,-0.55246057368553,0.5758812437792195,1.2209723885016885,0.7971906937557969,0.5551801744376382,-0.2873505736739801,1.4803679818552302,-0.6050786879235088,1.0408329997330665,1.3850227210205581,-0.3157637485020014,0.0,0.0,0.0,0.0,0.0
689,0.8795573644303645,0.6691027096917547,0.9920317455237933,-1.265264343276131,1.0778218827997421,-0.9431224633682436,1.7859779892910521,0.5968573514759201,-1.8272830985600248,1.609304069825171,-0.4277444326750994,-0.5939431423763045,0.04649072355066898,0.11351371414522002,-1.1115011567064648,-0.5783766704784492,-1.0778218827997421,1.8083868575393758,-0.34938645230485754,1.039733701437974,-1.5013586786983293,0.9353147593993804,-1.2349391771650429,-2.0514955381369147,-0.9393209769907028,0.23051340576065682,-0.6224171101634082,-0.6755077198756877,1.6526776102985388,-0.9607689228305228,-0.7220098160289725,-0.3157637485020014,0.0,0.0,0.0,0.0,0.0
361,0.8795573644303645,-0.7365752518455452,-1.0080322575483704,0.5543871571209893,-0.445960232374257,0.7797111301301565,-0.8149608300648491,-1.6754422099806283,1.6706342960645026,-1.285127710435928,-0.4277444326750994,-0.5939431423763045,-0.6699759065110109,-1.1203310048245632,1.4800145847444912,-0.5783766704784492,0.445960232374257,-1.541197141953833,-0.577181154618949,-0.4305087799082756,0.6454840458464697,-2.0402359067704405,0.9603377190868654,1.0609422223492995,0.8278335984948789,-1.068153668947269,-0.08207975541517298,1.4803679818552302,-0.6050786879235088,1.0408329997330665,1.3850227210205581,-0.3157637485020014,0.0,0.0,0.0,0.0,0.0
102,-1.6164838048990482,-1.439414232614195,0.9920317455237933,-2.175090093474691,-1.2078512899612566,0.5763075078796219,0.4855085796131015,0.5968573514759201,-1.3509917266040368,0.8856961247598962,-0.4277444326750994,0.9421167085968966,0.5241351435917889,2.5812031520847865,0.6508692758381971,1.7289770681323857,1.2078512899612566,1.1538345963205356,0.4858607895134778,-0.18546836635056735,-1.1435515579408628,1.6792024259418357,1.0924553127278966,0.4581886425384508,1.1102799569884525,1.3668470961300918,0.9353575739832466,1.4803679818552302,1.6526776102985388,-0.9607689228305228,-0.7220098160289725,-0.3157637485020014,0.0,0.0,0.0,0.0,0.0
342,-1.0816178400427454,0.6691027096917547,0.9920317455237933,1.9191257824188295,0.31593082521274257,-0.2059411517241128,0.4855085796131015,0.5968573514759201,0.8090789933274999,0.16208817969462153,-0.4277444326750994,-0.5939431423763045,-0.6699759065110109,1.3473584331150033,-0.23118165967605853,-0.5783766704784492,-0.31593082521274257,-0.27389146488188126,-0.577181154618949,-0.4305087799082756,1.3610982873614026,0.1914270928569252,-0.32606905382713913,0.11018669322846389,-0.2812300159971403,-0.09415336291632463,-0.3010754785296518,-0.6755077198756877,-0.6050786879235088,-0.9607689228305228,-0.7220098160289725,-0.3157637485020014,0.0,1.0,0.0,0.0,1.0
965,-1.0816178400427454,-0.033736271076895225,0.9920317455237933,1.9191257824188295,-0.445960232374257,-0.24113316081429922,0.4855085796131015,0.5968573514759201,-1.5123132011539224,0.16208817969462153,-0.4277444326750994,-0.5939431423763045,-0.6699759065110109,0.11351371414522002,1.182742664085927,-0.5783766704784492,0.445960232374257,0.7920674604472593,-0.577181154618949,-0.4305087799082756,1.718905408118869,0.1914270928569252,0.8252622758384955,-0.20769304680030726,-0.06807047714552518,0.23051340576065682,-0.5107773301613227,-0.6755077198756877,-0.6050786879235088,-0.9607689228305228,-0.7220098160289725,-0.3157637485020014,0.0,0.0,0.0,1.0,1.0
22,0.8795573644303645,-0.7365752518455452,-1.0080322575483704,-0.35543859307757086,1.0778218827997421,1.2217652192335227,0.4855085796131015,0.5968573514759201,0.44901874312004003,-1.285127710435928,-0.4277444326750994,-0.5939431423763045,0.762957353612349,1.3473584331150033,-1.524706471056935,1.7289770681323857,-1.0778218827997421,-0.9802441047730818,-0.12159174999076611,2.5099761827842233,-0.7857444371833963,1.6792024259418357,-1.4226928367263754,-0.33982257676368766,0.010643535399444968,-1.068153668947269,1.833569125453971,1.4803679818552302,-0.6050786879235088,-0.9607689228305228,-0.7220098160289725,-0.3157637485020014,0.0,0.0,0.0,0.0,0.0
950,1.0578460193824655,0.6691027096917547,-1.0080322575483704,-0.8103514681768509,1.0778218827997421,-0.2059411517241128,0.4855085796131015,-1.6754422099806283,0.8983528056197407,-0.5615197653706532,-0.4277444326750994,-0.5939431423763045,-1.147620326552131,0.11351371414522002,0.41618789078259927,-0.5783766704784492,-1.0778218827997421,-0.7507293256804021,-0.72904428949501,-1.4106704341391085,-1.1435515579408628,-1.2963482402279851,-0.5407825451558106,0.11018669322846389,-0.2812300159971403,-0.7434869002702875,-0.3010754785296518,-0.6755077198756877,-0.6050786879235088,-0.9607689228305228,-0.7220098160289725,-0.3157637485020014,0.0,1.0,0.0,0.0,1.0
791,0.7012687094782636,0.6691027096917547,0.9920317455237933,0.09947428202170919,-0.445960232374257,-1.1437338960441978,-0.8149608300648491,0.5968573514759201,-2.7846147993784327,3.7801279050209953,-0.4277444326750994,0.9421167085968966,0.762957353612349,-1.1203310048245632,1.4800145847444912,-0.5783766704784492,0.445960232374257,3.5555163145389623,0.6377239243895387,0.059572047207140884,0.28767692508900317,-0.55246057368553,0.9603377190868654,0.31607655402809076,-0.8602027195861012,3.4771810925304716,-0.6498745857449241,-0.6755077198756877,1.6526776102985388,1.0408329997330665,1.3850227210205581,-0.3157637485020014,0.0,0.0,0.0,0.0,0.0
451,-0.5467518751864427,1.3719416904604045,0.9920317455237933,-0.8103514681768509,1.8397129403867416,-0.2059411517241128,1.7859779892910521,0.5968573514759201,0.9110627779120014,-0.5615197653706532,-0.4277444326750994,0.9421167085968966,1.4794239836740288,0.11351371414522002,-0.28332015763462154,-0.5783766704784492,-1.8397129403867416,-0.7565656115255208,1.0933133290177217,0.7946932878802656,-1.5013586786983293,0.9353147593993804,-1.3674949372431484,0.11018669322846389,-0.2812300159971403,-0.9058202846087783,-0.3010754785296518,-0.6755077198756877,-0.6050786879235088,-0.9607689228305228,-0.7220098160289725,-0.3157637485020014,0.0,1.0,0.0,0.0,1.0
693,0.1664027446219609,-0.033736271076895225,-1.0080322575483704,0.5543871571209893,-0.445960232374257,1.4795448787270074,-0.8149608300648491,-1.6754422099806283,-0.577595404235476,0.16208817969462153,-0.4277444326750994,-0.5939431423763045,-1.386442536572691,0.11351371414522002,0.5854248586512625,-0.5783766704784492,0.445960232374257,0.36285486093139463,-0.8049758569330404,-1.900751261254525,0.6454840458464697,0.1914270928569252,0.5538509459339132,1.3319570555099534,1.4420153235634037,0.23051340576065682,-0.7343838972739132,1.4803679818552302,-0.6050786879235088,1.0408329997330665,-0.7220098160289725,-0.3157637485020014,0.0,0.0,0.0,1.0,1.0
638,-1.2599064949948464,1.3719416904604045,0.9920317455237933,1.0093000322202692,0.31593082521274257,-0.1272735845344434,-0.8149608300648491,-1.6754422099806283,1.253141384279232,-0.5615197653706532,2.3378445716897667,0.9421167085968966,0.762957353612349,-1.1203310048245632,-0.8689138490383512,-0.5783766704784492,-0.31593082521274257,-0.9136445163689831,0.6377239243895387,0.059572047207140884,0.6454840458464697,-2.0402359067704405,-0.6158440112500578,0.360384062023069,-0.27473405758850517,-0.5811535159317968,0.4172667849698997,-0.6755077198756877,-0.6050786879235088,1.0408329997330665,1.3850227210205581,3.166924654093602,0.0,0.0,0.0,0.0,0.0
718,-0.5467518751864427,0.6691027096917547,-1.0080322575483704,0.5543871571209893,-0.445960232374257,0.4848267223652647,1.7859779892910521,0.5968573514759201,1.1999625634350795,-1.285127710435928,-0.4277444326750994,0.9421167085968966,0.762957353612349,-1.1203310048245632,0.017656644968489975,-0.5783766704784492,0.445960232374257,-1.325069623523651,0.6377239243895387,0.059572047207140884,0.6454840458464697,0.9353147593993804,0.10284725221249368,-0.7998678812199116,0.5690398283745072,-1.068153668947269,1.059886622777163,1.4803679818552302,-0.6050786879235088,-0.9607689228305228,1.3850227210205581,-0.3157637485020014,1.0,0.0,0.0,0.0,1.0
166,-1.4381951499469472,-1.439414232614195,-1.0080322575483704,-0.35543859307757086,-0.445960232374257,0.5591271827644144,-0.8149608300648491,0.5968573514759201,-1.2389355704030838,1.609304069825171,-0.4277444326750994,-0.5939431423763045,-1.147620326552131,-1.1203310048245632,-1.0767285297883784,-0.5783766704784492,0.445960232374257,1.53822384918381,-0.72904428949501,-1.4106704341391085,-0.07013019566846333,0.1914270928569252,-0.2014040582820238,0.9755197604958875,0.6342467222015488,1.5291804804685827,-0.6122474976211862,1.4803679818552302,1.6526776102985388,1.0408329997330665,1.3850227210205581,-0.3157637485020014,0.0,0.0,0.0,1.0,1.0
763,0.1664027446219609,0.6691027096917547,0.9920317455237933,-0.8103514681768509,1.0778218827997421,0.8881046385322009,1.7859779892910521,0.5968573514759201,0.3699150680917512,0.16208817969462153,2.3378445716897667,2.4781765595700977,1.957068403715149,0.11351371414522002,-0.5447717313155541,-0.5783766704784492,-1.0778218827997421,-0.07223200083246342,2.536013110340301,0.059572047207140884,-1.1435515579408628,0.1914270928569252,-0.9774267011566043,-1.342341816276739,-0.13576854565078975,-0.41882013159330606,2.749799323122058,1.4803679818552302,-0.6050786879235088,-0.9607689228305228,-0.7220098160289725,3.166924654093602,0.0,0.0,0.0,1.0,1.0
409,1.0578460193824655,-0.7365752518455452,-1.0080322575483704,0.5543871571209893,-1.2078512899612566,0.43925739316448553,-0.8149608300648491,0.5968573514759201,0.6094838139059646,0.16208817969462153,-0.4277444326750994,-0.5939431423763045,-0.6699759065110109,1.3473584331150033,1.4800145847444912,-0.5783766704784492,1.2078512899612566,-0.18223945387622462,-0.577181154618949,-0.4305087799082756,1.0032911666039361,0.1914270928569252,1.469205225298549,1.2784223308888152,0.9599341140554923,0.5551801744376382,-0.22505130616501004,1.4803679818552302,-0.6050786879235088,1.0408329997330665,-0.7220098160289725,-0.3157637485020014,0.0,0.0,0.0,1.0,1.0
180,-0.5467518751864427,-1.439414232614195,-1.0080322575483704,1.0093000322202692,1.0778218827997421,0.4787379280688847,0.4855085796131015,-1.6754422099806283,0.040901285705234394,-0.5615197653706532,-0.4277444326750994,-0.5939431423763045,-0.431153696490451,0.11351371414522002,-0.3243586500893351,1.7289770681323857,-1.0778218827997421,-0.3569965894100079,-0.5012495871809185,0.059572047207140884,0.28767692508900317,0.1914270928569252,-0.8772746431404492,-0.6275643693716332,-0.31540088899096785,-0.7434869002702875,0.0018559673459522812,1.4803679818552302,-0.6050786879235088,-0.9607689228305228,-0.7220098160289725,-0.3157637485020014,0.0,0.0,0.0,0.0,0.0
710,-0.9033291850906445,0.6691027096917547,0.9920317455237933,-1.265264343276131,1.0778218827997421,-0.41166083986411484,1.7859779892910521,-1.6754422099806283,1.453124342065237,-0.5615197653706532,-0.4277444326750994,-0.5939431423763045,-0.6699759065110109,0.11351371414522002,0.5603614171964937,-0.5783766704784492,-1.0778218827997421,-1.0054745911286398,-0.577181154618949,-0.4305087799082756,-1.5013586786983293,-0.55246057368553,-0.4752724796847944,-1.8456838242633757,-0.7061127204683956,-0.7434869002702875,-0.5823894291701845,-0.6755077198756877,-0.6050786879235088,-0.9607689228305228,-0.7220098160289725,-0.3157637485020014,0.0,0.0,0.0,0.0,0.0
643,1.2361346743345663,0.6691027096917547,0.9920317455237933,-0.35543859307757086,0.31593082521274257,-0.05729533210682855,-0.8149608300648491,0.5968573514759201,0.5696168908210899,-1.285127710435928,-0.4277444326750994,-0.5939431423763045,0.04649072355066898,-1.1203310048245632,-1.0984837727717933,-0.5783766704784492,-0.31593082521274257,-1.0356215081371927,-0.34938645230485754,1.039733701437974,-0.4279373164259298,0.1914270928569252,-0.7201567870281823,0.38748356164647063,-0.22867379983502548,-1.068153668947269,0.028579232592597693,-0.6755077198756877,-0.6050786879235088,1.0408329997330665,1.3850227210205581,-0.3157637485020014,0.0,0.0,0.0,1.0,1.0
862,0.8795573644303645,0.6691027096917547,-1.0080322575483704,0.09947428202170919,0.31593082521274257,0.5203676253505447,-0.8149608300648491,0.5968573514759201,0.5630395954890554,0.16208817969462153,-0.4277444326750994,0.9421167085968966,-0.6699759065110109,-1.1203310048245632,0.15625856756754444,-0.5783766704784492,-0.31593082521274257,-0.16091275635861704,-0.27345488486682706,-1.4106704341391085,-0.07013019566846333,-0.55246057368553,-0.15002262363877603,0.6111870202925967,0.15154868060840176,-0.09415336291632463,-0.19098953970982344,1.4803679818552302,-0.6050786879235088,1.0408329997330665,1.3850227210205581,-0.3157637485020014,0.0,0.0,0.0,0.0,0.0
876,0.7012687094782636,-0.033736271076895225,0.9920317455237933,1.9191257824188295,-0.445960232374257,1.3120816812480318,-0.8149608300648491,0.5968573514759201,0.6029996565700196,-0.5615197653706532,-0.4277444326750994,-0.5939431423763045,-0.431153696490451,1.3473584331150033,0.9907907160715311,1.7289770681323857,0.445960232374257,-0.6151062603052083,-0.5012495871809185,0.059572047207140884,1.718905408118869,0.9353147593993804,0.7380424859471647,1.2671059239143279,1.2950477963194753,-0.41882013159330606,0.4393032463859744,1.4803679818552302,-0.6050786879235088,1.0408329997330665,-0.7220098160289725,-0.3157637485020014,0.0,0.0,0.0,0.0,0.0
822,-0.36846322023434186,0.6691027096917547,-1.0080322575483704,0.5543871571209893,-1.2078512899612566,-0.9944605940285649,-0.8149608300648491,0.5968573514759201,-0.9427216375815395,0.16208817969462153,-0.4277444326750994,0.9421167085968966,0.5241351435917889,-1.1203310048245632,1.4800145847444912,-0.5783766704784492,1.2078512899612566,0.5305169941255631,0.4858607895134778,-0.18546836635056735,1.0032911666039361,-0.55246057368553,1.469205225298549,0.7232064072818126,-0.6128740500290281,0.5551801744376382,-0.5488208496387609,-0.6755077198756877,-0.6050786879235088,1.0408329997330665,1.3850227210205581,-0.3157637485020014,0.0,0.0,0.0,0.0,0.0
437,0.3446913995740618,0.6691027096917547,0.9920317455237933,1.4642129073195493,-0.445960232374257,-0.805093104631811,-0.8149608300648491,0.5968573514759201,1.430902403847304,-1.285127710435928,-0.4277444326750994,-0.5939431423763045,-0.9087981165315709,1.3473584331150033,0.7525865747773056,1.7289770681323857,0.445960232374257,-1.4311147737945602,-0.6531127220569795,-0.9205896070236921,1.3610982873614026,0.9353147593993804,0.6298064645374253,0.44721723961238746,-0.563007870287623,-1.068153668947269,-0.823152327647081,-0.6755077198756877,-0.6050786879235088,1.0408329997330665,-0.7220098160289725,-0.3157637485020014,0.0,0.0,0.0,0.0,0.0
314,-0.7250405301385436,1.3719416904604045,0.9920317455237933,1.0093000322202692,-0.445960232374257,2.478926180760548,0.4855085796131015,0.5968573514759201,0.28347629738054503,-0.5615197653706532,-0.4277444326750994,0.9421167085968966,0.28531293357122894,1.3473584331150033,1.472764620121347,1.7289770681323857,0.445960232374257,-0.46838448817688605,0.3339976546374168,-0.4305087799082756,1.0032911666039361,1.6792024259418357,0.9570434550916758,0.8456663119359682,2.319083246216241,-0.41882013159330606,2.3127735895324606,1.4803679818552302,-0.6050786879235088,-0.9607689228305228,-0.7220098160289725,-0.3157637485020014,0.0,0.0,0.0,0.0,0.0
158,-1.6164838048990482,-0.033736271076895225,-1.0080322575483704,-0.35543859307757086,-0.445960232374257,-0.8360979309735964,0.4855085796131015,0.5968573514759201,-1.1192286654201093,0.8856961247598962,2.3378445716897667,-0.5939431423763045,-0.6699759065110109,1.3473584331150033,0.017656644968489975,-0.5783766704784492,0.445960232374257,1.0474114317135748,-0.577181154618949,-0.4305087799082756,-0.07013019566846333,0.1914270928569252,0.10284725221249368,-0.4380967365973183,-0.5902180437984428,0.8798469431146198,-0.7606292970961789,-0.6755077198756877,1.6526776102985388,-0.9607689228305228,-0.7220098160289725,-0.3157637485020014,1.0,0.0,0.0,0.0,1.0
59,-0.7250405301385436,1.3719416904604045,0.9920317455237933,1.4642129073195493,-1.2078512899612566,-0.2059411517241128,1.7859779892910521,0.5968573514759201,-0.30282732434921045,-0.5615197653706532,-0.4277444326750994,0.9421167085968966,1.001779563632909,1.3473584331150033,1.24501991417473,-0.5783766704784492,1.2078512899612566,-0.19916002019540108,0.7895870592655997,0.3046124607648491,1.718905408118869,0.9353147593993804,1.362427534294652,0.11018669322846389,-0.2812300159971403,-0.25648674725481535,-0.3010754785296518,-0.6755077198756877,-0.6050786879235088,-0.9607689228305228,-0.7220098160289725,-0.3157637485020014,0.0,1.0,0.0,0.0,1.0
424,-0.9033291850906445,-1.439414232614195,-1.0080322575483704,-0.35543859307757086,1.0778218827997421,-0.16801831601092623,-0.8149608300648491,0.5968573514759201,0.5775521947824477,-0.5615197653706532,-0.4277444326750994,2.4781765595700977,1.001779563632909,0.11351371414522002,-1.6413866523452327,1.7289770681323857,-1.0778218827997421,-0.6034210530042101,1.624834301083935,-0.5938690556134145,-0.7857444371833963,0.9353147593993804,-1.4757103809697119,-0.004717448789603221,-0.5992010533044251,-0.7434869002702875,0.5169177883944877,-0.6755077198756877,-0.6050786879235088,1.0408329997330665,-0.7220098160289725,-0.3157637485020014,0.0,0.0,0.0,0.0,0.0
316,-1.2599064949948464,-1.439414232614195,0.9920317455237933,0.09947428202170919,-1.2078512899612566,0.12933837727555061,-0.8149608300648491,0.5968573514759201,0.23704020947042384,-0.5615197653706532,-0.4277444326750994,-0.5939431423763045,0.04649072355066898,0.11351371414522002,0.9079730413219738,-0.5783766704784492,1.2078512899612566,-0.44706152410264016,-0.34938645230485754,1.039733701437974,0.6454840458464697,-0.55246057368553,1.2092790107300828,1.158404325822817,0.6199487314702607,-0.25648674725481535,0.16573676362227335,-0.6755077198756877,-0.6050786879235088,1.0408329997330665,-0.7220098160289725,-0.3157637485020014,0.0,0.0,0.0,0.0,0.0
73,0.3446913995740618,-0.033736271076895225,-1.0080322575483704,-1.265264343276131,-0.445960232374257,-0.21025632852052603,-0.8149608300648491,-1.6754422099806283,0.20332585599825603,0.16208817969462153,-0.4277444326750994,-0.5939431423763045,-1.386442536572691,0.11351371414522002,1.4800145847444912,-0.5783766704784492,0.445960232374257,0.004264016478510469,-0.8049758569330404,-1.900751261254525,-0.7857444371833963,-2.0402359067704405,0.9603377190868654,0.6775713629435952,-0.04097263260621358,0.23051340576065682,-0.9117894246829773,-0.6755077198756877,-0.6050786879235088,1.0408329997330665,-0.7220098160289725,-0.3157637485020014,0.0,0.0,0.0,0.0,0.0
522,1.4144233292866673,-1.439414232614195,0.9920317455237933,1.0093000322202692,1.0778218827997421,-0.7369151616865369,1.7859779892910521,0.5968573514759201,1.3793074520097002,-1.285127710435928,2.3378445716897667,-0.5939431423763045,-0.431153696490451,2.5812031520847865,-0.8824292034252899,-0.5783766704784492,-1.0778218827997421,-1.40742291356346,-0.5012495871809185,0.059572047207140884,0.28767692508900317,0.9353147593993804,-1.130852670922957,-1.9716405188929516,-0.848836089313791,-1.068153668947269,-0.6362770172014047,-0.6755077198756877,-0.6050786879235088,-0.9607689228305228,-0.7220098160289725,3.166924654093602,0.0,0.0,0.0,0.0,0.0
222,0.5229800545261627,1.3719416904604045,0.9920317455237933,-0.35543859307757086,1.0778218827997421,-1.3912012465179433,0.4855085796131015,-1.6754422099806283,-2.0864391792332175,2.3329120148904456,-0.4277444326750994,-0.5939431423763045,0.04649072355066898,0.11351371414522002,-0.282305782182296,1.7289770681323857,-1.0778218827997421,2.3632328725249963,-0.34938645230485754,1.039733701437974,-0.7857444371833963,0.1914270928569252,-0.8581665156058187,-1.3517095744825645,-1.1359403887819037,0.5551801744376382,-0.9517112114646853,-0.6755077198756877,1.6526776102985388,-0.9607689228305228,-0.7220098160289725,-0.3157637485020014,0.0,0.0,0.0,0.0,0.0
998,-0.5467518751864427,-0.7365752518455452,-1.0080322575483704,1.4642129073195493,-0.445960232374257,-0.00599799242109044,1.7859779892910521,0.5968573514759201,-1.0236660018398052,0.8856961247598962,-0.4277444326750994,-0.5939431423763045,-0.431153696490451,0.11351371414522002,1.4800145847444912,-0.5783766704784492,0.445960232374257,1.0035300598308683,-0.5012495871809185,0.059572047207140884,1.3610982873614026,0.9353147593993804,0.9603377190868654,-0.989942707499228,0.13828670931135675,0.8798469431146198,-0.25259654239250595,-0.6755077198756877,1.6526776102985388,-0.9607689228305228,-0.7220098160289725,-0.3157637485020014,0.0,0.0,0.0,0.0,0.0
685,-1.2599064949948464,-1.439414232614195,-1.0080322575483704,0.09947428202170919,0.31593082521274257,-0.761794148449006,-0.8149608300648491,0.5968573514759201,0.8311920287571695,-1.285127710435928,-0.4277444326750994,-0.5939431423763045,0.5241351435917889,0.11351371414522002,-1.3866028244186897,-0.5783766704784492,-0.31593082521274257,-1.1557340654164046,-0.19752331742879659,2.019895355668807,-0.07013019566846333,-0.55246057368553,-0.8510733180052327,0.11466215291094968,-0.6923806793588824,-1.068153668947269,-0.3289803028320689,-0.6755077198756877,-0.6050786879235088,1.0408329997330665,-0.7220098160289725,-0.3157637485020014,0.0,0.0,0.0,0.0,0.0
288,-0.36846322023434186,-0.033736271076895225,0.9920317455237933,0.5543871571209893,-0.445960232374257,-0.6843043210663697,-0.8149608300648491,-1.6754422099806283,0.19854339295116086,0.16208817969462153,-0.4277444326750994,-0.5939431423763045,-0.9087981165315709,-1.1203310048245632,1.3860630377288443,-0.5783766704784492,0.445960232374257,0.006460073302612408,-0.6531127220569795,-0.9205896070236921,0.6454840458464697,0.1914270928569252,0.9176476902779069,0.11018669322846389,-0.4570023173861046,0.23051340576065682,-0.7851089215441274,-0.6755077198756877,-0.6050786879235088,-0.9607689228305228,1.3850227210205581,-0.3157637485020014,0.0,0.0,1.0,0.0,1.0
869,-1.2599064949948464,-0.7365752518455452,-1.0080322575483704,0.5543871571209893,-0.445960232374257,1.1256388628650555,-0.8149608300648491,0.5968573514759201,-0.6486010133711505,0.8856961247598962,-0.4277444326750994,-0.5939431423763045,-0.6699759065110109,-1.1203310048245632,0.6290665277437975,-0.5783766704784492,0.445960232374257,0.8313041546231763,-0.577181154618949,-0.4305087799082756,0.6454840458464697,0.1914270928569252,0.5736809984451408,1.1949048198387202,1.131423546916409,0.8798469431146198,0.06319056776377543,1.4803679818552302,1.6526776102985388,1.0408329997330665,1.3850227210205581,-0.3157637485020014,0.0,0.0,0.0,1.0,1.0
721,0.7012687094782636,0.6691027096917547,0.9920317455237933,-0.35543859307757086,-1.2078512899612566,-0.7727586900662171,-0.8149608300648491,0.5968573514759201,-0.27309242847684356,-0.5615197653706532,-0.4277444326750994,-0.5939431423763045,-0.9087981165315709,1.3473584331150033,0.10240215971871126,-0.5783766704784492,1.2078512899612566,-0.2128139722179125,-0.6531127220569795,-0.9205896070236921,0.28767692508900317,-0.55246057368553,0.843240927955629,0.8090618045589835,-0.3696640410455034,-0.25648674725481535,-0.8129683417825849,-0.6755077198756877,-0.6050786879235088,1.0408329997330665,-0.7220098160289725,-0.3157637485020014,0.0,0.0,0.0,0.0,0.0
231,-1.6164838048990482,0.6691027096917547,-1.0080322575483704,-0.8103514681768509,-0.445960232374257,1.4887665028081687,-0.8149608300648491,-1.6754422099806283,0.48896247117055436,-0.5615197653706532,-0.4277444326750994,-0.5939431423763045,-0.192331486469891,0.11351371414522002,0.017656644968489975,1.7289770681323857,0.445960232374257,-0.5627415819518683,-0.425318019742888,0.5496528743225574,-0.4279373164259298,-0.55246057368553,0.10284725221249368,1.3355281849629652,1.450108321361033,-0.41882013159330606,0.8484169889070992,1.4803679818552302,-0.6050786879235088,1.0408329997330665,-0.7220098160289725,-0.3157637485020014,1.0,0.0,0.0,0.0,1.0
146,0.1664027446219609,-0.033736271076895225,0.9920317455237933,1.0093000322202692,-0.445960232374257,-0.09273429666732137,-0.8149608300648491,0.5968573514759201,-1.563218519125775,0.16208817969462153,-0.4277444326750994,-0.5939431423763045,-0.431153696490451,0.11351371414522002,0.437079345124746,1.7289770681323857,0.445960232374257,0.8154426480471021,-0.5012495871809185,0.059572047207140884,1.0032911666039361,0.9353147593993804,0.48644519853230794,0.7230824774322243,0.062165983389197044,0.23051340576065682,-0.29812704543132157,-0.6755077198756877,-0.6050786879235088,1.0408329997330665,-0.7220098160289725,-0.3157637485020014,0.0,0.0,0.0,0.0,0.0
977,1.2361346743345663,1.3719416904604045,0.9920317455237933,-1.265264343276131,0.31593082521274257,-0.2059411517241128,0.4855085796131015,-1.6754422099806283,0.3779692251234244,0.16208817969462153,-0.4277444326750994,-0.5939431423763045,0.04649072355066898,0.11351371414522002,0.2605303342513262,-0.5783766704784492,-0.31593082521274257,-0.07593038518747418,-0.34938645230485754,1.039733701437974,-1.1435515579408628,-1.2963482402279851,-0.10264325773062019,0.11018669322846389,-0.2812300159971403,-0.09415336291632463,-0.3010754785296518,-0.6755077198756877,-0.6050786879235088,-0.9607689228305228,-0.7220098160289725,-0.3157637485020014,0.0,1.0,0.0,0.0,1.0
332,0.1664027446219609,0.6691027096917547,0.9920317455237933,0.5543871571209893,-0.445960232374257,-0.9398387671783398,-0.8149608300648491,0.5968573514759201,1.8820326222355261,-1.285127710435928,-0.4277444326750994,-0.5939431423763045,0.04649072355066898,0.11351371414522002,-0.4176091789635796,-0.5783766704784492,0.445960232374257,-1.6382690340353787,-0.34938645230485754,1.039733701437974,0.6454840458464697,-0.55246057368553,0.09808887152110653,0.39503617042647465,-0.6812621322952166,-1.068153668947269,-0.6200039144789352,-0.6755077198756877,-0.6050786879235088,1.0408329997330665,-0.7220098160289725,-0.3157637485020014,0.0,0.0,0.0,0.0,0.0
546,1.0578460193824655,-0.033736271076895225,-1.0080322575483704,-0.8103514681768509,0.31593082521274257,2.0143506605920636,0.4855085796131015,-1.6754422099806283,0.08105159431246542,0.16208817969462153,-0.4277444326750994,-0.5939431423763045,0.04649072355066898,1.3473584331150033,1.068211149670317,-0.5783766704784492,-0.31593082521274257,0.06041107378827969,-0.34938645230485754,1.039733701437974,-0.7857444371833963,-1.2963482402279851,0.2643535440669853,0.3164337761248436,1.1349005262940366,-0.09415336291632463,1.5510365125041572,1.4803679818552302,-0.6050786879235088,-0.9607689228305228,-0.7220098160289725,-0.3157637485020014,0.0,0.0,0.0,0.0,0.0
605,-1.6164838048990482,0.6691027096917547,0.9920317455237933,-1.265264343276131,0.31593082521274257,1.996634471053629,-0.8149608300648491,0.5968573514759201,-0.9563094239076992,1.609304069825171,2.3378445716897667,-0.5939431423763045,-0.192331486469891,0.11351371414522002,-1.392633305511219,-0.5783766704784492,-0.31593082521274257,1.4084448897712938,-0.425318019742888,0.5496528743225574,-1.1435515579408628,-0.55246057368553,-0.853813468856917,1.1828802455635927,1.1232395855268478,0.8798469431146198,1.1683312523399485,1.4803679818552302,1.6526776102985388,1.0408329997330665,-0.7220098160289725,-0.3157637485020014,0.0,0.0,0.0,0.0,0.0
837,-1.4381951499469472,-0.033736271076895225,0.9920317455237933,1.0093000322202692,-1.2078512899612566,-0.2059411517241128,-0.8149608300648491,-1.6754422099806283,-2.7846147993784327,3.0565199599557205,-0.4277444326750994,-0.5939431423763045,-0.192331486469891,0.11351371414522002,0.017656644968489975,-0.5783766704784492,1.2078512899612566,3.1196720511331173,-0.425318019742888,0.5496528743225574,1.3610982873614026,-2.0402359067704405,0.10284725221249368,0.11018669322846389,-0.2812300159971403,3.801847861207453,-0.3010754785296518,-0.6755077198756877,1.6526776102985388,1.0408329997330665,-0.7220098160289725,-0.3157637485020014,1.0,1.0,0.0,0.0,1.0
430,-1.4381951499469472,-1.439414232614195,0.9920317455237933,1.9191257824188295,-1.2078512899612566,-0.9205326496199843,-0.8149608300648491,0.5968573514759201,-0.8824339142271944,0.8856961247598962,-0.4277444326750994,-0.5939431423763045,-0.6699759065110109,-1.1203310048245632,1.4800145847444912,-0.5783766704784492,1.2078512899612566,0.9386777678780382,-0.577181154618949,-0.4305087799082756,2.0767125288763357,-0.55246057368553,1.469205225298549,0.7518354489077296,-0.53177408786182,1.3668470961300918,-0.7960871621488322,-0.6755077198756877,1.6526776102985388,1.0408329997330665,1.3850227210205581,-0.3157637485020014,0.0,0.0,0.0,0.0,0.0
35,-0.5467518751864427,-0.033736271076895225,-1.0080322575483704,-0.8103514681768509,-0.445960232374257,1.8048948831921736,0.4855085796131015,0.5968573514759201,-1.0683031575945836,0.8856961247598962,-0.4277444326750994,-0.5939431423763045,-0.9087981165315709,-1.1203310048245632,0.3353755165994087,-0.5783766704784492,0.445960232374257,1.0240269731448817,-0.6531127220569795,-0.9205896070236921,-0.4279373164259298,0.1914270928569252,0.440232661244285,0.5846436333043575,1.7275460333842865,0.8798469431146198,-0.0011154628514061145,1.4803679818552302,1.6526776102985388,-0.9607689228305228,1.3850227210205581,-0.3157637485020014,0.0,0.0,0.0,0.0,0.0
933,-0.19017456528224091,-0.033736271076895225,-1.0080322575483704,0.5543871571209893,0.31593082521274257,-1.0142252963545986,1.7859779892910521,-1.6754422099806283,1.27457879736504,-1.285127710435928,-0.4277444326750994,-0.5939431423763045,0.5241351435917889,0.11351371414522002,-0.09483540998681868,1.7289770681323857,-0.31593082521274257,-1.3593326148101608,-0.19752331742879659,2.019895355668807,0.28767692508900317,0.9353147593993804,-0.2641155734202898,-1.7297076701474088,-0.8585329242947689,-1.068153668947269,-0.5674960090757108,-0.6755077198756877,-0.6050786879235088,-0.9607689228305228,-0.7220098160289725,-0.3157637485020014,0.0,0.0,0.0,0.0,0.0
419,1.4144233292866673,-0.7365752518455452,0.9920317455237933,0.09947428202170919,-0.445960232374257,1.7429076588320513,-0.8149608300648491,0.5968573514759201,0.3546769882095275,-1.285127710435928,2.3378445716897667,-0.5939431423763045,-0.6699759065110109,-1.1203310048245632,0.8460229472564835,1.7289770681323857,0.445960232374257,-0.9369233613342334,-0.577181154618949,-0.4305087799082756,0.28767692508900317,0.9353147593993804,0.6722624065590758,1.4339458779324208,1.6731453697037455,-1.068153668947269,0.3224089795675057,1.4803679818552302,-0.6050786879235088,1.0408329997330665,1.3850227210205581,3.166924654093602,0.0,0.0,0.0,0.0,0.0
75,-0.19017456528224091,-1.439414232614195,-1.0080322575483704,1.0093000322202692,-0.445960232374257,-0.9662803210744686,1.7859779892910521,0.5968573514759201,-0.9088184485953229,-0.5615197653706532,-0.4277444326750994,-0.5939431423763045,-0.431153696490451,1.3473584331150033,1.4800145847444912,-0.5783766704784492,0.445960232374257,0.07910474225878898,-0.5012495871809185,0.059572047207140884,1.0032911666039361,0.9353147593993804,0.9603377190868654,-1.3618178215658399,-0.7044675281738482,-0.41882013159330606,-0.756677709590422,-0.6755077198756877,-0.6050786879235088,-0.9607689228305228,-0.7220098160289725,-0.3157637485020014,0.0,0.0,0.0,0.0,0.0
82,-0.19017456528224091,-0.7365752518455452,-1.0080322575483704,1.0093000322202692,0.31593082521274257,-0.2059411517241128,-0.8149608300648491,-1.6754422099806283,-0.13300645110815493,-0.5615197653706532,-0.4277444326750994,2.4781765595700977,2.4347128237562687,1.3473584331150033,0.017656644968489975,-0.5783766704784492,-0.31593082521274257,-0.2771399823787969,2.991602514968484,0.38629259861741866,0.6454840458464697,-2.0402359067704405,0.10284725221249368,0.11018669322846389,-0.2812300159971403,-0.5811535159317968,-0.3010754785296518,-0.6755077198756877,-0.6050786879235088,1.0408329997330665,-0.7220098160289725,-0.3157637485020014,1.0,1.0,0.0,0.0,1.0
175,0.5229800545261627,1.3719416904604045,-1.0080322575483704,-0.8103514681768509,-0.445960232374257,-0.8891731517109495,-0.8149608300648491,-1.6754422099806283,-1.3666002464243778,1.609304069825171,-0.4277444326750994,-0.5939431423763045,-0.431153696490451,0.11351371414522002,1.4800145847444912,-0.5783766704784492,0.445960232374257,1.5968461281669404,-0.5012495871809185,0.059572047207140884,-0.4279373164259298,-2.0402359067704405,0.9603377190868654,0.41465673509687967,-0.6367974359701094,1.5291804804685827,-0.7162018299742722,-0.6755077198756877,1.6526776102985388,1.0408329997330665,-0.7220098160289725,-0.3157637485020014,0.0,0.0,0.0,0.0,0.0
462,-1.6164838048990482,-1.439414232614195,0.9920317455237933,1.4642129073195493,-1.2078512899612566,2.98558253461872,0.4855085796131015,0.5968573514759201,0.45143900030570727,0.16208817969462153,-0.4277444326750994,-0.5939431423763045,-0.192331486469891,-1.1203310048245632,1.4800145847444912,1.7289770681323857,1.2078512899612566,-0.10966693465277251,-0.425318019742888,0.5496528743225574,1.718905408118869,1.6792024259418357,1.469205225298549,1.3911949039812168,3.7532874838724486,0.5551801744376382,1.7912856639398125,1.4803679818552302,-0.6050786879235088,-0.9607689228305228,1.3850227210205581,-0.3157637485020014,0.0,0.0,0.0,0.0,0.0
182,-1.0816178400427454,1.3719416904604045,-1.0080322575483704,0.5543871571209893,1.8397129403867416,0.7113441077428738,-0.8149608300648491,0.5968573514759201,0.502285037210707,-0.5615197653706532,2.3378445716897667,-0.5939431423763045,-0.9087981165315709,1.3473584331150033,-1.6580572509510143,1.7289770681323857,-1.8397129403867416,-0.568859164414904,-0.6531127220569795,-0.9205896070236921,-0.4279373164259298,0.9353147593993804,-1.9921527314213183,-0.013501923356703421,-0.7039150219578559,-0.9058202846087783,-0.34553814032690316,1.4803679818552302,-0.6050786879235088,1.0408329997330665,-0.7220098160289725,3.166924654093602,0.0,0.0,0.0,0.0,0.0
713,-0.7250405301385436,1.3719416904604045,-1.0080322575483704,1.4642129073195493,-1.2078512899612566,1.9885074618882177,-0.8149608300648491,-1.6754422099806283,-1.597786566976185,0.8856961247598962,-0.4277444326750994,-0.5939431423763045,0.04649072355066898,-1.1203310048245632,0.8174827590201674,1.7289770681323857,1.2078512899612566,1.2671601961245103,-0.34938645230485754,1.039733701437974,1.718905408118869,-0.55246057368553,1.1681617233505408,1.8783787487396555,2.6594825455205515,1.3668470961300918,1.5320442878955443,1.4803679818552302,1.6526776102985388,1.0408329997330665,1.3850227210205581,-0.3157637485020014,0.0,0.0,0.0,0.0,0.0
978,-1.6164838048990482,-0.7365752518455452,-1.0080322575483704,1.0093000322202692,1.0778218827997421,-0.6698963412559503,-0.8149608300648491,0.5968573514759201,2.2135064436701946,-1.285127710435928,2.3378445716897667,0.9421167085968966,0.5241351435917889,-1.1203310048245632,-0.461060197371194,-0.5783766704784492,-1.0778218827997421,-1.7904783329686749,0.4858607895134778,-0.18546836635056735,0.28767692508900317,0.1914270928569252,-0.9393895648960199,0.11018669322846389,-0.8194278656987942,-1.068153668947269,-0.24214842583608398,-0.6755077198756877,-0.6050786879235088,-0.9607689228305228,1.3850227210205581,3.166924654093602,0.0,0.0,1.0,0.0,1.0
130,-0.19017456528224091,0.6691027096917547,0.9920317455237933,0.5543871571209893,-0.445960232374257,-0.05283369161378844,0.4855085796131015,0.5968573514759201,-0.5904476544067355,0.16208817969462153,-0.4277444326750994,-0.5939431423763045,-0.6699759065110109,-1.1203310048245632,1.4800145847444912,-0.5783766704784492,0.445960232374257,0.3687564792848921,-0.577181154618949,-0.4305087799082756,0.6454840458464697,0.1914270928569252,0.9603377190868654,-0.13477294351587196,0.09718318925014775,0.23051340576065682,-0.43170207207513284,-0.6755077198756877,-0.6050786879235088,-0.9607689228305228,1.3850227210205581,-0.3157637485020014,0.0,0.0,0.0,1.0,1.0
141,0.3446913995740618,0.6691027096917547,-1.0080322575483704,-0.35543859307757086,-1.2078512899612566,-0.06643464820656445,-0.8149608300648491,0.5968573514759201,-1.5708872170890147,1.609304069825171,-0.4277444326750994,-0.5939431423763045,0.28531293357122894,-1.1203310048245632,1.4800145847444912,-0.5783766704784492,1.2078512899612566,1.6906525604561933,-0.27345488486682706,1.5298145285533904,0.28767692508900317,0.1914270928569252,1.469205225298549,0.11018669322846389,0.4051830554193983,2.1785140178225455,0.17495487631320414,-0.6755077198756877,1.6526776102985388,-0.9607689228305228,1.3850227210205581,-0.3157637485020014,0.0,0.0,1.0,0.0,1.0
851,-0.9033291850906445,0.6691027096917547,0.9920317455237933,-1.265264343276131,-1.2078512899612566,0.5199960096662343,-0.8149608300648491,0.5968573514759201,-1.0752727915869809,0.8856961247598962,-0.4277444326750994,-0.5939431423763045,-0.9087981165315709,-1.1203310048245632,-0.5387356559668979,-0.5783766704784492,1.2078512899612566,1.0272273559057672,-0.6531127220569795,-0.9205896070236921,-0.4279373164259298,0.1914270928569252,0.5519185102675727,0.11018669322846389,1.0485054762935118,1.3668470961300918,-0.40580477425830186,1.4803679818552302,1.6526776102985388,-0.9607689228305228,1.3850227210205581,-0.3157637485020014,0.0,0.0,1.0,1.0,1.0
882,0.3446913995740618,-0.7365752518455452,-1.0080322575483704,2.3740386575181094,0.31593082521274257,-0.01568296936873792,1.7859779892910521,0.5968573514759201,-0.07679555235573045,0.8856961247598962,-0.4277444326750994,-0.5939431423763045,-0.6699759065110109,0.11351371414522002,0.8031028976064676,-0.5783766704784492,-0.31593082521274257,0.5687370898375155,-0.577181154618949,-0.4305087799082756,1.718905408118869,0.1914270928569252,0.14389273977375194,-1.3430161413457342,-0.20128420253934637,0.3928467900991475,-0.4161008440839508,-0.6755077198756877,1.6526776102985388,-0.9607689228305228,-0.7220098160289725,-0.3157637485020014,0.0,0.0,0.0,1.0,1.0
565,-1.2599064949948464,1.3719416904604045,0.9920317455237933,-0.35543859307757086,-0.445960232374257,0.8300625786233505,-0.8149608300648491,0.5968573514759201,0.2865376304970716,-0.5615197653706532,-0.4277444326750994,-0.5939431423763045,-0.6699759065110109,1.3473584331150033,0.19538339807490582,-0.5783766704784492,0.445960232374257,-0.4697902202055906,-0.577181154618949,-0.4305087799082756,-0.07013019566846333,-0.55246057368553,0.37662255834898245,1.0804411239672058,0.8720225784594099,-0.41882013159330606,-0.06093495983227598,1.4803679818552302,-0.6050786879235088,1.0408329997330665,-0.7220098160289725,-0.3157637485020014,0.0,0.0,0.0,0.0,0.0
818,-0.5467518751864427,-0.7365752518455452,0.9920317455237933,0.5543871571209893,-1.2078512899612566,-0.2059411517241128,-0.8149608300648491,0.5968573514759201,-0.3911120796829132,0.16208817969462153,-0.4277444326750994,-0.5939431423763045,0.04649072355066898,-1.1203310048245632,0.5083192511897326,-0.5783766704784492,1.2078512899612566,0.2772236760310501,-0.34938645230485754,1.039733701437974,1.0032911666039361,-0.55246057368553,1.0276829396029794,0.11018669322846389,-0.2812300159971403,0.5551801744376382,-0.3010754785296518,-0.6755077198756877,-0.6050786879235088,1.0408329997330665,1.3850227210205581,-0.3157637485020014,0.0,1.0,0.0,0.0,1.0
515,1.5927119842387683,1.3719416904604045,-1.0080322575483704,-0.8103514681768509,-1.2078512899612566,-0.2059411517241128,0.4855085796131015,-1.6754422099806283,-2.1494432491370214,1.609304069825171,-0.4277444326750994,0.9421167085968966,1.001779563632909,0.11351371414522002,-0.03671913286543422,-0.5783766704784492,1.2078512899612566,1.9563194165913558,0.7895870592655997,0.3046124607648491,-0.07013019566846333,-1.2963482402279851,0.7800265139623431,0.11018669322846389,-0.2812300159971403,2.1785140178225455,-0.3010754785296518,-0.6755077198756877,1.6526776102985388,-0.9607689228305228,-0.7220098160289725,-0.3157637485020014,0.0,1.0,0.0,0.0,1.0
165,-0.011885910330140019,-1.439414232614195,0.9920317455237933,1.4642129073195493,0.31593082521274257,0.2880811257558116,-0.8149608300648491,0.5968573514759201,-1.8546552204933509,1.609304069825171,2.3378445716897667,-0.5939431423763045,-0.192331486469891,0.11351371414522002,-0.001926564550251046,1.7289770681323857,-0.31593082521274257,1.820955848573889,-0.425318019742888,0.5496528743225574,1.0032911666039361,0.9353147593993804,-0.22189933096040151,0.5212326746221313,-0.001344192145946385,0.8798469431146198,0.09208581224062988,1.4803679818552302,1.6526776102985388,1.0408329997330665,-0.7220098160289725,-0.3157637485020014,0.0,0.0,0.0,0.0,0.0
89,-0.9033291850906445,0.6691027096917547,0.9920317455237933,-0.35543859307757086,1.0778218827997421,-1.337685676423382,0.4855085796131015,0.5968573514759201,0.3544466092502573,-0.5615197653706532,-0.4277444326750994,-0.5939431423763045,-0.9087981165315709,0.11351371414522002,-0.14672699532730557,-0.5783766704784492,-1.0778218827997421,-0.5009733103288501,-0.6531127220569795,-0.9205896070236921,-0.7857444371833963,0.1914270928569252,-0.7965617576154129,-1.3309853477219173,-1.1124574649985026,-0.7434869002702875,-0.9908966735871644,-0.6755077198756877,-0.6050786879235088,-0.9607689228305228,-0.7220098160289725,-0.3157637485020014,0.0,0.0,0.0,0.0,0.0
370,1.2361346743345663,0.6691027096917547,-1.0080322575483704,-0.8103514681768509,1.8397129403867416,-1.2522319165675342,-0.8149608300648491,0.5968573514759201,1.4031461595514327,-0.5615197653706532,-0.4277444326750994,-0.5939431423763045,-0.192331486469891,1.3473584331150033,-2.1274363083105983,-0.5783766704784492,-1.8397129403867416,-0.9825251343979042,-0.425318019742888,0.5496528743225574,-1.5013586786983293,-0.55246057368553,-2.2054308105748768,-0.7739085623530473,-1.1347289518133918,-0.9058202846087783,-0.8781823346032412,-0.6755077198756877,-0.6050786879235088,1.0408329997330665,-0.7220098160289725,-0.3157637485020014,0.0,0.0,0.0,0.0,0.0
461,-1.6164838048990482,-0.033736271076895225,0.9920317455237933,0.09947428202170919,1.0778218827997421,-1.1288678443502926,1.7859779892910521,0.5968573514759201,1.0513571825467167,-1.285127710435928,-0.4277444326750994,2.4781765595700977,1.7182461936945888,-1.1203310048245632,-0.20841940307794368,-0.5783766704784492,-1.0778218827997421,-1.2568315927047038,2.3082184080262094,-0.10378822849799779,-0.4279373164259298,0.9353147593993804,-0.8245937671759376,-2.1234265553794267,-1.0208270623601177,-1.068153668947269,-0.46806130890393927,-0.6755077198756877,-0.6050786879235088,-0.9607689228305228,1.3850227210205581,-0.3157637485020014,0.0,0.0,0.0,0.0,0.0
758,1.2361346743345663,-0.7365752518455452,-1.0080322575483704,0.09947428202170919,-0.445960232374257,-0.2059411517241128,0.4855085796131015,0.5968573514759201,-1.4219323522727587,1.609304069825171,-0.4277444326750994,-0.5939431423763045,-0.9087981165315709,0.11351371414522002,-0.08405385516927152,-0.5783766704784492,0.445960232374257,1.6222540502865002,-0.6531127220569795,-0.9205896070236921,0.28767692508900317,0.1914270928569252,0.249650892951036,0.11018669322846389,-0.2812300159971403,1.5291804804685827,-0.3010754785296518,-0.6755077198756877,1.6526776102985388,-0.9607689228305228,-0.7220098160289725,-0.3157637485020014,0.0,1.0,0.0,0.0,1.0
1,-1.0816178400427454,1.3719416904604045,0.9920317455237933,0.09947428202170919,0.31593082521274257,-0.9870358959225987,0.4855085796131015,-1.6754422099806283,0.7683486039802364,-0.5615197653706532,-0.4277444326750994,-0.5939431423763045,-0.431153696490451,1.3473584331150033,1.168012180190637,1.7289770681323857,-0.31593082521274257,-0.6910327610941339,-0.5012495871809185,0.059572047207140884,-0.07013019566846333,0.1914270928569252,0.30970148141778425,-0.8458712405956778,-0.840636638682951,-0.5811535159317968,-0.7675729370491848,-0.6755077198756877,-0.6050786879235088,-0.9607689228305228,-0.7220098160289725,-0.3157637485020014,0.0,0.0,0.0,0.0,0.0
805,-0.36846322023434186,-0.033736271076895225,0.9920317455237933,-1.265264343276131,-1.2078512899612566,-1.2307377577528276,-0.8149608300648491,0.5968573514759201,-0.7347916118937071,1.609304069825171,-0.4277444326750994,-0.5939431423763045,0.04649072355066898,0.11351371414522002,0.017656644968489975,-0.5783766704784492,1.2078512899612566,1.3067262360267695,-0.34938645230485754,1.039733701437974,-0.4279373164259298,0.1914270928569252,0.10284725221249368,0.631706652897587,-0.872073317536172,2.1785140178225455,-0.8337862341802263,-0.6755077198756877,1.6526776102985388,1.0408329997330665,-0.7220098160289725,-0.3157637485020014,1.0,0.0,0.0,1.0,1.0
34,-0.011885910330140019,-0.7365752518455452,0.9920317455237933,1.0093000322202692,0.31593082521274257,-0.38069120838412823,-0.8149608300648491,0.5968573514759201,-0.07580648850728831,-1.285127710435928,2.3378445716897667,-0.5939431423763045,-0.431153696490451,1.3473584331150033,0.617128452955747,1.7289770681323857,-0.31593082521274257,-0.7392498681158597,-0.5012495871809185,0.059572047207140884,0.6454840458464697,0.1914270928569252,0.05938902853047574,0.11018669322846389,-0.4415356090542952,-1.068153668947269,-0.4492843164023151,-0.6755077198756877,-0.6050786879235088,-0.9607689228305228,-0.7220098160289725,-0.3157637485020014,0.0,0.0,1.0,0.0,1.0
855,-1.4381951499469472,-0.7365752518455452,0.9920317455237933,-1.7201772183754112,1.8397129403867416,-1.3310028866378518,0.4855085796131015,0.5968573514759201,1.4441381384525258,-1.285127710435928,2.3378445716897667,-0.5939431423763045,-0.431153696490451,0.11351371414522002,-2.239348653730604,1.7289770681323857,-1.8397129403867416,-1.4371924841742472,-0.5012495871809185,0.059572047207140884,-2.216972920213262,1.6792024259418357,-2.2562819290696314,-1.6777202653432506,-1.1520115172727272,-1.068153668947269,-0.9481315883787828,-0.6755077198756877,-0.6050786879235088,-0.9607689228305228,-0.7220098160289725,3.166924654093602,0.0,0.0,0.0,0.0,0.0
18,-1.4381951499469472,-0.7365752518455452,-1.0080322575483704,0.09947428202170919,-1.2078512899612566,-0.7312290109592552,-0.8149608300648491,0.5968573514759201,-0.6991437395876011,0.16208817969462153,-0.4277444326750994,0.9421167085968966,0.5241351435917889,-1.1203310048245632,0.21799592874215853,-0.5783766704784492,1.2078512899612566,0.418668580489645,0.4858607895134778,-0.18546836635056735,0.6454840458464697,-0.55246057368553,0.895764824437346,0.825144422862195,-0.3241054172891531,0.5551801744376382,-0.3001000896916192,-0.6755077198756877,-0.6050786879235088,1.0408329997330665,1.3850227210205581,-0.3157637485020014,0.0,0.0,0.0,0.0,0.0
212,-0.7250405301385436,-0.033736271076895225,0.9920317455237933,1.4642129073195493,0.31593082521274257,0.3781600760858774,-0.8149608300648491,0.5968573514759201,1.2698327280251764,-1.285127710435928,2.3378445716897667,-0.5939431423763045,-0.192331486469891,2.5812031520847865,-1.02913470889642,-0.5783766704784492,-0.31593082521274257,-1.3571532695943518,-0.425318019742888,0.5496528743225574,1.0032911666039361,-0.55246057368553,-0.6886457195816722,0.556116290543679,0.05794650927100446,-1.068153668947269,0.14882800282454023,1.4803679818552302,-0.6050786879235088,1.0408329997330665,-0.7220098160289725,3.166924654093602,0.0,0.0,0.0,0.0,0.0
128,-1.0816178400427454,1.3719416904604045,-1.0080322575483704,-0.8103514681768509,1.8397129403867416,-1.064161046699973,-0.8149608300648491,0.5968573514759201,0.19295021848409769,-0.5615197653706532,-0.4277444326750994,-0.5939431423763045,-0.431153696490451,0.11351371414522002,-1.2237666202168915,-0.5783766704784492,-1.8397129403867416,-0.42681586310606967,-0.5012495871809185,0.059572047207140884,-1.5013586786983293,0.1914270928569252,-1.7948182528904566,-0.701076985536797,-1.0934656905309832,-0.9058202846087783,-0.8080582556519883,-0.6755077198756877,-0.6050786879235088,1.0408329997330665,-0.7220098160289725,-0.3157637485020014,0.0,0.0,0.0,1.0,1.0
379,-0.5467518751864427,1.3719416904604045,-1.0080322575483704,0.09947428202170919,1.0778218827997421,0.5844775411367489,1.7859779892910521,-1.6754422099806283,-0.129547176771384,0.16208817969462153,-0.4277444326750994,-0.5939431423763045,0.04649072355066898,0.11351371414522002,0.2418175016720473,1.7289770681323857,-1.0778218827997421,0.15711581856766274,-0.34938645230485754,1.039733701437974,-0.4279373164259298,0.9353147593993804,-0.6200135655169665,-1.4599232380196403,-0.2690017705629777,-0.41882013159330606,0.5002195545216049,1.4803679818552302,-0.6050786879235088,-0.9607689228305228,-0.7220098160289725,-0.3157637485020014,0.0,0.0,0.0,0.0,0.0
945,-1.0816178400427454,1.3719416904604045,-1.0080322575483704,-0.35543859307757086,-0.445960232374257,-1.3609977995456162,0.4855085796131015,0.5968573514759201,-1.4843361501276617,2.3329120148904456,-0.4277444326750994,-0.5939431423763045,0.762957353612349,0.11351371414522002,1.4800145847444912,1.7289770681323857,0.445960232374257,2.086753482541454,-0.12159174999076611,2.5099761827842233,-0.07013019566846333,1.6792024259418357,0.9603377190868654,-0.6413673713620948,-1.0508758891998349,2.1785140178225455,-0.8779713418740311,-0.6755077198756877,1.6526776102985388,-0.9607689228305228,-0.7220098160289725,-0.3157637485020014,0.0,0.0,0.0,0.0,0.0
836,1.771000639190869,-0.033736271076895225,0.9920317455237933,1.0093000322202692,0.31593082521274257,-0.2059411517241128,0.4855085796131015,0.5968573514759201,0.47344543548708495,0.16208817969462153,-0.4277444326750994,-0.5939431423763045,-0.9087981165315709,0.11351371414522002,0.20751730579293715,-0.5783766704784492,-0.31593082521274257,-0.11977205866069872,-0.6531127220569795,-0.9205896070236921,0.6454840458464697,0.1914270928569252,-0.1267315009158214,0.11018669322846389,-0.2812300159971403,-0.09415336291632463,-0.3010754785296518,-0.6755077198756877,-0.6050786879235088,-0.9607689228305228,-0.7220098160289725,-0.3157637485020014,0.0,1.0,0.0,0.0,1.0
571,1.4144233292866673,0.6691027096917547,-1.0080322575483704,-1.265264343276131,-1.2078512899612566,-0.7489011488801603,-0.8149608300648491,0.5968573514759201,-1.4897329714482297,1.609304069825171,-0.4277444326750994,-0.5939431423763045,-0.192331486469891,-1.1203310048245632,1.4800145847444912,-0.5783766704784492,1.2078512899612566,1.6533873828292511,-0.425318019742888,0.5496528743225574,-0.4279373164259298,-0.55246057368553,1.469205225298549,0.8183007810403643,-0.34349199334323766,2.1785140178225455,-0.5611261273293614,-0.6755077198756877,1.6526776102985388,1.0408329997330665,1.3850227210205581,-0.3157637485020014,0.0,0.0,0.0,0.0,0.0
935,0.7012687094782636,-1.439414232614195,-1.0080322575483704,-0.8103514681768509,0.31593082521274257,-0.5316456001059301,-0.8149608300648491,0.5968573514759201,0.3084657317814716,-0.5615197653706532,-0.4277444326750994,0.9421167085968966,1.001779563632909,0.11351371414522002,-0.42189985232100646,-0.5783766704784492,-0.31593082521274257,-0.47985937411038737,0.7895870592655997,0.3046124607648491,-0.7857444371833963,-0.55246057368553,-0.412728245687486,0.20378856408563678,-0.5408950235940923,-0.5811535159317968,0.09698413689529693,-0.6755077198756877,-0.6050786879235088,1.0408329997330665,-0.7220098160289725,-0.3157637485020014,0.0,0.0,0.0,0.0,0.0
192,-1.4381951499469472,-0.7365752518455452,-1.0080322575483704,0.5543871571209893,-1.2078512899612566,1.1448790792932544,-0.8149608300648491,0.5968573514759201,-2.044803507573946,1.609304069825171,-0.4277444326750994,-0.5939431423763045,0.04649072355066898,0.11351371414522002,0.6641670887682494,-0.5783766704784492,1.2078512899612566,1.9082699457916954,-0.34938645230485754,1.039733701437974,1.0032911666039361,-0.55246057368553,1.0984976189496927,1.5516785777105015,1.7340107167151315,2.1785140178225455,0.9120599000472873,1.4803679818552302,1.6526776102985388,1.0408329997330665,-0.7220098160289725,-0.3157637485020014,0.0,0.0,0.0,0.0,0.0
305,0.3446913995740618,-0.033736271076895225,0.9920317455237933,-1.265264343276131,-0.445960232374257,0.20370754249906964,-0.8149608300648491,0.5968573514759201,0.07476336983186938,0.16208817969462153,-0.4277444326750994,-0.5939431423763045,-0.9087981165315709,0.11351371414522002,-0.63139323615644,-0.5783766704784492,0.445960232374257,0.06329856045490123,-0.6531127220569795,-0.9205896070236921,-0.7857444371833963,-0.55246057368553,0.0009489323677973184,0.837881364660222,0.32232657228155076,0.23051340576065682,-0.5054223897929601,-0.6755077198756877,-0.6050786879235088,1.0408329997330665,-0.7220098160289725,-0.3157637485020014,0.0,0.0,0.0,0.0,0.0
897,0.5229800545261627,1.3719416904604045,0.9920317455237933,1.0093000322202692,0.31593082521274257,-1.227661427447636,-0.8149608300648491,-1.6754422099806283,0.11855914458994271,0.16208817969462153,-0.4277444326750994,0.9421167085968966,1.7182461936945888,1.3473584331150033,0.12773023205110434,1.7289770681323857,-0.31593082521274257,0.04318800046161173,1.2451764638937826,1.039733701437974,0.6454840458464697,-0.55246057368553,-0.16298542737915117,-0.06574775607952571,-0.999018330417476,-0.09415336291632463,-0.613268559877498,-0.6755077198756877,-0.6050786879235088,1.0408329997330665,-0.7220098160289725,-0.3157637485020014,0.0,0.0,0.0,0.0,0.0
415,-0.9033291850906445,-0.033736271076895225,0.9920317455237933,0.09947428202170919,1.0778218827997421,2.98558253461872,0.4855085796131015,0.5968573514759201,1.0134123203210383,0.8856961247598962,-0.4277444326750994,-0.5939431423763045,0.04649072355066898,1.3473584331150033,-1.467313537265263,-0.5783766704784492,-1.0778218827997421,0.06812507989513548,-0.34938645230485754,1.039733701437974,-0.4279373164259298,0.1914270928569252,-1.3966144370105193,0.3432262993635492,0.784616185075895,-0.09415336291632463,2.26479699199982,1.4803679818552302,1.6526776102985388,-0.9607689228305228,-0.7220098160289725,-0.3157637485020014,0.0,0.0,0.0,0.0,0.0
587,-0.19017456528224091,-0.7365752518455452,-1.0080322575483704,-0.8103514681768509,1.0778218827997421,-0.33139097209724316,0.4855085796131015,0.5968573514759201,0.674492449094143,-0.5615197653706532,2.3378445716897667,0.9421167085968966,1.001779563632909,0.11351371414522002,0.25287800807176564,-0.5783766704784492,-1.0778218827997421,-0.6479350000885856,0.7895870592655997,0.3046124607648491,-1.1435515579408628,0.1914270928569252,-0.6149878543728273,-0.9412916641146383,-0.6708898650724351,-0.7434869002702875,0.3282474684645779,-0.6755077198756877,-0.6050786879235088,-0.9607689228305228,-0.7220098160289725,3.166924654093602,0.0,0.0,0.0,0.0,0.0
12,0.8795573644303645,-0.7365752518455452,-1.0080322575483704,0.09947428202170919,1.0778218827997421,0.37935993154243663,-0.8149608300648491,-1.6754422099806283,1.071624450370341,-1.285127710435928,2.3378445716897667,2.4781765595700977,3.151179453817949,0.11351371414522002,-0.3838649937957067,-0.5783766704784492,-1.0778218827997421,-1.2661381093200292,3.6749866219107585,0.8763734257328352,-0.4279373164259298,-2.0402359067704405,-0.9043133413613283,0.2072580735882164,-0.3590084954138102,-1.068153668947269,2.9481047477166786,1.4803679818552302,-0.6050786879235088,1.0408329997330665,-0.7220098160289725,3.166924654093602,0.0,0.0,0.0,0.0,0.0
652,-0.36846322023434186,-0.033736271076895225,-1.0080322575483704,0.09947428202170919,-1.2078512899612566,-0.2059411517241128,-0.8149608300648491,0.5968573514759201,-0.36995530771621804,1.609304069825171,-0.4277444326750994,-0.5939431423763045,-0.6699759065110109,0.11351371414522002,0.39332955092633437,1.7289770681323857,1.2078512899612566,1.1391972352630841,-0.577181154618949,-0.4305087799082756,0.6454840458464697,0.9353147593993804,0.9754335219732683,0.11018669322846389,-0.2812300159971403,2.1785140178225455,-0.3010754785296518,-0.6755077198756877,1.6526776102985388,1.0408329997330665,-0.7220098160289725,-0.3157637485020014,0.0,1.0,0.0,0.0,1.0
291,-0.9033291850906445,-0.033736271076895225,0.9920317455237933,-1.7201772183754112,-0.445960232374257,-0.8268815828733653,-0.8149608300648491,0.5968573514759201,0.2559826727650645,0.16208817969462153,-0.4277444326750994,-0.5939431423763045,0.04649072355066898,0.11351371414522002,-0.9769610600134347,-0.5783766704784492,0.445960232374257,-0.01991544098043891,-0.34938645230485754,1.039733701437974,-1.1435515579408628,0.1914270928569252,-0.1560713703787592,0.4387795202150326,-0.5821296762591792,0.23051340576065682,-0.5369914267423705,-0.6755077198756877,-0.6050786879235088,1.0408329997330665,-0.7220098160289725,-0.3157637485020014,0.0,0.0,0.0,1.0,1.0
941,-0.19017456528224091,-0.7365752518455452,0.9920317455237933,-0.8103514681768509,1.0778218827997421,-0.07345094892572152,-0.8149608300648491,0.5968573514759201,1.8498551491273045,-0.5615197653706532,-0.4277444326750994,0.9421167085968966,1.957068403715149,0.11351371414522002,0.2955541139053444,-0.5783766704784492,-1.0778218827997421,-1.1876492127829166,1.3970395987698436,1.2847741149956822,-1.1435515579408628,-0.55246057368553,-0.5955965378340345,0.03190433354716608,-0.557704377295279,-0.7434869002702875,1.2355507056414852,-0.6755077198756877,-0.6050786879235088,1.0408329997330665,-0.7220098160289725,-0.3157637485020014,0.0,0.0,0.0,0.0,0.0
394,0.3446913995740618,0.6691027096917547,0.9920317455237933,0.5543871571209893,1.0778218827997421,-0.5695537845656609,-0.8149608300648491,0.5968573514759201,-0.1627865919691848,0.16208817969462153,-0.4277444326750994,-0.5939431423763045,-1.147620326552131,0.11351371414522002,-0.20389573305857653,-0.5783766704784492,-1.0778218827997421,0.17237900907336356,-0.72904428949501,-1.4106704341391085,-0.07013019566846333,-0.55246057368553,-0.8225382863500943,-0.16021447681466158,-0.7753970050198172,-0.41882013159330606,-0.8492389749937468,-0.6755077198756877,-0.6050786879235088,1.0408329997330665,-0.7220098160289725,-0.3157637485020014,0.0,0.0,0.0,0.0,0.0
890,1.4144233292866673,-1.439414232614195,0.9920317455237933,0.5543871571209893,1.0778218827997421,0.1290476883180961,-0.8149608300648491,0.5968573514759201,0.1784238652649634,-1.285127710435928,-0.4277444326750994,0.9421167085968966,1.4794239836740288,-1.1203310048245632,0.1811831513400924,-0.5783766704784492,-1.0778218827997421,-0.8559897776138561,1.0933133290177217,0.7946932878802656,-0.07013019566846333,-0.55246057368553,-0.6475648112889232,0.11032315015600476,-0.4688468717835815,-1.068153668947269,1.2072135128649115,-0.6755077198756877,-0.6050786879235088,1.0408329997330665,1.3850227210205581,-0.3157637485020014,0.0,0.0,0.0,0.0,0.0
646,1.771000639190869,0.6691027096917547,0.9920317455237933,0.09947428202170919,-1.2078512899612566,-1.3761743592509637,0.4855085796131015,-1.6754422099806283,-2.5603396354927863,3.0565199599557205,-0.4277444326750994,0.9421167085968966,0.28531293357122894,-1.1203310048245632,0.13955493730625154,-0.5783766704784492,1.2078512899612566,3.0166872503562865,0.3339976546374168,-0.4305087799082756,0.6454840458464697,-1.2963482402279851,0.8601225355068147,-0.2979217172870529,-1.0316192507226647,3.801847861207453,-0.9250801489186844,-0.6755077198756877,1.6526776102985388,-0.9607689228305228,1.3850227210205581,-0.3157637485020014,0.0,0.0,0.0,0.0,0.0
795,1.2361346743345663,0.6691027096917547,0.9920317455237933,0.09947428202170919,-0.445960232374257,-0.32790467098405957,-0.8149608300648491,0.5968573514759201,0.6298708055981538,-0.5615197653706532,-0.4277444326750994,0.9421167085968966,0.04649072355066898,-1.1203310048245632,0.718925447568278,1.7289770681323857,0.445960232374257,-0.6274452098409579,0.18213451976135583,-0.6755491934659839,0.28767692508900317,0.9353147593993804,0.6145114051590408,0.632011333910544,-0.1442221001698742,-0.41882013159330606,-0.17029217663353285,-0.6755077198756877,-0.6050786879235088,1.0408329997330665,1.3850227210205581,-0.3157637485020014,0.0,0.0,0.0,0.0,0.0
