student_id,school_id,persona,ses_quintile,dropout_risk,retained,match_rank,intervention_id,intervention,sponsor_action,need_score,match_reason,est_unit_cost_kes,priority_score
231,7,Academic Strugglers,1,0.775,0,1,school_fee_support,School Fee Support,Cover term fees / bursary for high cash-flow volatility + low SES students,6.0,"low SES, high cash-flow volatility, economic instability, elevated dropout risk",15000,4.652
603,10,Academic Strugglers,1,0.775,0,1,school_fee_support,School Fee Support,Cover term fees / bursary for high cash-flow volatility + low SES students,6.0,"low SES, high cash-flow volatility, economic instability, elevated dropout risk",15000,4.651
843,3,Academic Strugglers,1,0.76,0,1,school_fee_support,School Fee Support,Cover term fees / bursary for high cash-flow volatility + low SES students,6.0,"low SES, high cash-flow volatility, economic instability, elevated dropout risk",15000,4.561
432,6,Academic Strugglers,2,0.751,0,1,school_fee_support,School Fee Support,Cover term fees / bursary for high cash-flow volatility + low SES students,6.0,"low SES, high cash-flow volatility, economic instability, elevated dropout risk",15000,4.504
630,18,Academic Strugglers,1,0.742,0,1,school_fee_support,School Fee Support,Cover term fees / bursary for high cash-flow volatility + low SES students,6.0,"low SES, high cash-flow volatility, economic instability, elevated dropout risk",15000,4.452
939,4,Academic Strugglers,1,0.734,1,1,school_fee_support,School Fee Support,Cover term fees / bursary for high cash-flow volatility + low SES students,6.0,"low SES, high cash-flow volatility, economic instability, elevated dropout risk",15000,4.401
896,5,Health-Constrained,1,0.728,0,1,school_fee_support,School Fee Support,Cover term fees / bursary for high cash-flow volatility + low SES students,6.0,"low SES, high cash-flow volatility, economic instability, elevated dropout risk",15000,4.37
824,18,Academic Strugglers,1,0.727,1,1,school_fee_support,School Fee Support,Cover term fees / bursary for high cash-flow volatility + low SES students,6.0,"low SES, high cash-flow volatility, economic instability, elevated dropout risk",15000,4.36
792,14,Health-Constrained,2,0.723,1,1,school_fee_support,School Fee Support,Cover term fees / bursary for high cash-flow volatility + low SES students,6.0,"low SES, high cash-flow volatility, economic instability, elevated dropout risk",15000,4.34
415,9,Academic Strugglers,1,0.72,0,1,school_fee_support,School Fee Support,Cover term fees / bursary for high cash-flow volatility + low SES students,6.0,"low SES, high cash-flow volatility, economic instability, elevated dropout risk",15000,4.323
537,18,Health-Constrained,2,0.718,0,1,school_fee_support,School Fee Support,Cover term fees / bursary for high cash-flow volatility + low SES students,6.0,"low SES, high cash-flow volatility, economic instability, elevated dropout risk",15000,4.308
157,6,Health-Constrained,1,0.716,1,1,school_fee_support,School Fee Support,Cover term fees / bursary for high cash-flow volatility + low SES students,6.0,"low SES, high cash-flow volatility, economic instability, elevated dropout risk",15000,4.297
155,3,Health-Constrained,1,0.708,0,1,school_fee_support,School Fee Support,Cover term fees / bursary for high cash-flow volatility + low SES students,6.0,"low SES, high cash-flow volatility, economic instability, elevated dropout risk",15000,4.248
193,2,Academic Strugglers,1,0.707,1,1,school_fee_support,School Fee Support,Cover term fees / bursary for high cash-flow volatility + low SES students,6.0,"low SES, high cash-flow volatility, economic instability, elevated dropout risk",15000,4.243
61,20,Academic Strugglers,1,0.699,1,1,school_fee_support,School Fee Support,Cover term fees / bursary for high cash-flow volatility + low SES students,6.0,"low SES, high cash-flow volatility, economic instability, elevated dropout risk",15000,4.192
714,6,Academic Strugglers,1,0.698,1,1,school_fee_support,School Fee Support,Cover term fees / bursary for high cash-flow volatility + low SES students,6.0,"low SES, high cash-flow volatility, economic instability, elevated dropout risk",15000,4.187
774,5,Academic Strugglers,1,0.695,1,1,school_fee_support,School Fee Support,Cover term fees / bursary for high cash-flow volatility + low SES students,6.0,"low SES, high cash-flow volatility, economic instability, elevated dropout risk",15000,4.167
225,12,Academic Strugglers,1,0.694,1,1,school_fee_support,School Fee Support,Cover term fees / bursary for high cash-flow volatility + low SES students,6.0,"low SES, high cash-flow volatility, economic instability, elevated dropout risk",15000,4.162
361,10,Health-Constrained,2,0.691,0,1,school_fee_support,School Fee Support,Cover term fees / bursary for high cash-flow volatility + low SES students,6.0,"low SES, high cash-flow volatility, economic instability, elevated dropout risk",15000,4.148
490,3,Health-Constrained,1,0.685,1,1,school_fee_support,School Fee Support,Cover term fees / bursary for high cash-flow volatility + low SES students,6.0,"low SES, high cash-flow volatility, economic instability, elevated dropout risk",15000,4.107
571,20,Academic Strugglers,1,0.681,1,1,school_fee_support,School Fee Support,Cover term fees / bursary for high cash-flow volatility + low SES students,6.0,"low SES, high cash-flow volatility, economic instability, elevated dropout risk",15000,4.084
647,20,Academic Strugglers,1,0.68,0,1,school_fee_support,School Fee Support,Cover term fees / bursary for high cash-flow volatility + low SES students,6.0,"low SES, high cash-flow volatility, economic instability, elevated dropout risk",15000,4.079
344,7,Academic Strugglers,1,0.679,0,1,school_fee_support,School Fee Support,Cover term fees / bursary for high cash-flow volatility + low SES students,6.0,"low SES, high cash-flow volatility, economic instability, elevated dropout risk",15000,4.076
986,16,Academic Strugglers,1,0.679,1,1,school_fee_support,School Fee Support,Cover term fees / bursary for high cash-flow volatility + low SES students,6.0,"low SES, high cash-flow volatility, economic instability, elevated dropout risk",15000,4.076
142,12,Academic Strugglers,1,0.679,1,1,school_fee_support,School Fee Support,Cover term fees / bursary for high cash-flow volatility + low SES students,6.0,"low SES, high cash-flow volatility, economic instability, elevated dropout risk",15000,4.075
334,20,Health-Constrained,1,0.676,0,1,school_fee_support,School Fee Support,Cover term fees / bursary for high cash-flow volatility + low SES students,6.0,"low SES, high cash-flow volatility, economic instability, elevated dropout risk",15000,4.058
762,1,Academic Strugglers,1,0.676,0,1,school_fee_support,School Fee Support,Cover term fees / bursary for high cash-flow volatility + low SES students,6.0,"low SES, high cash-flow volatility, economic instability, elevated dropout risk",15000,4.057
219,19,Academic Strugglers,1,0.673,0,1,school_fee_support,School Fee Support,Cover term fees / bursary for high cash-flow volatility + low SES students,6.0,"low SES, high cash-flow volatility, economic instability, elevated dropout risk",15000,4.037
721,12,Academic Strugglers,1,0.668,1,1,school_fee_support,School Fee Support,Cover term fees / bursary for high cash-flow volatility + low SES students,6.0,"low SES, high cash-flow volatility, economic instability, elevated dropout risk",15000,4.006
123,16,Academic Strugglers,1,0.667,1,1,school_fee_support,School Fee Support,Cover term fees / bursary for high cash-flow volatility + low SES students,6.0,"low SES, high cash-flow volatility, economic instability, elevated dropout risk",15000,4.0
388,12,Academic Strugglers,1,0.662,1,1,school_fee_support,School Fee Support,Cover term fees / bursary for high cash-flow volatility + low SES students,6.0,"low SES, high cash-flow volatility, economic instability, elevated dropout risk",15000,3.975
273,15,Health-Constrained,1,0.659,0,1,school_fee_support,School Fee Support,Cover term fees / bursary for high cash-flow volatility + low SES students,6.0,"low SES, high cash-flow volatility, economic instability, elevated dropout risk",15000,3.953
245,15,Academic Strugglers,1,0.654,0,1,school_fee_support,School Fee Support,Cover term fees / bursary for high cash-flow volatility + low SES students,6.0,"low SES, high cash-flow volatility, economic instability, elevated dropout risk",15000,3.925
960,17,Academic Strugglers,1,0.654,0,1,school_fee_support,School Fee Support,Cover term fees / bursary for high cash-flow volatility + low SES students,6.0,"low SES, high cash-flow volatility, economic instability, elevated dropout risk",15000,3.924
712,14,Academic Strugglers,1,0.653,0,1,school_fee_support,School Fee Support,Cover term fees / bursary for high cash-flow volatility + low SES students,6.0,"low SES, high cash-flow volatility, economic instability, elevated dropout risk",15000,3.915
640,2,Academic Strugglers,1,0.652,0,1,school_fee_support,School Fee Support,Cover term fees / bursary for high cash-flow volatility + low SES students,6.0,"low SES, high cash-flow volatility, economic instability, elevated dropout risk",15000,3.912
950,7,Academic Strugglers,1,0.649,0,1,school_fee_support,School Fee Support,Cover term fees / bursary for high cash-flow volatility + low SES students,6.0,"low SES, high cash-flow volatility, economic instability, elevated dropout risk",15000,3.895
220,7,Academic Strugglers,1,0.647,0,1,school_fee_support,School Fee Support,Cover term fees / bursary for high cash-flow volatility + low SES students,6.0,"low SES, high cash-flow volatility, economic instability, elevated dropout risk",15000,3.879
656,10,Academic Strugglers,1,0.646,0,1,school_fee_support,School Fee Support,Cover term fees / bursary for high cash-flow volatility + low SES students,6.0,"low SES, high cash-flow volatility, economic instability, elevated dropout risk",15000,3.878
22,20,Health-Constrained,1,0.646,1,1,school_fee_support,School Fee Support,Cover term fees / bursary for high cash-flow volatility + low SES students,6.0,"low SES, high cash-flow volatility, economic instability, elevated dropout risk",15000,3.877
572,18,Academic Strugglers,1,0.646,0,1,school_fee_support,School Fee Support,Cover term fees / bursary for high cash-flow volatility + low SES students,6.0,"low SES, high cash-flow volatility, economic instability, elevated dropout risk",15000,3.876
732,8,Academic Strugglers,1,0.645,1,1,school_fee_support,School Fee Support,Cover term fees / bursary for high cash-flow volatility + low SES students,6.0,"low SES, high cash-flow volatility, economic instability, elevated dropout risk",15000,3.87
109,18,Academic Strugglers,1,0.644,1,1,school_fee_support,School Fee Support,Cover term fees / bursary for high cash-flow volatility + low SES students,6.0,"low SES, high cash-flow volatility, economic instability, elevated dropout risk",15000,3.863
463,1,Academic Strugglers,1,0.644,1,1,school_fee_support,School Fee Support,Cover term fees / bursary for high cash-flow volatility + low SES students,6.0,"low SES, high cash-flow volatility, economic instability, elevated dropout risk",15000,3.861
456,20,Academic Strugglers,1,0.643,1,1,school_fee_support,School Fee Support,Cover term fees / bursary for high cash-flow volatility + low SES students,6.0,"low SES, high cash-flow volatility, economic instability, elevated dropout risk",15000,3.857
103,1,Academic Strugglers,1,0.643,1,1,school_fee_support,School Fee Support,Cover term fees / bursary for high cash-flow volatility + low SES students,6.0,"low SES, high cash-flow volatility, economic instability, elevated dropout risk",15000,3.856
228,3,Academic Strugglers,1,0.642,1,1,school_fee_support,School Fee Support,Cover term fees / bursary for high cash-flow volatility + low SES students,6.0,"low SES, high cash-flow volatility, economic instability, elevated dropout risk",15000,3.85
34,9,Academic Strugglers,1,0.639,1,1,school_fee_support,School Fee Support,Cover term fees / bursary for high cash-flow volatility + low SES students,6.0,"low SES, high cash-flow volatility, economic instability, elevated dropout risk",15000,3.836
436,19,Health-Constrained,2,0.637,0,1,school_fee_support,School Fee Support,Cover term fees / bursary for high cash-flow volatility + low SES students,6.0,"low SES, high cash-flow volatility, economic instability, elevated dropout risk",15000,3.825
107,15,Health-Constrained,2,0.635,1,1,school_fee_support,School Fee Support,Cover term fees / bursary for high cash-flow volatility + low SES students,6.0,"low SES, high cash-flow volatility, economic instability, elevated dropout risk",15000,3.809
865,2,Academic Strugglers,1,0.635,0,1,school_fee_support,School Fee Support,Cover term fees / bursary for high cash-flow volatility + low SES students,6.0,"low SES, high cash-flow volatility, economic instability, elevated dropout risk",15000,3.809
684,19,Health-Constrained,1,0.634,1,1,school_fee_support,School Fee Support,Cover term fees / bursary for high cash-flow volatility + low SES students,6.0,"low SES, high cash-flow volatility, economic instability, elevated dropout risk",15000,3.803
50,9,Health-Constrained,1,0.632,1,1,school_fee_support,School Fee Support,Cover term fees / bursary for high cash-flow volatility + low SES students,6.0,"low SES, high cash-flow volatility, economic instability, elevated dropout risk",15000,3.794
201,15,Academic Strugglers,1,0.632,1,1,school_fee_support,School Fee Support,Cover term fees / bursary for high cash-flow volatility + low SES students,6.0,"low SES, high cash-flow volatility, economic instability, elevated dropout risk",15000,3.791
511,18,Health-Constrained,2,0.631,0,1,school_fee_support,School Fee Support,Cover term fees / bursary for high cash-flow volatility + low SES students,6.0,"low SES, high cash-flow volatility, economic instability, elevated dropout risk",15000,3.784
642,17,Academic Strugglers,1,0.631,1,1,school_fee_support,School Fee Support,Cover term fees / bursary for high cash-flow volatility + low SES students,6.0,"low SES, high cash-flow volatility, economic instability, elevated dropout risk",15000,3.783
861,14,Academic Strugglers,1,0.627,1,1,school_fee_support,School Fee Support,Cover term fees / bursary for high cash-flow volatility + low SES students,6.0,"low SES, high cash-flow volatility, economic instability, elevated dropout risk",15000,3.763
397,18,Health-Constrained,1,0.625,1,1,school_fee_support,School Fee Support,Cover term fees / bursary for high cash-flow volatility + low SES students,6.0,"low SES, high cash-flow volatility, economic instability, elevated dropout risk",15000,3.749
814,7,Academic Strugglers,2,0.625,0,1,school_fee_support,School Fee Support,Cover term fees / bursary for high cash-flow volatility + low SES students,6.0,"low SES, high cash-flow volatility, economic instability, elevated dropout risk",15000,3.748
551,12,Academic Strugglers,1,0.623,0,1,school_fee_support,School Fee Support,Cover term fees / bursary for high cash-flow volatility + low SES students,6.0,"low SES, high cash-flow volatility, economic instability, elevated dropout risk",15000,3.735
264,14,Academic Strugglers,1,0.621,1,1,school_fee_support,School Fee Support,Cover term fees / bursary for high cash-flow volatility + low SES students,6.0,"low SES, high cash-flow volatility, economic instability, elevated dropout risk",15000,3.726
791,7,Health-Constrained,2,0.62,1,1,school_fee_support,School Fee Support,Cover term fees / bursary for high cash-flow volatility + low SES students,6.0,"low SES, high cash-flow volatility, economic instability, elevated dropout risk",15000,3.722
448,11,Academic Strugglers,1,0.62,1,1,school_fee_support,School Fee Support,Cover term fees / bursary for high cash-flow volatility + low SES students,6.0,"low SES, high cash-flow volatility, economic instability, elevated dropout risk",15000,3.718
544,19,Health-Constrained,1,0.62,1,1,school_fee_support,School Fee Support,Cover term fees / bursary for high cash-flow volatility + low SES students,6.0,"low SES, high cash-flow volatility, economic instability, elevated dropout risk",15000,3.718
761,4,Academic Strugglers,1,0.619,1,1,school_fee_support,School Fee Support,Cover term fees / bursary for high cash-flow volatility + low SES students,6.0,"low SES, high cash-flow volatility, economic instability, elevated dropout risk",15000,3.712
190,13,Academic Strugglers,1,0.741,0,1,school_fee_support,School Fee Support,Cover term fees / bursary for high cash-flow volatility + low SES students,5.0,"low SES, elevated cash-flow volatility, economic instability, elevated dropout risk",15000,3.705
582,9,Health-Constrained,1,0.74,1,1,school_fee_support,School Fee Support,Cover term fees / bursary for high cash-flow volatility + low SES students,5.0,"low SES, elevated cash-flow volatility, economic instability, elevated dropout risk",15000,3.701
982,12,Academic Strugglers,1,0.616,1,1,school_fee_support,School Fee Support,Cover term fees / bursary for high cash-flow volatility + low SES students,6.0,"low SES, high cash-flow volatility, economic instability, elevated dropout risk",15000,3.696
156,19,Academic Strugglers,2,0.615,1,1,school_fee_support,School Fee Support,Cover term fees / bursary for high cash-flow volatility + low SES students,6.0,"low SES, high cash-flow volatility, economic instability, elevated dropout risk",15000,3.691
946,4,Academic Strugglers,2,0.615,1,1,school_fee_support,School Fee Support,Cover term fees / bursary for high cash-flow volatility + low SES students,6.0,"low SES, high cash-flow volatility, economic instability, elevated dropout risk",15000,3.689
556,3,Academic Strugglers,1,0.614,1,1,school_fee_support,School Fee Support,Cover term fees / bursary for high cash-flow volatility + low SES students,6.0,"low SES, high cash-flow volatility, economic instability, elevated dropout risk",15000,3.683
513,1,Academic Strugglers,1,0.614,1,1,school_fee_support,School Fee Support,Cover term fees / bursary for high cash-flow volatility + low SES students,6.0,"low SES, high cash-flow volatility, economic instability, elevated dropout risk",15000,3.682
180,18,Academic Strugglers,2,0.611,1,1,school_fee_support,School Fee Support,Cover term fees / bursary for high cash-flow volatility + low SES students,6.0,"low SES, high cash-flow volatility, economic instability, elevated dropout risk",15000,3.667
827,8,Academic Strugglers,1,0.61,0,1,school_fee_support,School Fee Support,Cover term fees / bursary for high cash-flow volatility + low SES students,6.0,"low SES, high cash-flow volatility, economic instability, elevated dropout risk",15000,3.66
922,17,Academic Strugglers,1,0.609,1,1,school_fee_support,School Fee Support,Cover term fees / bursary for high cash-flow volatility + low SES students,6.0,"low SES, high cash-flow volatility, economic instability, elevated dropout risk",15000,3.657
638,2,Academic Strugglers,1,0.608,0,1,school_fee_support,School Fee Support,Cover term fees / bursary for high cash-flow volatility + low SES students,6.0,"low SES, high cash-flow volatility, economic instability, elevated dropout risk",15000,3.646
822,5,Academic Strugglers,1,0.607,1,1,school_fee_support,School Fee Support,Cover term fees / bursary for high cash-flow volatility + low SES students,6.0,"low SES, high cash-flow volatility, economic instability, elevated dropout risk",15000,3.64
618,10,Academic Strugglers,2,0.605,1,1,school_fee_support,School Fee Support,Cover term fees / bursary for high cash-flow volatility + low SES students,6.0,"low SES, high cash-flow volatility, economic instability, elevated dropout risk",15000,3.631
938,1,Health-Constrained,2,0.605,1,1,school_fee_support,School Fee Support,Cover term fees / bursary for high cash-flow volatility + low SES students,6.0,"low SES, high cash-flow volatility, economic instability, elevated dropout risk",15000,3.629
584,8,Academic Strugglers,1,0.604,1,1,school_fee_support,School Fee Support,Cover term fees / bursary for high cash-flow volatility + low SES students,6.0,"low SES, high cash-flow volatility, economic instability, elevated dropout risk",15000,3.626
980,3,Academic Strugglers,2,0.604,0,1,school_fee_support,School Fee Support,Cover term fees / bursary for high cash-flow volatility + low SES students,6.0,"low SES, high cash-flow volatility, economic instability, elevated dropout risk",15000,3.625
412,16,Health-Constrained,1,0.602,0,1,school_fee_support,School Fee Support,Cover term fees / bursary for high cash-flow volatility + low SES students,6.0,"low SES, high cash-flow volatility, economic instability, elevated dropout risk",15000,3.613
455,3,Academic Strugglers,2,0.601,1,1,school_fee_support,School Fee Support,Cover term fees / bursary for high cash-flow volatility + low SES students,6.0,"low SES, high cash-flow volatility, economic instability, elevated dropout risk",15000,3.607
990,17,Academic Strugglers,1,0.601,1,1,school_fee_support,School Fee Support,Cover term fees / bursary for high cash-flow volatility + low SES students,6.0,"low SES, high cash-flow volatility, economic instability, elevated dropout risk",15000,3.607
668,14,Academic Strugglers,1,0.601,1,1,school_fee_support,School Fee Support,Cover term fees / bursary for high cash-flow volatility + low SES students,6.0,"low SES, high cash-flow volatility, economic instability, elevated dropout risk",15000,3.606
196,19,Academic Strugglers,2,0.6,1,1,school_fee_support,School Fee Support,Cover term fees / bursary for high cash-flow volatility + low SES students,6.0,"low SES, high cash-flow volatility, economic instability, elevated dropout risk",15000,3.601
667,12,Academic Strugglers,1,0.6,1,1,school_fee_support,School Fee Support,Cover term fees / bursary for high cash-flow volatility + low SES students,6.0,"low SES, high cash-flow volatility, economic instability, elevated dropout risk",15000,3.598
15,15,Academic Strugglers,1,0.599,0,1,school_fee_support,School Fee Support,Cover term fees / bursary for high cash-flow volatility + low SES students,6.0,"low SES, high cash-flow volatility, economic instability, elevated dropout risk",15000,3.594
920,2,Health-Constrained,2,0.598,0,1,school_fee_support,School Fee Support,Cover term fees / bursary for high cash-flow volatility + low SES students,6.0,"low SES, high cash-flow volatility, economic instability, elevated dropout risk",15000,3.586
342,5,Health-Constrained,2,0.598,1,1,school_fee_support,School Fee Support,Cover term fees / bursary for high cash-flow volatility + low SES students,6.0,"low SES, high cash-flow volatility, economic instability, elevated dropout risk",15000,3.585
276,17,Academic Strugglers,1,0.596,1,1,school_fee_support,School Fee Support,Cover term fees / bursary for high cash-flow volatility + low SES students,6.0,"low SES, high cash-flow volatility, economic instability, elevated dropout risk",15000,3.575
838,2,Academic Strugglers,1,0.714,1,1,academic_tutoring,Academic Tutoring / Catch-up,Fund after-school tutoring or remedial classes,5.0,"6 failed subjects, steep GPA decline, Academic Strugglers persona",8000,3.572
987,19,Academic Strugglers,1,0.595,1,1,school_fee_support,School Fee Support,Cover term fees / bursary for high cash-flow volatility + low SES students,6.0,"low SES, high cash-flow volatility, economic instability, elevated dropout risk",15000,3.57
524,11,Academic Strugglers,1,0.594,1,1,school_fee_support,School Fee Support,Cover term fees / bursary for high cash-flow volatility + low SES students,6.0,"low SES, high cash-flow volatility, economic instability, elevated dropout risk",15000,3.561
285,3,Academic Strugglers,1,0.593,1,1,school_fee_support,School Fee Support,Cover term fees / bursary for high cash-flow volatility + low SES students,6.0,"low SES, high cash-flow volatility, economic instability, elevated dropout risk",15000,3.56
879,5,Health-Constrained,2,0.593,1,1,school_fee_support,School Fee Support,Cover term fees / bursary for high cash-flow volatility + low SES students,6.0,"low SES, high cash-flow volatility, economic instability, elevated dropout risk",15000,3.559
151,20,Academic Strugglers,1,0.711,0,1,school_fee_support,School Fee Support,Cover term fees / bursary for high cash-flow volatility + low SES students,5.0,"low SES, elevated cash-flow volatility, economic instability, elevated dropout risk",15000,3.557
457,4,Academic Strugglers,2,0.592,1,1,school_fee_support,School Fee Support,Cover term fees / bursary for high cash-flow volatility + low SES students,6.0,"low SES, high cash-flow volatility, economic instability, elevated dropout risk",15000,3.552
134,2,Academic Strugglers,1,0.592,1,1,school_fee_support,School Fee Support,Cover term fees / bursary for high cash-flow volatility + low SES students,6.0,"low SES, high cash-flow volatility, economic instability, elevated dropout risk",15000,3.551
36,7,Academic Strugglers,2,0.59,1,1,school_fee_support,School Fee Support,Cover term fees / bursary for high cash-flow volatility + low SES students,6.0,"low SES, high cash-flow volatility, economic instability, elevated dropout risk",15000,3.542
577,7,Academic Strugglers,2,0.59,0,1,school_fee_support,School Fee Support,Cover term fees / bursary for high cash-flow volatility + low SES students,6.0,"low SES, high cash-flow volatility, economic instability, elevated dropout risk",15000,3.538
600,15,Academic Strugglers,1,0.59,1,1,school_fee_support,School Fee Support,Cover term fees / bursary for high cash-flow volatility + low SES students,6.0,"low SES, high cash-flow volatility, economic instability, elevated dropout risk",15000,3.538
86,6,Academic Strugglers,1,0.589,1,1,school_fee_support,School Fee Support,Cover term fees / bursary for high cash-flow volatility + low SES students,6.0,"low SES, high cash-flow volatility, economic instability, elevated dropout risk",15000,3.532
465,17,Academic Strugglers,1,0.588,1,1,school_fee_support,School Fee Support,Cover term fees / bursary for high cash-flow volatility + low SES students,6.0,"low SES, high cash-flow volatility, economic instability, elevated dropout risk",15000,3.529
373,10,Health-Constrained,1,0.704,1,1,school_fee_support,School Fee Support,Cover term fees / bursary for high cash-flow volatility + low SES students,5.0,"low SES, elevated cash-flow volatility, economic instability, elevated dropout risk",15000,3.521
781,12,Academic Strugglers,1,0.586,1,1,school_fee_support,School Fee Support,Cover term fees / bursary for high cash-flow volatility + low SES students,6.0,"low SES, high cash-flow volatility, economic instability, elevated dropout risk",15000,3.515
340,10,Health-Constrained,2,0.585,1,1,school_fee_support,School Fee Support,Cover term fees / bursary for high cash-flow volatility + low SES students,6.0,"low SES, high cash-flow volatility, economic instability, elevated dropout risk",15000,3.512
492,1,Academic Strugglers,1,0.584,1,1,school_fee_support,School Fee Support,Cover term fees / bursary for high cash-flow volatility + low SES students,6.0,"low SES, high cash-flow volatility, economic instability, elevated dropout risk",15000,3.506
431,2,Academic Strugglers,1,0.584,0,1,school_fee_support,School Fee Support,Cover term fees / bursary for high cash-flow volatility + low SES students,6.0,"low SES, high cash-flow volatility, economic instability, elevated dropout risk",15000,3.505
176,13,Academic Strugglers,2,0.583,0,1,school_fee_support,School Fee Support,Cover term fees / bursary for high cash-flow volatility + low SES students,6.0,"low SES, high cash-flow volatility, economic instability, elevated dropout risk",15000,3.498
739,10,Academic Strugglers,1,0.583,0,1,school_fee_support,School Fee Support,Cover term fees / bursary for high cash-flow volatility + low SES students,6.0,"low SES, high cash-flow volatility, economic instability, elevated dropout risk",15000,3.497
941,18,Academic Strugglers,1,0.581,0,1,school_fee_support,School Fee Support,Cover term fees / bursary for high cash-flow volatility + low SES students,6.0,"low SES, high cash-flow volatility, economic instability, elevated dropout risk",15000,3.488
488,10,Academic Strugglers,1,0.581,1,1,school_fee_support,School Fee Support,Cover term fees / bursary for high cash-flow volatility + low SES students,6.0,"low SES, high cash-flow volatility, economic instability, elevated dropout risk",15000,3.487
480,9,Academic Strugglers,1,0.58,1,1,school_fee_support,School Fee Support,Cover term fees / bursary for high cash-flow volatility + low SES students,6.0,"low SES, high cash-flow volatility, economic instability, elevated dropout risk",15000,3.482
441,3,Health-Constrained,2,0.696,0,1,health_support,Health & Attendance Support,"Fund school nurse visits, medical vouchers, attendance follow-up",5.0,"18 health absences, chronic health risk, Health-Constrained persona",5000,3.479
629,13,Academic Strugglers,1,0.696,1,1,school_fee_support,School Fee Support,Cover term fees / bursary for high cash-flow volatility + low SES students,5.0,"low SES, elevated cash-flow volatility, economic instability, elevated dropout risk",15000,3.479
670,15,Academic Strugglers,1,0.58,1,1,school_fee_support,School Fee Support,Cover term fees / bursary for high cash-flow volatility + low SES students,6.0,"low SES, high cash-flow volatility, economic instability, elevated dropout risk",15000,3.478
45,6,Academic Strugglers,1,0.579,1,1,school_fee_support,School Fee Support,Cover term fees / bursary for high cash-flow volatility + low SES students,6.0,"low SES, high cash-flow volatility, economic instability, elevated dropout risk",15000,3.477
669,11,Academic Strugglers,2,0.578,1,1,school_fee_support,School Fee Support,Cover term fees / bursary for high cash-flow volatility + low SES students,6.0,"low SES, high cash-flow volatility, economic instability, elevated dropout risk",15000,3.471
953,4,Academic Strugglers,2,0.694,0,1,academic_tutoring,Academic Tutoring / Catch-up,Fund after-school tutoring or remedial classes,5.0,"4 failed subjects, steep GPA decline, Academic Strugglers persona",8000,3.469
823,8,Academic Strugglers,1,0.577,1,1,school_fee_support,School Fee Support,Cover term fees / bursary for high cash-flow volatility + low SES students,6.0,"low SES, high cash-flow volatility, economic instability, elevated dropout risk",15000,3.462
517,10,Academic Strugglers,2,0.576,1,1,school_fee_support,School Fee Support,Cover term fees / bursary for high cash-flow volatility + low SES students,6.0,"low SES, high cash-flow volatility, economic instability, elevated dropout risk",15000,3.454
653,8,Academic Strugglers,1,0.576,1,1,school_fee_support,School Fee Support,Cover term fees / bursary for high cash-flow volatility + low SES students,6.0,"low SES, high cash-flow volatility, economic instability, elevated dropout risk",15000,3.454
999,7,Academic Strugglers,2,0.574,1,1,school_fee_support,School Fee Support,Cover term fees / bursary for high cash-flow volatility + low SES students,6.0,"low SES, high cash-flow volatility, economic instability, elevated dropout risk",15000,3.443
554,1,Health-Constrained,2,0.574,0,1,school_fee_support,School Fee Support,Cover term fees / bursary for high cash-flow volatility + low SES students,6.0,"low SES, high cash-flow volatility, economic instability, elevated dropout risk",15000,3.442
428,9,Academic Strugglers,1,0.573,1,1,school_fee_support,School Fee Support,Cover term fees / bursary for high cash-flow volatility + low SES students,6.0,"low SES, high cash-flow volatility, economic instability, elevated dropout risk",15000,3.439
100,11,Academic Strugglers,2,0.572,1,1,school_fee_support,School Fee Support,Cover term fees / bursary for high cash-flow volatility + low SES students,6.0,"low SES, high cash-flow volatility, economic instability, elevated dropout risk",15000,3.432
382,4,Academic Strugglers,1,0.572,1,1,school_fee_support,School Fee Support,Cover term fees / bursary for high cash-flow volatility + low SES students,6.0,"low SES, high cash-flow volatility, economic instability, elevated dropout risk",15000,3.432
16,4,Academic Strugglers,1,0.572,1,1,school_fee_support,School Fee Support,Cover term fees / bursary for high cash-flow volatility + low SES students,6.0,"low SES, high cash-flow volatility, economic instability, elevated dropout risk",15000,3.43
352,2,Health-Constrained,1,0.571,0,1,school_fee_support,School Fee Support,Cover term fees / bursary for high cash-flow volatility + low SES students,6.0,"low SES, high cash-flow volatility, economic instability, elevated dropout risk",15000,3.427
503,1,Academic Strugglers,1,0.571,1,1,school_fee_support,School Fee Support,Cover term fees / bursary for high cash-flow volatility + low SES students,6.0,"low SES, high cash-flow volatility, economic instability, elevated dropout risk",15000,3.427
597,5,Academic Strugglers,2,0.57,0,1,school_fee_support,School Fee Support,Cover term fees / bursary for high cash-flow volatility + low SES students,6.0,"low SES, high cash-flow volatility, economic instability, elevated dropout risk",15000,3.422
959,10,Health-Constrained,2,0.57,1,1,school_fee_support,School Fee Support,Cover term fees / bursary for high cash-flow volatility + low SES students,6.0,"low SES, high cash-flow volatility, economic instability, elevated dropout risk",15000,3.417
676,10,Health-Constrained,2,0.569,1,1,school_fee_support,School Fee Support,Cover term fees / bursary for high cash-flow volatility + low SES students,6.0,"low SES, high cash-flow volatility, economic instability, elevated dropout risk",15000,3.416
182,19,Academic Strugglers,2,0.568,1,1,school_fee_support,School Fee Support,Cover term fees / bursary for high cash-flow volatility + low SES students,6.0,"low SES, high cash-flow volatility, economic instability, elevated dropout risk",15000,3.41
605,18,Health-Constrained,1,0.568,0,1,school_fee_support,School Fee Support,Cover term fees / bursary for high cash-flow volatility + low SES students,6.0,"low SES, high cash-flow volatility, economic instability, elevated dropout risk",15000,3.407
701,16,Health-Constrained,1,0.568,1,1,school_fee_support,School Fee Support,Cover term fees / bursary for high cash-flow volatility + low SES students,6.0,"low SES, high cash-flow volatility, economic instability, elevated dropout risk",15000,3.407
272,14,Academic Strugglers,1,0.568,0,1,school_fee_support,School Fee Support,Cover term fees / bursary for high cash-flow volatility + low SES students,6.0,"low SES, high cash-flow volatility, economic instability, elevated dropout risk",15000,3.406
211,7,Academic Strugglers,1,0.568,0,1,school_fee_support,School Fee Support,Cover term fees / bursary for high cash-flow volatility + low SES students,6.0,"low SES, high cash-flow volatility, economic instability, elevated dropout risk",15000,3.405
250,7,Health-Constrained,1,0.566,1,1,school_fee_support,School Fee Support,Cover term fees / bursary for high cash-flow volatility + low SES students,6.0,"low SES, high cash-flow volatility, economic instability, elevated dropout risk",15000,3.399
290,20,Academic Strugglers,1,0.566,1,1,school_fee_support,School Fee Support,Cover term fees / bursary for high cash-flow volatility + low SES students,6.0,"low SES, high cash-flow volatility, economic instability, elevated dropout risk",15000,3.398
315,6,Academic Strugglers,2,0.565,1,1,school_fee_support,School Fee Support,Cover term fees / bursary for high cash-flow volatility + low SES students,6.0,"low SES, high cash-flow volatility, economic instability, elevated dropout risk",15000,3.392
251,2,Academic Strugglers,1,0.565,1,1,school_fee_support,School Fee Support,Cover term fees / bursary for high cash-flow volatility + low SES students,6.0,"low SES, high cash-flow volatility, economic instability, elevated dropout risk",15000,3.387
870,3,Academic Strugglers,2,0.565,1,1,school_fee_support,School Fee Support,Cover term fees / bursary for high cash-flow volatility + low SES students,6.0,"low SES, high cash-flow volatility, economic instability, elevated dropout risk",15000,3.387
379,9,Academic Strugglers,2,0.564,1,1,school_fee_support,School Fee Support,Cover term fees / bursary for high cash-flow volatility + low SES students,6.0,"low SES, high cash-flow volatility, economic instability, elevated dropout risk",15000,3.382
825,3,Academic Strugglers,2,0.564,1,1,school_fee_support,School Fee Support,Cover term fees / bursary for high cash-flow volatility + low SES students,6.0,"low SES, high cash-flow volatility, economic instability, elevated dropout risk",15000,3.382
280,14,Academic Strugglers,1,0.676,0,1,school_fee_support,School Fee Support,Cover term fees / bursary for high cash-flow volatility + low SES students,5.0,"low SES, elevated cash-flow volatility, economic instability, elevated dropout risk",15000,3.381
654,7,Health-Constrained,2,0.563,1,1,school_fee_support,School Fee Support,Cover term fees / bursary for high cash-flow volatility + low SES students,6.0,"low SES, high cash-flow volatility, economic instability, elevated dropout risk",15000,3.376
652,15,Academic Strugglers,1,0.562,1,1,school_fee_support,School Fee Support,Cover term fees / bursary for high cash-flow volatility + low SES students,6.0,"low SES, high cash-flow volatility, economic instability, elevated dropout risk",15000,3.37
105,8,Academic Strugglers,1,0.561,1,1,school_fee_support,School Fee Support,Cover term fees / bursary for high cash-flow volatility + low SES students,6.0,"low SES, high cash-flow volatility, economic instability, elevated dropout risk",15000,3.364
574,15,Academic Strugglers,1,0.56,1,1,school_fee_support,School Fee Support,Cover term fees / bursary for high cash-flow volatility + low SES students,6.0,"low SES, high cash-flow volatility, economic instability, elevated dropout risk",15000,3.36
489,11,Academic Strugglers,1,0.559,1,1,school_fee_support,School Fee Support,Cover term fees / bursary for high cash-flow volatility + low SES students,6.0,"low SES, high cash-flow volatility, economic instability, elevated dropout risk",15000,3.356
164,14,Health-Constrained,1,0.559,0,1,school_fee_support,School Fee Support,Cover term fees / bursary for high cash-flow volatility + low SES students,6.0,"low SES, high cash-flow volatility, economic instability, elevated dropout risk",15000,3.354
482,16,Academic Strugglers,1,0.559,0,1,school_fee_support,School Fee Support,Cover term fees / bursary for high cash-flow volatility + low SES students,6.0,"low SES, high cash-flow volatility, economic instability, elevated dropout risk",15000,3.351
918,5,Academic Strugglers,2,0.558,0,1,school_fee_support,School Fee Support,Cover term fees / bursary for high cash-flow volatility + low SES students,6.0,"low SES, high cash-flow volatility, economic instability, elevated dropout risk",15000,3.349
348,20,Academic Strugglers,1,0.557,1,1,school_fee_support,School Fee Support,Cover term fees / bursary for high cash-flow volatility + low SES students,6.0,"low SES, high cash-flow volatility, economic instability, elevated dropout risk",15000,3.34
664,18,Academic Strugglers,1,0.557,1,1,school_fee_support,School Fee Support,Cover term fees / bursary for high cash-flow volatility + low SES students,6.0,"low SES, high cash-flow volatility, economic instability, elevated dropout risk",15000,3.34
526,9,Academic Strugglers,1,0.556,1,1,school_fee_support,School Fee Support,Cover term fees / bursary for high cash-flow volatility + low SES students,6.0,"low SES, high cash-flow volatility, economic instability, elevated dropout risk",15000,3.339
10,8,Academic Strugglers,1,0.556,0,1,school_fee_support,School Fee Support,Cover term fees / bursary for high cash-flow volatility + low SES students,6.0,"low SES, high cash-flow volatility, economic instability, elevated dropout risk",15000,3.338
486,20,Academic Strugglers,2,0.556,0,1,school_fee_support,School Fee Support,Cover term fees / bursary for high cash-flow volatility + low SES students,6.0,"low SES, high cash-flow volatility, economic instability, elevated dropout risk",15000,3.334
794,6,Academic Strugglers,1,0.556,1,1,school_fee_support,School Fee Support,Cover term fees / bursary for high cash-flow volatility + low SES students,6.0,"low SES, high cash-flow volatility, economic instability, elevated dropout risk",15000,3.334
274,15,Academic Strugglers,1,0.665,0,1,academic_tutoring,Academic Tutoring / Catch-up,Fund after-school tutoring or remedial classes,5.0,"4 failed subjects, steep GPA decline, Academic Strugglers persona",8000,3.324
451,9,Academic Strugglers,1,0.553,1,1,school_fee_support,School Fee Support,Cover term fees / bursary for high cash-flow volatility + low SES students,6.0,"low SES, high cash-flow volatility, economic instability, elevated dropout risk",15000,3.317
598,11,Health-Constrained,1,0.552,1,1,school_fee_support,School Fee Support,Cover term fees / bursary for high cash-flow volatility + low SES students,6.0,"low SES, high cash-flow volatility, economic instability, elevated dropout risk",15000,3.315
93,10,Academic Strugglers,1,0.552,1,1,school_fee_support,School Fee Support,Cover term fees / bursary for high cash-flow volatility + low SES students,6.0,"low SES, high cash-flow volatility, economic instability, elevated dropout risk",15000,3.314
139,15,Academic Strugglers,1,0.552,1,1,school_fee_support,School Fee Support,Cover term fees / bursary for high cash-flow volatility + low SES students,6.0,"low SES, high cash-flow volatility, economic instability, elevated dropout risk",15000,3.313
376,2,Academic Strugglers,1,0.552,1,1,school_fee_support,School Fee Support,Cover term fees / bursary for high cash-flow volatility + low SES students,6.0,"low SES, high cash-flow volatility, economic instability, elevated dropout risk",15000,3.311
60,6,Health-Constrained,1,0.552,1,1,school_fee_support,School Fee Support,Cover term fees / bursary for high cash-flow volatility + low SES students,6.0,"low SES, high cash-flow volatility, economic instability, elevated dropout risk",15000,3.309
873,19,Academic Strugglers,1,0.552,1,1,school_fee_support,School Fee Support,Cover term fees / bursary for high cash-flow volatility + low SES students,6.0,"low SES, high cash-flow volatility, economic instability, elevated dropout risk",15000,3.309
473,10,Academic Strugglers,1,0.551,1,1,school_fee_support,School Fee Support,Cover term fees / bursary for high cash-flow volatility + low SES students,6.0,"low SES, high cash-flow volatility, economic instability, elevated dropout risk",15000,3.307
170,1,Academic Strugglers,2,0.551,0,1,school_fee_support,School Fee Support,Cover term fees / bursary for high cash-flow volatility + low SES students,6.0,"low SES, high cash-flow volatility, economic instability, elevated dropout risk",15000,3.306
259,7,Academic Strugglers,1,0.55,0,1,school_fee_support,School Fee Support,Cover term fees / bursary for high cash-flow volatility + low SES students,6.0,"low SES, high cash-flow volatility, economic instability, elevated dropout risk",15000,3.298
614,12,Academic Strugglers,1,0.55,1,1,school_fee_support,School Fee Support,Cover term fees / bursary for high cash-flow volatility + low SES students,6.0,"low SES, high cash-flow volatility, economic instability, elevated dropout risk",15000,3.298
179,12,Academic Strugglers,1,0.549,0,1,school_fee_support,School Fee Support,Cover term fees / bursary for high cash-flow volatility + low SES students,6.0,"low SES, high cash-flow volatility, economic instability, elevated dropout risk",15000,3.296
627,10,Academic Strugglers,1,0.549,1,1,school_fee_support,School Fee Support,Cover term fees / bursary for high cash-flow volatility + low SES students,6.0,"low SES, high cash-flow volatility, economic instability, elevated dropout risk",15000,3.295
704,15,Academic Strugglers,1,0.548,1,1,school_fee_support,School Fee Support,Cover term fees / bursary for high cash-flow volatility + low SES students,6.0,"low SES, high cash-flow volatility, economic instability, elevated dropout risk",15000,3.29
516,19,Health-Constrained,1,0.657,1,1,school_fee_support,School Fee Support,Cover term fees / bursary for high cash-flow volatility + low SES students,5.0,"low SES, elevated cash-flow volatility, economic instability, elevated dropout risk",15000,3.283
625,20,Academic Strugglers,2,0.547,1,1,school_fee_support,School Fee Support,Cover term fees / bursary for high cash-flow volatility + low SES students,6.0,"low SES, high cash-flow volatility, economic instability, elevated dropout risk",15000,3.281
966,4,Academic Strugglers,2,0.547,1,1,school_fee_support,School Fee Support,Cover term fees / bursary for high cash-flow volatility + low SES students,6.0,"low SES, high cash-flow volatility, economic instability, elevated dropout risk",15000,3.281
145,4,Academic Strugglers,1,0.546,1,1,school_fee_support,School Fee Support,Cover term fees / bursary for high cash-flow volatility + low SES students,6.0,"low SES, high cash-flow volatility, economic instability, elevated dropout risk",15000,3.277
890,6,Academic Strugglers,2,0.546,1,1,school_fee_support,School Fee Support,Cover term fees / bursary for high cash-flow volatility + low SES students,6.0,"low SES, high cash-flow volatility, economic instability, elevated dropout risk",15000,3.276
8,8,Academic Strugglers,1,0.546,0,1,school_fee_support,School Fee Support,Cover term fees / bursary for high cash-flow volatility + low SES students,6.0,"low SES, high cash-flow volatility, economic instability, elevated dropout risk",15000,3.275
282,13,Health-Constrained,2,0.546,1,1,school_fee_support,School Fee Support,Cover term fees / bursary for high cash-flow volatility + low SES students,6.0,"low SES, high cash-flow volatility, economic instability, elevated dropout risk",15000,3.275
325,4,Health-Constrained,1,0.545,1,1,school_fee_support,School Fee Support,Cover term fees / bursary for high cash-flow volatility + low SES students,6.0,"low SES, high cash-flow volatility, economic instability, elevated dropout risk",15000,3.273
410,16,Academic Strugglers,1,0.546,0,1,school_fee_support,School Fee Support,Cover term fees / bursary for high cash-flow volatility + low SES students,6.0,"low SES, high cash-flow volatility, economic instability, elevated dropout risk",15000,3.273
848,17,Academic Strugglers,1,0.545,1,1,school_fee_support,School Fee Support,Cover term fees / bursary for high cash-flow volatility + low SES students,6.0,"low SES, high cash-flow volatility, economic instability, elevated dropout risk",15000,3.271
914,18,Academic Strugglers,1,0.545,0,1,school_fee_support,School Fee Support,Cover term fees / bursary for high cash-flow volatility + low SES students,6.0,"low SES, high cash-flow volatility, economic instability, elevated dropout risk",15000,3.27
360,6,Health-Constrained,2,0.545,1,1,school_fee_support,School Fee Support,Cover term fees / bursary for high cash-flow volatility + low SES students,6.0,"low SES, high cash-flow volatility, economic instability, elevated dropout risk",15000,3.269
149,19,Academic Strugglers,2,0.544,1,1,school_fee_support,School Fee Support,Cover term fees / bursary for high cash-flow volatility + low SES students,6.0,"low SES, high cash-flow volatility, economic instability, elevated dropout risk",15000,3.262
867,1,Academic Strugglers,1,0.544,1,1,school_fee_support,School Fee Support,Cover term fees / bursary for high cash-flow volatility + low SES students,6.0,"low SES, high cash-flow volatility, economic instability, elevated dropout risk",15000,3.262
715,7,Academic Strugglers,1,0.542,1,1,school_fee_support,School Fee Support,Cover term fees / bursary for high cash-flow volatility + low SES students,6.0,"low SES, high cash-flow volatility, economic instability, elevated dropout risk",15000,3.252
819,7,Academic Strugglers,1,0.541,1,1,school_fee_support,School Fee Support,Cover term fees / bursary for high cash-flow volatility + low SES students,6.0,"low SES, high cash-flow volatility, economic instability, elevated dropout risk",15000,3.247
133,8,Academic Strugglers,2,0.54,1,1,school_fee_support,School Fee Support,Cover term fees / bursary for high cash-flow volatility + low SES students,6.0,"low SES, high cash-flow volatility, economic instability, elevated dropout risk",15000,3.242
435,8,Academic Strugglers,2,0.648,0,1,academic_tutoring,Academic Tutoring / Catch-up,Fund after-school tutoring or remedial classes,5.0,"4 failed subjects, steep GPA decline, Academic Strugglers persona",8000,3.24
558,7,Academic Strugglers,1,0.54,1,1,school_fee_support,School Fee Support,Cover term fees / bursary for high cash-flow volatility + low SES students,6.0,"low SES, high cash-flow volatility, economic instability, elevated dropout risk",15000,3.239
636,11,Health-Constrained,2,0.54,0,1,school_fee_support,School Fee Support,Cover term fees / bursary for high cash-flow volatility + low SES students,6.0,"low SES, high cash-flow volatility, economic instability, elevated dropout risk",15000,3.239
737,7,Academic Strugglers,1,0.539,1,1,school_fee_support,School Fee Support,Cover term fees / bursary for high cash-flow volatility + low SES students,6.0,"low SES, high cash-flow volatility, economic instability, elevated dropout risk",15000,3.234
27,13,Health-Constrained,2,0.538,1,1,school_fee_support,School Fee Support,Cover term fees / bursary for high cash-flow volatility + low SES students,6.0,"low SES, high cash-flow volatility, economic instability, elevated dropout risk",15000,3.23
968,10,Academic Strugglers,2,0.538,1,1,school_fee_support,School Fee Support,Cover term fees / bursary for high cash-flow volatility + low SES students,6.0,"low SES, high cash-flow volatility, economic instability, elevated dropout risk",15000,3.23
469,13,Health-Constrained,1,0.646,0,1,health_support,Health & Attendance Support,"Fund school nurse visits, medical vouchers, attendance follow-up",5.0,"12 health absences, chronic health risk, Health-Constrained persona",5000,3.228
569,3,Health-Constrained,1,0.538,1,1,school_fee_support,School Fee Support,Cover term fees / bursary for high cash-flow volatility + low SES students,6.0,"low SES, high cash-flow volatility, economic instability, elevated dropout risk",15000,3.226
256,17,Health-Constrained,2,0.536,1,1,school_fee_support,School Fee Support,Cover term fees / bursary for high cash-flow volatility + low SES students,6.0,"low SES, high cash-flow volatility, economic instability, elevated dropout risk",15000,3.218
694,11,Academic Strugglers,2,0.536,1,1,school_fee_support,School Fee Support,Cover term fees / bursary for high cash-flow volatility + low SES students,6.0,"low SES, high cash-flow volatility, economic instability, elevated dropout risk",15000,3.218
430,1,Health-Constrained,2,0.535,1,1,school_fee_support,School Fee Support,Cover term fees / bursary for high cash-flow volatility + low SES students,6.0,"low SES, high cash-flow volatility, economic instability, elevated dropout risk",15000,3.208
932,3,Academic Strugglers,1,0.534,1,1,school_fee_support,School Fee Support,Cover term fees / bursary for high cash-flow volatility + low SES students,6.0,"low SES, high cash-flow volatility, economic instability, elevated dropout risk",15000,3.204
19,2,Academic Strugglers,1,0.534,1,1,school_fee_support,School Fee Support,Cover term fees / bursary for high cash-flow volatility + low SES students,6.0,"low SES, high cash-flow volatility, economic instability, elevated dropout risk",15000,3.203
160,6,Academic Strugglers,1,0.533,1,1,school_fee_support,School Fee Support,Cover term fees / bursary for high cash-flow volatility + low SES students,6.0,"low SES, high cash-flow volatility, economic instability, elevated dropout risk",15000,3.199
147,11,Academic Strugglers,2,0.532,1,1,school_fee_support,School Fee Support,Cover term fees / bursary for high cash-flow volatility + low SES students,6.0,"low SES, high cash-flow volatility, economic instability, elevated dropout risk",15000,3.194
703,16,Academic Strugglers,2,0.532,1,1,school_fee_support,School Fee Support,Cover term fees / bursary for high cash-flow volatility + low SES students,6.0,"low SES, high cash-flow volatility, economic instability, elevated dropout risk",15000,3.191
757,17,Academic Strugglers,1,0.637,0,1,school_fee_support,School Fee Support,Cover term fees / bursary for high cash-flow volatility + low SES students,5.0,"low SES, elevated cash-flow volatility, economic instability, elevated dropout risk",15000,3.185
165,2,Health-Constrained,2,0.531,1,1,school_fee_support,School Fee Support,Cover term fees / bursary for high cash-flow volatility + low SES students,6.0,"low SES, high cash-flow volatility, economic instability, elevated dropout risk",15000,3.184
809,11,Academic Strugglers,2,0.53,1,1,school_fee_support,School Fee Support,Cover term fees / bursary for high cash-flow volatility + low SES students,6.0,"low SES, high cash-flow volatility, economic instability, elevated dropout risk",15000,3.181
330,8,Academic Strugglers,1,0.635,1,1,school_fee_support,School Fee Support,Cover term fees / bursary for high cash-flow volatility + low SES students,5.0,"low SES, elevated cash-flow volatility, economic instability, elevated dropout risk",15000,3.175
43,2,Academic Strugglers,1,0.528,1,1,school_fee_support,School Fee Support,Cover term fees / bursary for high cash-flow volatility + low SES students,6.0,"low SES, high cash-flow volatility, economic instability, elevated dropout risk",15000,3.17
40,5,Academic Strugglers,1,0.528,1,1,school_fee_support,School Fee Support,Cover term fees / bursary for high cash-flow volatility + low SES students,6.0,"low SES, high cash-flow volatility, economic instability, elevated dropout risk",15000,3.169
965,3,Academic Strugglers,2,0.528,1,1,school_fee_support,School Fee Support,Cover term fees / bursary for high cash-flow volatility + low SES students,6.0,"low SES, high cash-flow volatility, economic instability, elevated dropout risk",15000,3.169
206,13,Academic Strugglers,2,0.528,1,1,school_fee_support,School Fee Support,Cover term fees / bursary for high cash-flow volatility + low SES students,6.0,"low SES, high cash-flow volatility, economic instability, elevated dropout risk",15000,3.167
131,9,Academic Strugglers,2,0.527,1,1,school_fee_support,School Fee Support,Cover term fees / bursary for high cash-flow volatility + low SES students,6.0,"low SES, high cash-flow volatility, economic instability, elevated dropout risk",15000,3.159
68,13,Health-Constrained,1,0.526,0,1,school_fee_support,School Fee Support,Cover term fees / bursary for high cash-flow volatility + low SES students,6.0,"low SES, high cash-flow volatility, economic instability, elevated dropout risk",15000,3.155
70,7,Academic Strugglers,1,0.526,0,1,school_fee_support,School Fee Support,Cover term fees / bursary for high cash-flow volatility + low SES students,6.0,"low SES, high cash-flow volatility, economic instability, elevated dropout risk",15000,3.155
868,19,Health-Constrained,1,0.631,1,1,school_fee_support,School Fee Support,Cover term fees / bursary for high cash-flow volatility + low SES students,5.0,"low SES, elevated cash-flow volatility, economic instability, elevated dropout risk",15000,3.153
169,8,Academic Strugglers,2,0.525,1,1,school_fee_support,School Fee Support,Cover term fees / bursary for high cash-flow volatility + low SES students,6.0,"low SES, high cash-flow volatility, economic instability, elevated dropout risk",15000,3.152
706,2,Academic Strugglers,2,0.522,1,1,school_fee_support,School Fee Support,Cover term fees / bursary for high cash-flow volatility + low SES students,6.0,"low SES, high cash-flow volatility, economic instability, elevated dropout risk",15000,3.13
619,2,Academic Strugglers,2,0.521,1,1,school_fee_support,School Fee Support,Cover term fees / bursary for high cash-flow volatility + low SES students,6.0,"low SES, high cash-flow volatility, economic instability, elevated dropout risk",15000,3.125
299,16,Academic Strugglers,2,0.52,1,1,school_fee_support,School Fee Support,Cover term fees / bursary for high cash-flow volatility + low SES students,6.0,"low SES, high cash-flow volatility, economic instability, elevated dropout risk",15000,3.122
375,14,Health-Constrained,2,0.624,0,1,health_support,Health & Attendance Support,"Fund school nurse visits, medical vouchers, attendance follow-up",5.0,"13 health absences, chronic health risk, Health-Constrained persona",5000,3.122
442,9,Academic Strugglers,1,0.52,1,1,school_fee_support,School Fee Support,Cover term fees / bursary for high cash-flow volatility + low SES students,6.0,"low SES, high cash-flow volatility, economic instability, elevated dropout risk",15000,3.121
185,6,Academic Strugglers,1,0.624,1,1,school_fee_support,School Fee Support,Cover term fees / bursary for high cash-flow volatility + low SES students,5.0,"low SES, elevated cash-flow volatility, economic instability, elevated dropout risk",15000,3.119
967,20,Health-Constrained,2,0.519,1,1,school_fee_support,School Fee Support,Cover term fees / bursary for high cash-flow volatility + low SES students,6.0,"low SES, high cash-flow volatility, economic instability, elevated dropout risk",15000,3.112
483,1,Academic Strugglers,2,0.518,1,1,school_fee_support,School Fee Support,Cover term fees / bursary for high cash-flow volatility + low SES students,6.0,"low SES, high cash-flow volatility, economic instability, elevated dropout risk",15000,3.109
317,3,Academic Strugglers,1,0.516,1,1,school_fee_support,School Fee Support,Cover term fees / bursary for high cash-flow volatility + low SES students,6.0,"low SES, high cash-flow volatility, economic instability, elevated dropout risk",15000,3.099
985,5,Academic Strugglers,2,0.516,1,1,school_fee_support,School Fee Support,Cover term fees / bursary for high cash-flow volatility + low SES students,6.0,"low SES, high cash-flow volatility, economic instability, elevated dropout risk",15000,3.093
417,18,Health-Constrained,1,0.515,1,1,school_fee_support,School Fee Support,Cover term fees / bursary for high cash-flow volatility + low SES students,6.0,"low SES, high cash-flow volatility, economic instability, elevated dropout risk",15000,3.089
281,13,Academic Strugglers,1,0.617,1,1,school_fee_support,School Fee Support,Cover term fees / bursary for high cash-flow volatility + low SES students,5.0,"low SES, elevated cash-flow volatility, economic instability, elevated dropout risk",15000,3.083
641,8,Academic Strugglers,2,0.514,0,1,school_fee_support,School Fee Support,Cover term fees / bursary for high cash-flow volatility + low SES students,6.0,"low SES, high cash-flow volatility, economic instability, elevated dropout risk",15000,3.083
720,11,Academic Strugglers,1,0.514,1,1,school_fee_support,School Fee Support,Cover term fees / bursary for high cash-flow volatility + low SES students,6.0,"low SES, high cash-flow volatility, economic instability, elevated dropout risk",15000,3.081
539,2,Academic Strugglers,1,0.616,0,1,academic_tutoring,Academic Tutoring / Catch-up,Fund after-school tutoring or remedial classes,5.0,"4 failed subjects, steep GPA decline, Academic Strugglers persona",8000,3.079
141,8,Academic Strugglers,2,0.513,1,1,school_fee_support,School Fee Support,Cover term fees / bursary for high cash-flow volatility + low SES students,6.0,"low SES, high cash-flow volatility, economic instability, elevated dropout risk",15000,3.077
499,5,Academic Strugglers,1,0.513,1,1,school_fee_support,School Fee Support,Cover term fees / bursary for high cash-flow volatility + low SES students,6.0,"low SES, high cash-flow volatility, economic instability, elevated dropout risk",15000,3.075
766,10,Academic Strugglers,2,0.512,1,1,school_fee_support,School Fee Support,Cover term fees / bursary for high cash-flow volatility + low SES students,6.0,"low SES, high cash-flow volatility, economic instability, elevated dropout risk",15000,3.074
347,14,Academic Strugglers,2,0.614,1,1,academic_tutoring,Academic Tutoring / Catch-up,Fund after-school tutoring or remedial classes,5.0,"5 failed subjects, steep GPA decline, Academic Strugglers persona",8000,3.068
911,10,Academic Strugglers,2,0.511,0,1,school_fee_support,School Fee Support,Cover term fees / bursary for high cash-flow volatility + low SES students,6.0,"low SES, high cash-flow volatility, economic instability, elevated dropout risk",15000,3.068
284,9,Academic Strugglers,1,0.613,1,1,school_fee_support,School Fee Support,Cover term fees / bursary for high cash-flow volatility + low SES students,5.0,"low SES, elevated cash-flow volatility, economic instability, elevated dropout risk",15000,3.064
728,16,Academic Strugglers,2,0.51,1,1,school_fee_support,School Fee Support,Cover term fees / bursary for high cash-flow volatility + low SES students,6.0,"low SES, high cash-flow volatility, economic instability, elevated dropout risk",15000,3.059
302,19,Academic Strugglers,1,0.509,1,1,school_fee_support,School Fee Support,Cover term fees / bursary for high cash-flow volatility + low SES students,6.0,"low SES, high cash-flow volatility, economic instability, elevated dropout risk",15000,3.051
56,12,Academic Strugglers,1,0.61,1,1,school_fee_support,School Fee Support,Cover term fees / bursary for high cash-flow volatility + low SES students,5.0,"low SES, elevated cash-flow volatility, economic instability, elevated dropout risk",15000,3.049
55,10,Academic Strugglers,2,0.608,0,1,school_fee_support,School Fee Support,Cover term fees / bursary for high cash-flow volatility + low SES students,5.0,"low SES, elevated cash-flow volatility, economic instability, elevated dropout risk",15000,3.041
355,6,Health-Constrained,1,0.506,1,1,school_fee_support,School Fee Support,Cover term fees / bursary for high cash-flow volatility + low SES students,6.0,"low SES, high cash-flow volatility, economic instability, elevated dropout risk",15000,3.036
992,16,Academic Strugglers,1,0.506,0,1,school_fee_support,School Fee Support,Cover term fees / bursary for high cash-flow volatility + low SES students,6.0,"low SES, high cash-flow volatility, economic instability, elevated dropout risk",15000,3.034
984,11,Academic Strugglers,2,0.505,1,1,school_fee_support,School Fee Support,Cover term fees / bursary for high cash-flow volatility + low SES students,6.0,"low SES, high cash-flow volatility, economic instability, elevated dropout risk",15000,3.031
933,7,Academic Strugglers,1,0.605,1,1,school_fee_support,School Fee Support,Cover term fees / bursary for high cash-flow volatility + low SES students,5.0,"low SES, elevated cash-flow volatility, economic instability, elevated dropout risk",15000,3.024
124,7,Academic Strugglers,2,0.502,1,1,school_fee_support,School Fee Support,Cover term fees / bursary for high cash-flow volatility + low SES students,6.0,"low SES, high cash-flow volatility, economic instability, elevated dropout risk",15000,3.014
445,3,Academic Strugglers,2,0.602,1,1,academic_tutoring,Academic Tutoring / Catch-up,Fund after-school tutoring or remedial classes,5.0,"4 failed subjects, steep GPA decline, Academic Strugglers persona",8000,3.012
850,6,Academic Strugglers,1,0.501,1,1,school_fee_support,School Fee Support,Cover term fees / bursary for high cash-flow volatility + low SES students,6.0,"low SES, high cash-flow volatility, economic instability, elevated dropout risk",15000,3.008
555,13,Academic Strugglers,2,0.501,1,1,school_fee_support,School Fee Support,Cover term fees / bursary for high cash-flow volatility + low SES students,6.0,"low SES, high cash-flow volatility, economic instability, elevated dropout risk",15000,3.005
969,17,Academic Strugglers,2,0.501,1,1,school_fee_support,School Fee Support,Cover term fees / bursary for high cash-flow volatility + low SES students,6.0,"low SES, high cash-flow volatility, economic instability, elevated dropout risk",15000,3.004
239,19,Academic Strugglers,1,0.5,1,1,school_fee_support,School Fee Support,Cover term fees / bursary for high cash-flow volatility + low SES students,6.0,"low SES, high cash-flow volatility, economic instability, elevated dropout risk",15000,3.0
305,1,Academic Strugglers,2,0.5,1,1,school_fee_support,School Fee Support,Cover term fees / bursary for high cash-flow volatility + low SES students,6.0,"low SES, high cash-flow volatility, economic instability, elevated dropout risk",15000,3.0
419,5,Academic Strugglers,2,0.499,1,1,school_fee_support,School Fee Support,Cover term fees / bursary for high cash-flow volatility + low SES students,6.0,"low SES, high cash-flow volatility, economic instability, elevated dropout risk",15000,2.992
240,11,Academic Strugglers,2,0.498,1,1,school_fee_support,School Fee Support,Cover term fees / bursary for high cash-flow volatility + low SES students,6.0,"low SES, high cash-flow volatility, economic instability, elevated dropout risk",15000,2.99
18,14,Academic Strugglers,2,0.498,1,1,school_fee_support,School Fee Support,Cover term fees / bursary for high cash-flow volatility + low SES students,6.0,"low SES, high cash-flow volatility, economic instability, elevated dropout risk",15000,2.986
832,1,Health-Constrained,3,0.597,1,1,health_support,Health & Attendance Support,"Fund school nurse visits, medical vouchers, attendance follow-up",5.0,"12 health absences, chronic health risk, Health-Constrained persona",5000,2.985
955,19,Academic Strugglers,2,0.497,0,1,school_fee_support,School Fee Support,Cover term fees / bursary for high cash-flow volatility + low SES students,6.0,"low SES, high cash-flow volatility, economic instability, elevated dropout risk",15000,2.982
988,14,Academic Strugglers,1,0.496,1,1,school_fee_support,School Fee Support,Cover term fees / bursary for high cash-flow volatility + low SES students,6.0,"low SES, high cash-flow volatility, economic instability, elevated dropout risk",15000,2.979
788,8,Academic Strugglers,2,0.496,1,1,school_fee_support,School Fee Support,Cover term fees / bursary for high cash-flow volatility + low SES students,6.0,"low SES, high cash-flow volatility, economic instability, elevated dropout risk",15000,2.978
73,16,Academic Strugglers,1,0.495,1,1,school_fee_support,School Fee Support,Cover term fees / bursary for high cash-flow volatility + low SES students,6.0,"low SES, high cash-flow volatility, economic instability, elevated dropout risk",15000,2.969
283,11,Academic Strugglers,2,0.495,1,1,school_fee_support,School Fee Support,Cover term fees / bursary for high cash-flow volatility + low SES students,6.0,"low SES, high cash-flow volatility, economic instability, elevated dropout risk",15000,2.967
948,18,Academic Strugglers,1,0.591,0,1,school_fee_support,School Fee Support,Cover term fees / bursary for high cash-flow volatility + low SES students,5.0,"low SES, elevated cash-flow volatility, economic instability, elevated dropout risk",15000,2.956
41,18,Academic Strugglers,2,0.492,1,1,school_fee_support,School Fee Support,Cover term fees / bursary for high cash-flow volatility + low SES students,6.0,"low SES, high cash-flow volatility, economic instability, elevated dropout risk",15000,2.954
945,16,Academic Strugglers,2,0.492,1,1,school_fee_support,School Fee Support,Cover term fees / bursary for high cash-flow volatility + low SES students,6.0,"low SES, high cash-flow volatility, economic instability, elevated dropout risk",15000,2.954
255,6,Academic Strugglers,2,0.492,1,1,school_fee_support,School Fee Support,Cover term fees / bursary for high cash-flow volatility + low SES students,6.0,"low SES, high cash-flow volatility, economic instability, elevated dropout risk",15000,2.951
404,14,Academic Strugglers,1,0.492,1,1,school_fee_support,School Fee Support,Cover term fees / bursary for high cash-flow volatility + low SES students,6.0,"low SES, high cash-flow volatility, economic instability, elevated dropout risk",15000,2.949
67,11,Academic Strugglers,2,0.589,1,1,academic_tutoring,Academic Tutoring / Catch-up,Fund after-school tutoring or remedial classes,5.0,"3 failed subjects, steep GPA decline, Academic Strugglers persona",8000,2.943
532,5,Academic Strugglers,2,0.588,0,1,school_fee_support,School Fee Support,Cover term fees / bursary for high cash-flow volatility + low SES students,5.0,"low SES, elevated cash-flow volatility, economic instability, elevated dropout risk",15000,2.942
777,11,Academic Strugglers,2,0.49,1,1,school_fee_support,School Fee Support,Cover term fees / bursary for high cash-flow volatility + low SES students,6.0,"low SES, high cash-flow volatility, economic instability, elevated dropout risk",15000,2.941
21,4,Academic Strugglers,1,0.587,1,1,school_fee_support,School Fee Support,Cover term fees / bursary for high cash-flow volatility + low SES students,5.0,"low SES, elevated cash-flow volatility, economic instability, elevated dropout risk",15000,2.934
338,3,Academic Strugglers,2,0.586,0,1,academic_tutoring,Academic Tutoring / Catch-up,Fund after-school tutoring or remedial classes,5.0,"4 failed subjects, steep GPA decline, Academic Strugglers persona",8000,2.928
76,9,Academic Strugglers,2,0.487,1,1,school_fee_support,School Fee Support,Cover term fees / bursary for high cash-flow volatility + low SES students,6.0,"low SES, high cash-flow volatility, economic instability, elevated dropout risk",15000,2.924
267,10,Academic Strugglers,1,0.585,0,1,school_fee_support,School Fee Support,Cover term fees / bursary for high cash-flow volatility + low SES students,5.0,"low SES, elevated cash-flow volatility, economic instability, elevated dropout risk",15000,2.924
877,14,Academic Strugglers,2,0.487,1,1,school_fee_support,School Fee Support,Cover term fees / bursary for high cash-flow volatility + low SES students,6.0,"low SES, high cash-flow volatility, economic instability, elevated dropout risk",15000,2.922
736,2,Academic Strugglers,1,0.583,0,1,school_fee_support,School Fee Support,Cover term fees / bursary for high cash-flow volatility + low SES students,5.0,"low SES, elevated cash-flow volatility, economic instability, elevated dropout risk",15000,2.914
243,20,Health-Constrained,3,0.582,1,1,health_support,Health & Attendance Support,"Fund school nurse visits, medical vouchers, attendance follow-up",5.0,"14 health absences, chronic health risk, Health-Constrained persona",5000,2.908
14,19,Academic Strugglers,2,0.484,0,1,school_fee_support,School Fee Support,Cover term fees / bursary for high cash-flow volatility + low SES students,6.0,"low SES, high cash-flow volatility, economic instability, elevated dropout risk",15000,2.902
894,16,Health-Constrained,2,0.58,1,1,health_support,Health & Attendance Support,"Fund school nurse visits, medical vouchers, attendance follow-up",5.0,"13 health absences, chronic health risk, Health-Constrained persona",5000,2.901
269,2,Academic Strugglers,1,0.579,0,1,school_fee_support,School Fee Support,Cover term fees / bursary for high cash-flow volatility + low SES students,5.0,"low SES, elevated cash-flow volatility, economic instability, elevated dropout risk",15000,2.897
685,17,Health-Constrained,2,0.482,1,1,school_fee_support,School Fee Support,Cover term fees / bursary for high cash-flow volatility + low SES students,6.0,"low SES, high cash-flow volatility, economic instability, elevated dropout risk",15000,2.894
738,20,Academic Strugglers,1,0.578,1,1,school_fee_support,School Fee Support,Cover term fees / bursary for high cash-flow volatility + low SES students,5.0,"low SES, elevated cash-flow volatility, economic instability, elevated dropout risk",15000,2.892
586,19,Academic Strugglers,3,0.578,1,1,academic_tutoring,Academic Tutoring / Catch-up,Fund after-school tutoring or remedial classes,5.0,"5 failed subjects, steep GPA decline, Academic Strugglers persona",8000,2.89
925,17,Academic Strugglers,1,0.578,0,1,school_fee_support,School Fee Support,Cover term fees / bursary for high cash-flow volatility + low SES students,5.0,"low SES, elevated cash-flow volatility, economic instability, elevated dropout risk",15000,2.89
617,19,Health-Constrained,1,0.578,1,1,school_fee_support,School Fee Support,Cover term fees / bursary for high cash-flow volatility + low SES students,5.0,"low SES, elevated cash-flow volatility, economic instability, elevated dropout risk",15000,2.888
336,1,Academic Strugglers,2,0.481,1,1,school_fee_support,School Fee Support,Cover term fees / bursary for high cash-flow volatility + low SES students,6.0,"low SES, high cash-flow volatility, economic instability, elevated dropout risk",15000,2.884
543,2,Health-Constrained,2,0.576,0,1,health_support,Health & Attendance Support,"Fund school nurse visits, medical vouchers, attendance follow-up",5.0,"15 health absences, chronic health risk, Health-Constrained persona",5000,2.881
364,15,Academic Strugglers,1,0.575,0,1,school_fee_support,School Fee Support,Cover term fees / bursary for high cash-flow volatility + low SES students,5.0,"low SES, elevated cash-flow volatility, economic instability, elevated dropout risk",15000,2.877
74,12,Academic Strugglers,2,0.479,1,1,school_fee_support,School Fee Support,Cover term fees / bursary for high cash-flow volatility + low SES students,6.0,"low SES, high cash-flow volatility, economic instability, elevated dropout risk",15000,2.875
743,7,Academic Strugglers,2,0.478,1,1,school_fee_support,School Fee Support,Cover term fees / bursary for high cash-flow volatility + low SES students,6.0,"low SES, high cash-flow volatility, economic instability, elevated dropout risk",15000,2.868
132,20,Academic Strugglers,1,0.478,1,1,school_fee_support,School Fee Support,Cover term fees / bursary for high cash-flow volatility + low SES students,6.0,"low SES, high cash-flow volatility, economic instability, elevated dropout risk",15000,2.866
420,18,Academic Strugglers,2,0.478,1,1,school_fee_support,School Fee Support,Cover term fees / bursary for high cash-flow volatility + low SES students,6.0,"low SES, high cash-flow volatility, economic instability, elevated dropout risk",15000,2.866
191,2,Health-Constrained,2,0.477,0,1,school_fee_support,School Fee Support,Cover term fees / bursary for high cash-flow volatility + low SES students,6.0,"low SES, high cash-flow volatility, economic instability, elevated dropout risk",15000,2.864
829,9,Academic Strugglers,1,0.477,1,1,school_fee_support,School Fee Support,Cover term fees / bursary for high cash-flow volatility + low SES students,6.0,"low SES, high cash-flow volatility, economic instability, elevated dropout risk",15000,2.859
782,16,Academic Strugglers,2,0.475,1,1,school_fee_support,School Fee Support,Cover term fees / bursary for high cash-flow volatility + low SES students,6.0,"low SES, high cash-flow volatility, economic instability, elevated dropout risk",15000,2.85
88,15,Academic Strugglers,2,0.475,1,1,school_fee_support,School Fee Support,Cover term fees / bursary for high cash-flow volatility + low SES students,6.0,"low SES, high cash-flow volatility, economic instability, elevated dropout risk",15000,2.849
261,4,Academic Strugglers,1,0.475,1,1,school_fee_support,School Fee Support,Cover term fees / bursary for high cash-flow volatility + low SES students,6.0,"low SES, high cash-flow volatility, economic instability, elevated dropout risk",15000,2.847
852,5,Academic Strugglers,1,0.569,1,1,school_fee_support,School Fee Support,Cover term fees / bursary for high cash-flow volatility + low SES students,5.0,"low SES, elevated cash-flow volatility, economic instability, elevated dropout risk",15000,2.843
171,18,Academic Strugglers,1,0.474,1,1,school_fee_support,School Fee Support,Cover term fees / bursary for high cash-flow volatility + low SES students,6.0,"low SES, high cash-flow volatility, economic instability, elevated dropout risk",15000,2.841
957,18,Health-Constrained,1,0.472,1,1,school_fee_support,School Fee Support,Cover term fees / bursary for high cash-flow volatility + low SES students,6.0,"low SES, high cash-flow volatility, economic instability, elevated dropout risk",15000,2.833
947,14,Academic Strugglers,3,0.566,1,1,academic_tutoring,Academic Tutoring / Catch-up,Fund after-school tutoring or remedial classes,5.0,"5 failed subjects, steep GPA decline, Academic Strugglers persona",8000,2.829
381,11,Academic Strugglers,2,0.47,1,1,school_fee_support,School Fee Support,Cover term fees / bursary for high cash-flow volatility + low SES students,6.0,"low SES, high cash-flow volatility, economic instability, elevated dropout risk",15000,2.819
773,13,Academic Strugglers,1,0.563,0,1,school_fee_support,School Fee Support,Cover term fees / bursary for high cash-flow volatility + low SES students,5.0,"low SES, elevated cash-flow volatility, economic instability, elevated dropout risk",15000,2.814
392,10,Academic Strugglers,1,0.562,1,1,school_fee_support,School Fee Support,Cover term fees / bursary for high cash-flow volatility + low SES students,5.0,"low SES, elevated cash-flow volatility, economic instability, elevated dropout risk",15000,2.812
907,7,Academic Strugglers,2,0.469,1,1,school_fee_support,School Fee Support,Cover term fees / bursary for high cash-flow volatility + low SES students,6.0,"low SES, high cash-flow volatility, economic instability, elevated dropout risk",15000,2.812
545,11,Academic Strugglers,3,0.562,1,1,academic_tutoring,Academic Tutoring / Catch-up,Fund after-school tutoring or remedial classes,5.0,"4 failed subjects, steep GPA decline, Academic Strugglers persona",8000,2.811
840,12,Academic Strugglers,2,0.468,1,1,school_fee_support,School Fee Support,Cover term fees / bursary for high cash-flow volatility + low SES students,6.0,"low SES, high cash-flow volatility, economic instability, elevated dropout risk",15000,2.811
310,14,Academic Strugglers,1,0.562,1,1,school_fee_support,School Fee Support,Cover term fees / bursary for high cash-flow volatility + low SES students,5.0,"low SES, elevated cash-flow volatility, economic instability, elevated dropout risk",15000,2.81
730,19,Academic Strugglers,1,0.562,1,1,school_fee_support,School Fee Support,Cover term fees / bursary for high cash-flow volatility + low SES students,5.0,"low SES, elevated cash-flow volatility, economic instability, elevated dropout risk",15000,2.808
289,8,Academic Strugglers,2,0.468,0,1,school_fee_support,School Fee Support,Cover term fees / bursary for high cash-flow volatility + low SES students,6.0,"low SES, high cash-flow volatility, economic instability, elevated dropout risk",15000,2.806
464,5,Academic Strugglers,2,0.468,1,1,school_fee_support,School Fee Support,Cover term fees / bursary for high cash-flow volatility + low SES students,6.0,"low SES, high cash-flow volatility, economic instability, elevated dropout risk",15000,2.806
900,13,Academic Strugglers,2,0.467,1,1,school_fee_support,School Fee Support,Cover term fees / bursary for high cash-flow volatility + low SES students,6.0,"low SES, high cash-flow volatility, economic instability, elevated dropout risk",15000,2.803
729,8,Academic Strugglers,2,0.467,1,1,school_fee_support,School Fee Support,Cover term fees / bursary for high cash-flow volatility + low SES students,6.0,"low SES, high cash-flow volatility, economic instability, elevated dropout risk",15000,2.802
735,9,Academic Strugglers,1,0.467,1,1,school_fee_support,School Fee Support,Cover term fees / bursary for high cash-flow volatility + low SES students,6.0,"low SES, high cash-flow volatility, economic instability, elevated dropout risk",15000,2.802
535,5,Academic Strugglers,1,0.56,1,1,school_fee_support,School Fee Support,Cover term fees / bursary for high cash-flow volatility + low SES students,5.0,"low SES, elevated cash-flow volatility, economic instability, elevated dropout risk",15000,2.799
389,11,Academic Strugglers,1,0.466,1,1,school_fee_support,School Fee Support,Cover term fees / bursary for high cash-flow volatility + low SES students,6.0,"low SES, high cash-flow volatility, economic instability, elevated dropout risk",15000,2.795
433,8,Academic Strugglers,3,0.559,1,1,school_fee_support,School Fee Support,Cover term fees / bursary for high cash-flow volatility + low SES students,5.0,"mid-low SES, high cash-flow volatility, economic instability, elevated dropout risk",15000,2.795
673,17,Academic Strugglers,1,0.465,1,1,school_fee_support,School Fee Support,Cover term fees / bursary for high cash-flow volatility + low SES students,6.0,"low SES, high cash-flow volatility, economic instability, elevated dropout risk",15000,2.793
962,5,Academic Strugglers,1,0.559,1,1,school_fee_support,School Fee Support,Cover term fees / bursary for high cash-flow volatility + low SES students,5.0,"low SES, elevated cash-flow volatility, economic instability, elevated dropout risk",15000,2.793
754,18,Academic Strugglers,2,0.465,1,1,school_fee_support,School Fee Support,Cover term fees / bursary for high cash-flow volatility + low SES students,6.0,"low SES, high cash-flow volatility, economic instability, elevated dropout risk",15000,2.791
98,15,Academic Strugglers,1,0.465,1,1,school_fee_support,School Fee Support,Cover term fees / bursary for high cash-flow volatility + low SES students,6.0,"low SES, high cash-flow volatility, economic instability, elevated dropout risk",15000,2.788
398,6,Academic Strugglers,2,0.558,1,1,school_fee_support,School Fee Support,Cover term fees / bursary for high cash-flow volatility + low SES students,5.0,"low SES, elevated cash-flow volatility, economic instability, elevated dropout risk",15000,2.788
459,7,Academic Strugglers,1,0.463,1,1,school_fee_support,School Fee Support,Cover term fees / bursary for high cash-flow volatility + low SES students,6.0,"low SES, high cash-flow volatility, economic instability, elevated dropout risk",15000,2.778
580,16,Academic Strugglers,2,0.463,1,1,school_fee_support,School Fee Support,Cover term fees / bursary for high cash-flow volatility + low SES students,6.0,"low SES, high cash-flow volatility, economic instability, elevated dropout risk",15000,2.778
63,19,Academic Strugglers,1,0.555,1,1,school_fee_support,School Fee Support,Cover term fees / bursary for high cash-flow volatility + low SES students,5.0,"low SES, elevated cash-flow volatility, economic instability, elevated dropout risk",15000,2.775
237,9,Academic Strugglers,2,0.554,1,1,academic_tutoring,Academic Tutoring / Catch-up,Fund after-school tutoring or remedial classes,5.0,"3 failed subjects, steep GPA decline, Academic Strugglers persona",8000,2.769
806,8,Academic Strugglers,1,0.554,1,1,academic_tutoring,Academic Tutoring / Catch-up,Fund after-school tutoring or remedial classes,5.0,"4 failed subjects, steep GPA decline, Academic Strugglers persona",8000,2.768
229,10,Academic Strugglers,2,0.553,1,1,academic_tutoring,Academic Tutoring / Catch-up,Fund after-school tutoring or remedial classes,5.0,"3 failed subjects, steep GPA decline, Academic Strugglers persona",8000,2.766
437,10,Academic Strugglers,2,0.46,1,1,school_fee_support,School Fee Support,Cover term fees / bursary for high cash-flow volatility + low SES students,6.0,"low SES, high cash-flow volatility, economic instability, elevated dropout risk",15000,2.758
135,6,Academic Strugglers,1,0.55,1,1,school_fee_support,School Fee Support,Cover term fees / bursary for high cash-flow volatility + low SES students,5.0,"low SES, elevated cash-flow volatility, economic instability, elevated dropout risk",15000,2.75
733,12,Health-Constrained,1,0.549,1,1,school_fee_support,School Fee Support,Cover term fees / bursary for high cash-flow volatility + low SES students,5.0,"low SES, elevated cash-flow volatility, economic instability, elevated dropout risk",15000,2.744
49,10,Health-Constrained,1,0.457,0,1,school_fee_support,School Fee Support,Cover term fees / bursary for high cash-flow volatility + low SES students,6.0,"low SES, high cash-flow volatility, economic instability, elevated dropout risk",15000,2.743
102,13,Academic Strugglers,1,0.548,1,1,school_fee_support,School Fee Support,Cover term fees / bursary for high cash-flow volatility + low SES students,5.0,"low SES, elevated cash-flow volatility, economic instability, elevated dropout risk",15000,2.739
759,17,Academic Strugglers,2,0.548,1,1,school_fee_support,School Fee Support,Cover term fees / bursary for high cash-flow volatility + low SES students,5.0,"low SES, elevated cash-flow volatility, economic instability, elevated dropout risk",15000,2.738
3,1,Health-Constrained,2,0.547,1,1,health_support,Health & Attendance Support,"Fund school nurse visits, medical vouchers, attendance follow-up",5.0,"12 health absences, chronic health risk, Health-Constrained persona",5000,2.736
52,8,Academic Strugglers,2,0.456,1,1,school_fee_support,School Fee Support,Cover term fees / bursary for high cash-flow volatility + low SES students,6.0,"low SES, high cash-flow volatility, economic instability, elevated dropout risk",15000,2.735
409,10,Academic Strugglers,2,0.456,1,1,school_fee_support,School Fee Support,Cover term fees / bursary for high cash-flow volatility + low SES students,6.0,"low SES, high cash-flow volatility, economic instability, elevated dropout risk",15000,2.733
885,13,Health-Constrained,1,0.546,1,1,school_fee_support,School Fee Support,Cover term fees / bursary for high cash-flow volatility + low SES students,5.0,"low SES, elevated cash-flow volatility, economic instability, elevated dropout risk",15000,2.732
800,13,Health-Constrained,1,0.546,0,1,school_fee_support,School Fee Support,Cover term fees / bursary for high cash-flow volatility + low SES students,5.0,"low SES, elevated cash-flow volatility, economic instability, elevated dropout risk",15000,2.729
166,10,Academic Strugglers,3,0.545,1,1,academic_tutoring,Academic Tutoring / Catch-up,Fund after-school tutoring or remedial classes,5.0,"4 failed subjects, steep GPA decline, Academic Strugglers persona",8000,2.727
177,10,Academic Strugglers,2,0.454,0,1,school_fee_support,School Fee Support,Cover term fees / bursary for high cash-flow volatility + low SES students,6.0,"low SES, high cash-flow volatility, economic instability, elevated dropout risk",15000,2.725
895,16,Academic Strugglers,3,0.545,1,1,academic_tutoring,Academic Tutoring / Catch-up,Fund after-school tutoring or remedial classes,5.0,"5 failed subjects, steep GPA decline, Academic Strugglers persona",8000,2.725
944,14,Academic Strugglers,2,0.454,0,1,school_fee_support,School Fee Support,Cover term fees / bursary for high cash-flow volatility + low SES students,6.0,"low SES, high cash-flow volatility, economic instability, elevated dropout risk",15000,2.725
424,12,Academic Strugglers,1,0.454,1,1,school_fee_support,School Fee Support,Cover term fees / bursary for high cash-flow volatility + low SES students,6.0,"low SES, high cash-flow volatility, economic instability, elevated dropout risk",15000,2.724
566,3,Academic Strugglers,2,0.453,1,1,school_fee_support,School Fee Support,Cover term fees / bursary for high cash-flow volatility + low SES students,6.0,"low SES, high cash-flow volatility, economic instability, elevated dropout risk",15000,2.719
662,7,Academic Strugglers,1,0.544,1,1,school_fee_support,School Fee Support,Cover term fees / bursary for high cash-flow volatility + low SES students,5.0,"low SES, elevated cash-flow volatility, economic instability, elevated dropout risk",15000,2.719
897,20,Academic Strugglers,1,0.542,1,1,school_fee_support,School Fee Support,Cover term fees / bursary for high cash-flow volatility + low SES students,5.0,"low SES, elevated cash-flow volatility, economic instability, elevated dropout risk",15000,2.712
238,5,Health-Constrained,2,0.54,0,1,health_support,Health & Attendance Support,"Fund school nurse visits, medical vouchers, attendance follow-up",5.0,"12 health absences, chronic health risk, Health-Constrained persona",5000,2.699
1,18,Academic Strugglers,1,0.449,1,1,school_fee_support,School Fee Support,Cover term fees / bursary for high cash-flow volatility + low SES students,6.0,"low SES, high cash-flow volatility, economic instability, elevated dropout risk",15000,2.697
212,2,Health-Constrained,2,0.536,1,1,health_support,Health & Attendance Support,"Fund school nurse visits, medical vouchers, attendance follow-up",5.0,"14 health absences, chronic health risk, Health-Constrained persona",5000,2.679
683,9,Academic Strugglers,1,0.446,1,1,school_fee_support,School Fee Support,Cover term fees / bursary for high cash-flow volatility + low SES students,6.0,"low SES, high cash-flow volatility, economic instability, elevated dropout risk",15000,2.674
760,14,Health-Constrained,1,0.535,1,1,school_fee_support,School Fee Support,Cover term fees / bursary for high cash-flow volatility + low SES students,5.0,"low SES, elevated cash-flow volatility, economic instability, elevated dropout risk",15000,2.674
6,10,Academic Strugglers,1,0.535,0,1,school_fee_support,School Fee Support,Cover term fees / bursary for high cash-flow volatility + low SES students,5.0,"low SES, elevated cash-flow volatility, economic instability, elevated dropout risk",15000,2.673
810,2,Health-Constrained,2,0.534,1,1,health_support,Health & Attendance Support,"Fund school nurse visits, medical vouchers, attendance follow-up",5.0,"13 health absences, chronic health risk, Health-Constrained persona",5000,2.672
542,1,Academic Strugglers,1,0.444,1,1,school_fee_support,School Fee Support,Cover term fees / bursary for high cash-flow volatility + low SES students,6.0,"low SES, high cash-flow volatility, economic instability, elevated dropout risk",15000,2.664
680,19,Academic Strugglers,2,0.443,0,1,school_fee_support,School Fee Support,Cover term fees / bursary for high cash-flow volatility + low SES students,6.0,"low SES, high cash-flow volatility, economic instability, elevated dropout risk",15000,2.656
519,9,Academic Strugglers,3,0.53,1,1,academic_tutoring,Academic Tutoring / Catch-up,Fund after-school tutoring or remedial classes,5.0,"3 failed subjects, steep GPA decline, Academic Strugglers persona",8000,2.652
167,2,Academic Strugglers,2,0.53,1,1,academic_tutoring,Academic Tutoring / Catch-up,Fund after-school tutoring or remedial classes,5.0,"4 failed subjects, steep GPA decline, Academic Strugglers persona",8000,2.649
362,15,Academic Strugglers,2,0.441,1,1,school_fee_support,School Fee Support,Cover term fees / bursary for high cash-flow volatility + low SES students,6.0,"low SES, high cash-flow volatility, economic instability, elevated dropout risk",15000,2.646
622,4,Academic Strugglers,2,0.441,1,1,school_fee_support,School Fee Support,Cover term fees / bursary for high cash-flow volatility + low SES students,6.0,"low SES, high cash-flow volatility, economic instability, elevated dropout risk",15000,2.645
573,17,Health-Constrained,1,0.528,1,1,school_fee_support,School Fee Support,Cover term fees / bursary for high cash-flow volatility + low SES students,5.0,"low SES, elevated cash-flow volatility, economic instability, elevated dropout risk",15000,2.642
92,10,Academic Strugglers,2,0.44,1,1,school_fee_support,School Fee Support,Cover term fees / bursary for high cash-flow volatility + low SES students,6.0,"low SES, high cash-flow volatility, economic instability, elevated dropout risk",15000,2.641
581,7,Academic Strugglers,2,0.527,1,1,academic_tutoring,Academic Tutoring / Catch-up,Fund after-school tutoring or remedial classes,5.0,"3 failed subjects, steep GPA decline, Academic Strugglers persona",8000,2.637
553,3,Health-Constrained,3,0.526,1,1,health_support,Health & Attendance Support,"Fund school nurse visits, medical vouchers, attendance follow-up",5.0,"18 health absences, chronic health risk, Health-Constrained persona",5000,2.629
384,11,Academic Strugglers,2,0.438,0,1,school_fee_support,School Fee Support,Cover term fees / bursary for high cash-flow volatility + low SES students,6.0,"low SES, high cash-flow volatility, economic instability, elevated dropout risk",15000,2.627
493,3,Health-Constrained,3,0.525,1,1,health_support,Health & Attendance Support,"Fund school nurse visits, medical vouchers, attendance follow-up",5.0,"13 health absences, chronic health risk, Health-Constrained persona",5000,2.623
233,9,Academic Strugglers,1,0.523,1,1,school_fee_support,School Fee Support,Cover term fees / bursary for high cash-flow volatility + low SES students,5.0,"low SES, elevated cash-flow volatility, economic instability, elevated dropout risk",15000,2.614
514,8,Academic Strugglers,2,0.436,1,1,school_fee_support,School Fee Support,Cover term fees / bursary for high cash-flow volatility + low SES students,6.0,"low SES, high cash-flow volatility, economic instability, elevated dropout risk",15000,2.614
830,8,Academic Strugglers,1,0.521,0,1,school_fee_support,School Fee Support,Cover term fees / bursary for high cash-flow volatility + low SES students,5.0,"low SES, elevated cash-flow volatility, economic instability, elevated dropout risk",15000,2.607
606,1,Academic Strugglers,3,0.52,1,1,academic_tutoring,Academic Tutoring / Catch-up,Fund after-school tutoring or remedial classes,5.0,"4 failed subjects, steep GPA decline, Academic Strugglers persona",8000,2.601
172,13,Health-Constrained,3,0.518,1,1,health_support,Health & Attendance Support,"Fund school nurse visits, medical vouchers, attendance follow-up",5.0,"13 health absences, chronic health risk, Health-Constrained persona",5000,2.591
755,5,Health-Constrained,1,0.518,0,1,school_fee_support,School Fee Support,Cover term fees / bursary for high cash-flow volatility + low SES students,5.0,"low SES, elevated cash-flow volatility, economic instability, elevated dropout risk",15000,2.589
973,20,Health-Constrained,2,0.518,1,1,health_support,Health & Attendance Support,"Fund school nurse visits, medical vouchers, attendance follow-up",5.0,"13 health absences, chronic health risk, Health-Constrained persona",5000,2.588
841,10,Health-Constrained,1,0.516,1,1,school_fee_support,School Fee Support,Cover term fees / bursary for high cash-flow volatility + low SES students,5.0,"low SES, elevated cash-flow volatility, economic instability, elevated dropout risk",15000,2.581
547,16,Academic Strugglers,3,0.516,0,1,school_fee_support,School Fee Support,Cover term fees / bursary for high cash-flow volatility + low SES students,5.0,"mid-low SES, high cash-flow volatility, economic instability, elevated dropout risk",15000,2.578
174,10,Health-Constrained,1,0.515,1,1,school_fee_support,School Fee Support,Cover term fees / bursary for high cash-flow volatility + low SES students,5.0,"low SES, elevated cash-flow volatility, economic instability, elevated dropout risk",15000,2.577
65,20,Academic Strugglers,1,0.513,0,1,school_fee_support,School Fee Support,Cover term fees / bursary for high cash-flow volatility + low SES students,5.0,"low SES, elevated cash-flow volatility, economic instability, elevated dropout risk",15000,2.563
168,2,Health-Constrained,1,0.511,1,1,school_fee_support,School Fee Support,Cover term fees / bursary for high cash-flow volatility + low SES students,5.0,"low SES, elevated cash-flow volatility, economic instability, elevated dropout risk",15000,2.554
385,1,Academic Strugglers,1,0.511,1,1,school_fee_support,School Fee Support,Cover term fees / bursary for high cash-flow volatility + low SES students,5.0,"low SES, elevated cash-flow volatility, economic instability, elevated dropout risk",15000,2.554
847,6,Academic Strugglers,3,0.51,1,1,academic_tutoring,Academic Tutoring / Catch-up,Fund after-school tutoring or remedial classes,5.0,"3 failed subjects, steep GPA decline, Academic Strugglers persona",8000,2.552
120,16,Academic Strugglers,3,0.51,0,1,academic_tutoring,Academic Tutoring / Catch-up,Fund after-school tutoring or remedial classes,5.0,"4 failed subjects, steep GPA decline, Academic Strugglers persona",8000,2.551
608,11,Academic Strugglers,2,0.509,1,1,academic_tutoring,Academic Tutoring / Catch-up,Fund after-school tutoring or remedial classes,5.0,"4 failed subjects, steep GPA decline, Academic Strugglers persona",8000,2.543
750,20,Academic Strugglers,4,0.509,1,1,academic_tutoring,Academic Tutoring / Catch-up,Fund after-school tutoring or remedial classes,5.0,"5 failed subjects, steep GPA decline, Academic Strugglers persona",8000,2.543
887,2,Academic Strugglers,1,0.506,1,1,school_fee_support,School Fee Support,Cover term fees / bursary for high cash-flow volatility + low SES students,5.0,"low SES, elevated cash-flow volatility, economic instability, elevated dropout risk",15000,2.528
559,19,Academic Strugglers,3,0.505,0,1,academic_tutoring,Academic Tutoring / Catch-up,Fund after-school tutoring or remedial classes,5.0,"5 failed subjects, steep GPA decline, Academic Strugglers persona",8000,2.526
931,18,Academic Strugglers,2,0.504,1,1,school_fee_support,School Fee Support,Cover term fees / bursary for high cash-flow volatility + low SES students,5.0,"low SES, elevated cash-flow volatility, economic instability, elevated dropout risk",15000,2.519
787,19,Academic Strugglers,3,0.502,1,1,school_fee_support,School Fee Support,Cover term fees / bursary for high cash-flow volatility + low SES students,5.0,"mid-low SES, high cash-flow volatility, economic instability, elevated dropout risk",15000,2.509
912,3,Academic Strugglers,4,0.501,1,1,academic_tutoring,Academic Tutoring / Catch-up,Fund after-school tutoring or remedial classes,5.0,"5 failed subjects, steep GPA decline, Academic Strugglers persona",8000,2.505
268,18,Academic Strugglers,1,0.501,0,1,school_fee_support,School Fee Support,Cover term fees / bursary for high cash-flow volatility + low SES students,5.0,"low SES, elevated cash-flow volatility, economic instability, elevated dropout risk",15000,2.504
872,3,Health-Constrained,2,0.499,1,1,health_support,Health & Attendance Support,"Fund school nurse visits, medical vouchers, attendance follow-up",5.0,"13 health absences, chronic health risk, Health-Constrained persona",5000,2.493
58,9,Academic Strugglers,1,0.497,1,1,school_fee_support,School Fee Support,Cover term fees / bursary for high cash-flow volatility + low SES students,5.0,"low SES, elevated cash-flow volatility, economic instability, elevated dropout risk",15000,2.483
447,19,Academic Strugglers,1,0.496,1,1,school_fee_support,School Fee Support,Cover term fees / bursary for high cash-flow volatility + low SES students,5.0,"low SES, elevated cash-flow volatility, economic instability, elevated dropout risk",15000,2.482
159,1,Academic Strugglers,2,0.496,1,1,academic_tutoring,Academic Tutoring / Catch-up,Fund after-school tutoring or remedial classes,5.0,"3 failed subjects, steep GPA decline, Academic Strugglers persona",8000,2.481
353,18,Academic Strugglers,3,0.495,1,1,academic_tutoring,Academic Tutoring / Catch-up,Fund after-school tutoring or remedial classes,5.0,"4 failed subjects, steep GPA decline, Academic Strugglers persona",8000,2.476
659,8,Health-Constrained,2,0.494,1,1,school_fee_support,School Fee Support,Cover term fees / bursary for high cash-flow volatility + low SES students,5.0,"low SES, elevated cash-flow volatility, economic instability, elevated dropout risk",15000,2.468
849,18,Health-Constrained,2,0.493,0,1,health_support,Health & Attendance Support,"Fund school nurse visits, medical vouchers, attendance follow-up",5.0,"12 health absences, chronic health risk, Health-Constrained persona",5000,2.467
587,5,Health-Constrained,3,0.492,0,1,health_support,Health & Attendance Support,"Fund school nurse visits, medical vouchers, attendance follow-up",5.0,"16 health absences, chronic health risk, Health-Constrained persona",5000,2.461
271,10,Health-Constrained,2,0.613,0,1,academic_tutoring,Academic Tutoring / Catch-up,Fund after-school tutoring or remedial classes,4.0,"5 failed subjects, steep GPA decline",8000,2.45
78,19,Academic Strugglers,1,0.489,1,1,school_fee_support,School Fee Support,Cover term fees / bursary for high cash-flow volatility + low SES students,5.0,"low SES, elevated cash-flow volatility, economic instability, elevated dropout risk",15000,2.447
903,6,Academic Strugglers,1,0.488,1,1,school_fee_support,School Fee Support,Cover term fees / bursary for high cash-flow volatility + low SES students,5.0,"low SES, elevated cash-flow volatility, economic instability, elevated dropout risk",15000,2.441
747,8,Academic Strugglers,3,0.485,1,1,academic_tutoring,Academic Tutoring / Catch-up,Fund after-school tutoring or remedial classes,5.0,"4 failed subjects, steep GPA decline, Academic Strugglers persona",8000,2.423
163,3,Academic Strugglers,3,0.483,1,1,academic_tutoring,Academic Tutoring / Catch-up,Fund after-school tutoring or remedial classes,5.0,"3 failed subjects, steep GPA decline, Academic Strugglers persona",8000,2.416
28,16,Academic Strugglers,3,0.483,1,1,school_fee_support,School Fee Support,Cover term fees / bursary for high cash-flow volatility + low SES students,5.0,"mid-low SES, high cash-flow volatility, economic instability, elevated dropout risk",15000,2.414
39,3,Academic Strugglers,3,0.482,1,1,school_fee_support,School Fee Support,Cover term fees / bursary for high cash-flow volatility + low SES students,5.0,"mid-low SES, high cash-flow volatility, economic instability, elevated dropout risk",15000,2.412
784,8,Academic Strugglers,2,0.482,1,1,academic_tutoring,Academic Tutoring / Catch-up,Fund after-school tutoring or remedial classes,5.0,"3 failed subjects, steep GPA decline, Academic Strugglers persona",8000,2.411
411,14,Health-Constrained,2,0.481,0,1,health_support,Health & Attendance Support,"Fund school nurse visits, medical vouchers, attendance follow-up",5.0,"15 health absences, chronic health risk, Health-Constrained persona",5000,2.406
687,3,Health-Constrained,3,0.48,1,1,health_support,Health & Attendance Support,"Fund school nurse visits, medical vouchers, attendance follow-up",5.0,"25 health absences, chronic health risk, Health-Constrained persona",5000,2.4
218,13,Academic Strugglers,3,0.477,1,1,school_fee_support,School Fee Support,Cover term fees / bursary for high cash-flow volatility + low SES students,5.0,"mid-low SES, high cash-flow volatility, economic instability, elevated dropout risk",15000,2.386
136,8,Health-Constrained,2,0.593,1,1,school_fee_support,School Fee Support,Cover term fees / bursary for high cash-flow volatility + low SES students,4.0,"low SES, elevated cash-flow volatility, elevated dropout risk",15000,2.373
731,12,Health-Constrained,3,0.471,1,1,health_support,Health & Attendance Support,"Fund school nurse visits, medical vouchers, attendance follow-up",5.0,"23 health absences, chronic health risk, Health-Constrained persona",5000,2.353
199,16,Academic Strugglers,1,0.469,1,1,school_fee_support,School Fee Support,Cover term fees / bursary for high cash-flow volatility + low SES students,5.0,"low SES, elevated cash-flow volatility, economic instability, elevated dropout risk",15000,2.345
552,12,Health-Constrained,3,0.586,0,1,school_fee_support,School Fee Support,Cover term fees / bursary for high cash-flow volatility + low SES students,4.0,"mid-low SES, high cash-flow volatility, elevated dropout risk",15000,2.343
522,20,Health-Constrained,2,0.468,1,1,health_support,Health & Attendance Support,"Fund school nurse visits, medical vouchers, attendance follow-up",5.0,"12 health absences, chronic health risk, Health-Constrained persona",5000,2.34
722,14,Academic Strugglers,1,0.465,1,1,school_fee_support,School Fee Support,Cover term fees / bursary for high cash-flow volatility + low SES students,5.0,"low SES, elevated cash-flow volatility, economic instability, elevated dropout risk",15000,2.327
368,20,Academic Strugglers,2,0.464,1,1,school_fee_support,School Fee Support,Cover term fees / bursary for high cash-flow volatility + low SES students,5.0,"low SES, elevated cash-flow volatility, economic instability, elevated dropout risk",15000,2.322
217,8,Health-Constrained,4,0.463,1,1,health_support,Health & Attendance Support,"Fund school nurse visits, medical vouchers, attendance follow-up",5.0,"21 health absences, chronic health risk, Health-Constrained persona",5000,2.314
17,18,Academic Strugglers,2,0.461,1,1,academic_tutoring,Academic Tutoring / Catch-up,Fund after-school tutoring or remedial classes,5.0,"3 failed subjects, steep GPA decline, Academic Strugglers persona",8000,2.304
214,13,Academic Strugglers,1,0.461,1,1,school_fee_support,School Fee Support,Cover term fees / bursary for high cash-flow volatility + low SES students,5.0,"low SES, elevated cash-flow volatility, economic instability, elevated dropout risk",15000,2.303
116,9,Academic Strugglers,3,0.46,1,1,academic_tutoring,Academic Tutoring / Catch-up,Fund after-school tutoring or remedial classes,5.0,"3 failed subjects, steep GPA decline, Academic Strugglers persona",8000,2.298
57,7,Academic Strugglers,1,0.459,1,1,school_fee_support,School Fee Support,Cover term fees / bursary for high cash-flow volatility + low SES students,5.0,"low SES, elevated cash-flow volatility, economic instability, elevated dropout risk",15000,2.296
215,12,Health-Constrained,3,0.459,1,1,health_support,Health & Attendance Support,"Fund school nurse visits, medical vouchers, attendance follow-up",5.0,"12 health absences, chronic health risk, Health-Constrained persona",5000,2.296
923,10,Academic Strugglers,2,0.574,0,1,school_fee_support,School Fee Support,Cover term fees / bursary for high cash-flow volatility + low SES students,4.0,"low SES, elevated cash-flow volatility, elevated dropout risk",15000,2.294
527,9,Academic Strugglers,1,0.458,1,1,school_fee_support,School Fee Support,Cover term fees / bursary for high cash-flow volatility + low SES students,5.0,"low SES, elevated cash-flow volatility, economic instability, elevated dropout risk",15000,2.292
204,3,Academic Strugglers,1,0.458,1,1,school_fee_support,School Fee Support,Cover term fees / bursary for high cash-flow volatility + low SES students,5.0,"low SES, elevated cash-flow volatility, economic instability, elevated dropout risk",15000,2.289
671,17,Academic Strugglers,1,0.456,1,1,school_fee_support,School Fee Support,Cover term fees / bursary for high cash-flow volatility + low SES students,5.0,"low SES, elevated cash-flow volatility, economic instability, elevated dropout risk",15000,2.281
589,3,Health-Constrained,1,0.456,0,1,school_fee_support,School Fee Support,Cover term fees / bursary for high cash-flow volatility + low SES students,5.0,"low SES, elevated cash-flow volatility, economic instability, elevated dropout risk",15000,2.278
279,14,Academic Strugglers,3,0.453,1,1,academic_tutoring,Academic Tutoring / Catch-up,Fund after-school tutoring or remedial classes,5.0,"3 failed subjects, steep GPA decline, Academic Strugglers persona",8000,2.267
995,5,Academic Strugglers,2,0.453,0,1,academic_tutoring,Academic Tutoring / Catch-up,Fund after-school tutoring or remedial classes,5.0,"3 failed subjects, steep GPA decline, Academic Strugglers persona",8000,2.266
748,10,Health-Constrained,3,0.452,1,1,health_support,Health & Attendance Support,"Fund school nurse visits, medical vouchers, attendance follow-up",5.0,"16 health absences, chronic health risk, Health-Constrained persona",5000,2.261
808,1,Academic Strugglers,1,0.452,1,1,school_fee_support,School Fee Support,Cover term fees / bursary for high cash-flow volatility + low SES students,5.0,"low SES, elevated cash-flow volatility, economic instability, elevated dropout risk",15000,2.261
95,13,Health-Constrained,4,0.45,1,1,health_support,Health & Attendance Support,"Fund school nurse visits, medical vouchers, attendance follow-up",5.0,"16 health absences, chronic health risk, Health-Constrained persona",5000,2.251
366,18,Health-Constrained,4,0.447,1,1,health_support,Health & Attendance Support,"Fund school nurse visits, medical vouchers, attendance follow-up",5.0,"14 health absences, chronic health risk, Health-Constrained persona",5000,2.234
650,11,Health-Constrained,2,0.447,1,1,health_support,Health & Attendance Support,"Fund school nurse visits, medical vouchers, attendance follow-up",5.0,"18 health absences, chronic health risk, Health-Constrained persona",5000,2.233
153,6,Academic Strugglers,3,0.445,1,1,school_fee_support,School Fee Support,Cover term fees / bursary for high cash-flow volatility + low SES students,5.0,"mid-low SES, high cash-flow volatility, economic instability, elevated dropout risk",15000,2.224
64,18,Health-Constrained,3,0.443,1,1,health_support,Health & Attendance Support,"Fund school nurse visits, medical vouchers, attendance follow-up",5.0,"17 health absences, chronic health risk, Health-Constrained persona",5000,2.214
780,4,Academic Strugglers,4,0.442,1,1,academic_tutoring,Academic Tutoring / Catch-up,Fund after-school tutoring or remedial classes,5.0,"3 failed subjects, steep GPA decline, Academic Strugglers persona",8000,2.208
209,3,Academic Strugglers,3,0.439,1,1,academic_tutoring,Academic Tutoring / Catch-up,Fund after-school tutoring or remedial classes,5.0,"4 failed subjects, steep GPA decline, Academic Strugglers persona",8000,2.193
977,13,Academic Strugglers,2,0.509,1,1,academic_tutoring,Academic Tutoring / Catch-up,Fund after-school tutoring or remedial classes,4.3,"3 failed subjects, declining GPA, Academic Strugglers persona",8000,2.187
886,17,Health-Constrained,4,0.436,1,1,health_support,Health & Attendance Support,"Fund school nurse visits, medical vouchers, attendance follow-up",5.0,"16 health absences, chronic health risk, Health-Constrained persona",5000,2.178
322,12,Health-Constrained,2,0.541,1,1,academic_tutoring,Academic Tutoring / Catch-up,Fund after-school tutoring or remedial classes,4.0,"4 failed subjects, steep GPA decline",8000,2.164
24,19,Health-Constrained,3,0.54,1,1,academic_tutoring,Academic Tutoring / Catch-up,Fund after-school tutoring or remedial classes,4.0,"4 failed subjects, steep GPA decline",8000,2.161
853,12,Academic Strugglers,2,0.539,1,1,transport_support,Transport / Boarding Support,Subsidize commute costs or boarding for long-distance students,4.0,commute 20.0 km,6000,2.156
454,12,Health-Constrained,3,0.427,0,1,health_support,Health & Attendance Support,"Fund school nurse visits, medical vouchers, attendance follow-up",5.0,"13 health absences, chronic health risk, Health-Constrained persona",5000,2.137
83,9,Health-Constrained,3,0.424,0,1,health_support,Health & Attendance Support,"Fund school nurse visits, medical vouchers, attendance follow-up",5.0,"17 health absences, chronic health risk, Health-Constrained persona",5000,2.119
548,15,Health-Constrained,3,0.527,1,1,academic_tutoring,Academic Tutoring / Catch-up,Fund after-school tutoring or remedial classes,4.0,"4 failed subjects, steep GPA decline",8000,2.107
623,18,Health-Constrained,4,0.421,0,1,health_support,Health & Attendance Support,"Fund school nurse visits, medical vouchers, attendance follow-up",5.0,"14 health absences, chronic health risk, Health-Constrained persona",5000,2.104
426,6,Academic Strugglers,2,0.489,1,1,academic_tutoring,Academic Tutoring / Catch-up,Fund after-school tutoring or remedial classes,4.3,"3 failed subjects, declining GPA, Academic Strugglers persona",8000,2.103
479,8,Academic Strugglers,3,0.42,0,1,academic_tutoring,Academic Tutoring / Catch-up,Fund after-school tutoring or remedial classes,5.0,"3 failed subjects, steep GPA decline, Academic Strugglers persona",8000,2.102
494,10,Health-Constrained,2,0.42,0,1,health_support,Health & Attendance Support,"Fund school nurse visits, medical vouchers, attendance follow-up",5.0,"19 health absences, chronic health risk, Health-Constrained persona",5000,2.099
87,3,Academic Strugglers,3,0.485,0,1,academic_tutoring,Academic Tutoring / Catch-up,Fund after-school tutoring or remedial classes,4.3,"3 failed subjects, declining GPA, Academic Strugglers persona",8000,2.085
127,7,Academic Strugglers,1,0.565,1,1,transport_support,Transport / Boarding Support,Subsidize commute costs or boarding for long-distance students,3.57,commute 15.7 km,6000,2.019
498,3,Health-Constrained,2,0.503,1,1,academic_tutoring,Academic Tutoring / Catch-up,Fund after-school tutoring or remedial classes,4.0,"3 failed subjects, steep GPA decline",8000,2.013
518,20,Academic Strugglers,3,0.502,0,1,school_fee_support,School Fee Support,Cover term fees / bursary for high cash-flow volatility + low SES students,4.0,"mid-low SES, high cash-flow volatility, elevated dropout risk",15000,2.009
821,18,Academic Strugglers,3,0.465,1,1,academic_tutoring,Academic Tutoring / Catch-up,Fund after-school tutoring or remedial classes,4.3,"3 failed subjects, declining GPA, Academic Strugglers persona",8000,1.999
117,16,Academic Strugglers,2,0.498,1,1,school_fee_support,School Fee Support,Cover term fees / bursary for high cash-flow volatility + low SES students,4.0,"low SES, elevated cash-flow volatility, elevated dropout risk",15000,1.992
253,10,Academic Strugglers,2,0.498,1,1,school_fee_support,School Fee Support,Cover term fees / bursary for high cash-flow volatility + low SES students,4.0,"low SES, elevated cash-flow volatility, elevated dropout risk",15000,1.992
601,19,Academic Strugglers,2,0.463,1,1,academic_tutoring,Academic Tutoring / Catch-up,Fund after-school tutoring or remedial classes,4.3,"3 failed subjects, declining GPA, Academic Strugglers persona",8000,1.992
883,12,Academic Strugglers,3,0.46,1,1,academic_tutoring,Academic Tutoring / Catch-up,Fund after-school tutoring or remedial classes,4.3,"3 failed subjects, declining GPA, Academic Strugglers persona",8000,1.977
958,6,Academic Strugglers,2,0.488,0,1,school_fee_support,School Fee Support,Cover term fees / bursary for high cash-flow volatility + low SES students,4.0,"low SES, elevated cash-flow volatility, elevated dropout risk",15000,1.952
846,13,Academic Strugglers,2,0.484,1,1,school_fee_support,School Fee Support,Cover term fees / bursary for high cash-flow volatility + low SES students,4.0,"low SES, elevated cash-flow volatility, elevated dropout risk",15000,1.934
198,5,Academic Strugglers,3,0.482,1,1,school_fee_support,School Fee Support,Cover term fees / bursary for high cash-flow volatility + low SES students,4.0,"mid-low SES, high cash-flow volatility, elevated dropout risk",15000,1.926
961,2,Health-Constrained,3,0.385,0,1,health_support,Health & Attendance Support,"Fund school nurse visits, medical vouchers, attendance follow-up",5.0,"14 health absences, chronic health risk, Health-Constrained persona",5000,1.926
765,20,Health-Constrained,2,0.477,1,1,health_support,Health & Attendance Support,"Fund school nurse visits, medical vouchers, attendance follow-up",4.0,"elevated health absences, chronic health risk, Health-Constrained persona",5000,1.91
328,16,Academic Strugglers,2,0.476,0,1,school_fee_support,School Fee Support,Cover term fees / bursary for high cash-flow volatility + low SES students,4.0,"low SES, elevated cash-flow volatility, elevated dropout risk",15000,1.906
321,18,Health-Constrained,3,0.476,1,1,health_support,Health & Attendance Support,"Fund school nurse visits, medical vouchers, attendance follow-up",4.0,"elevated health absences, chronic health risk, Health-Constrained persona",5000,1.904
307,6,Academic Strugglers,2,0.441,1,1,academic_tutoring,Academic Tutoring / Catch-up,Fund after-school tutoring or remedial classes,4.3,"3 failed subjects, declining GPA, Academic Strugglers persona",8000,1.896
817,13,Health-Constrained,3,0.472,1,1,academic_tutoring,Academic Tutoring / Catch-up,Fund after-school tutoring or remedial classes,4.0,"5 failed subjects, steep GPA decline",8000,1.888
637,11,Academic Strugglers,3,0.471,1,1,school_fee_support,School Fee Support,Cover term fees / bursary for high cash-flow volatility + low SES students,4.0,"mid-low SES, high cash-flow volatility, elevated dropout risk",15000,1.886
813,5,Academic Strugglers,3,0.437,1,1,academic_tutoring,Academic Tutoring / Catch-up,Fund after-school tutoring or remedial classes,4.3,"4 failed subjects, declining GPA, Academic Strugglers persona",8000,1.879
223,13,Stable Achievers,4,0.468,1,1,academic_tutoring,Academic Tutoring / Catch-up,Fund after-school tutoring or remedial classes,4.0,"5 failed subjects, steep GPA decline",8000,1.871
793,3,Stable Achievers,3,0.464,1,1,academic_tutoring,Academic Tutoring / Catch-up,Fund after-school tutoring or remedial classes,4.0,"3 failed subjects, steep GPA decline",8000,1.857
888,10,Academic Strugglers,2,0.462,1,1,school_fee_support,School Fee Support,Cover term fees / bursary for high cash-flow volatility + low SES students,4.0,"low SES, elevated cash-flow volatility, elevated dropout risk",15000,1.847
495,7,Academic Strugglers,2,0.459,1,1,school_fee_support,School Fee Support,Cover term fees / bursary for high cash-flow volatility + low SES students,4.0,"low SES, elevated cash-flow volatility, elevated dropout risk",15000,1.837
776,19,Academic Strugglers,3,0.458,1,1,school_fee_support,School Fee Support,Cover term fees / bursary for high cash-flow volatility + low SES students,4.0,"mid-low SES, high cash-flow volatility, elevated dropout risk",15000,1.833
260,12,Academic Strugglers,2,0.458,1,1,school_fee_support,School Fee Support,Cover term fees / bursary for high cash-flow volatility + low SES students,4.0,"low SES, elevated cash-flow volatility, elevated dropout risk",15000,1.831
904,2,Academic Strugglers,4,0.468,1,1,transport_support,Transport / Boarding Support,Subsidize commute costs or boarding for long-distance students,3.89,commute 18.9 km,6000,1.819
940,8,Health-Constrained,2,0.453,1,1,transport_support,Transport / Boarding Support,Subsidize commute costs or boarding for long-distance students,4.0,commute 20.0 km,6000,1.811
81,9,Academic Strugglers,3,0.449,1,1,school_fee_support,School Fee Support,Cover term fees / bursary for high cash-flow volatility + low SES students,4.0,"mid-low SES, high cash-flow volatility, elevated dropout risk",15000,1.796
997,8,Academic Strugglers,2,0.449,1,1,school_fee_support,School Fee Support,Cover term fees / bursary for high cash-flow volatility + low SES students,4.0,"low SES, elevated cash-flow volatility, elevated dropout risk",15000,1.796
350,19,Academic Strugglers,3,0.448,1,1,school_fee_support,School Fee Support,Cover term fees / bursary for high cash-flow volatility + low SES students,4.0,"mid-low SES, high cash-flow volatility, elevated dropout risk",15000,1.794
616,8,Academic Strugglers,2,0.444,1,1,academic_tutoring,Academic Tutoring / Catch-up,Fund after-school tutoring or remedial classes,4.0,"multiple failed subjects, steep GPA decline, Academic Strugglers persona",8000,1.776
956,18,Stable Achievers,4,0.443,1,1,academic_tutoring,Academic Tutoring / Catch-up,Fund after-school tutoring or remedial classes,4.0,"3 failed subjects, steep GPA decline",8000,1.773
805,12,Academic Strugglers,2,0.443,1,1,school_fee_support,School Fee Support,Cover term fees / bursary for high cash-flow volatility + low SES students,4.0,"low SES, elevated cash-flow volatility, elevated dropout risk",15000,1.771
423,6,Academic Strugglers,1,0.512,0,1,transport_support,Transport / Boarding Support,Subsidize commute costs or boarding for long-distance students,3.44,commute 14.4 km,6000,1.761
689,5,Health-Constrained,2,0.44,1,1,health_support,Health & Attendance Support,"Fund school nurse visits, medical vouchers, attendance follow-up",4.0,"elevated health absences, chronic health risk, Health-Constrained persona",5000,1.759
634,8,Academic Strugglers,2,0.436,1,1,school_fee_support,School Fee Support,Cover term fees / bursary for high cash-flow volatility + low SES students,4.0,"low SES, elevated cash-flow volatility, elevated dropout risk",15000,1.745
599,12,Stable Achievers,3,0.436,1,1,academic_tutoring,Academic Tutoring / Catch-up,Fund after-school tutoring or remedial classes,4.0,"3 failed subjects, steep GPA decline",8000,1.744
326,5,Academic Strugglers,3,0.398,0,1,academic_tutoring,Academic Tutoring / Catch-up,Fund after-school tutoring or remedial classes,4.3,"4 failed subjects, declining GPA, Academic Strugglers persona",8000,1.713
446,13,Stable Achievers,3,0.472,1,1,transport_support,Transport / Boarding Support,Subsidize commute costs or boarding for long-distance students,3.63,commute 16.3 km,6000,1.713
458,12,Stable Achievers,3,0.483,0,1,transport_support,Transport / Boarding Support,Subsidize commute costs or boarding for long-distance students,3.54,commute 15.4 km,6000,1.712
844,10,Health-Constrained,3,0.41,0,1,school_fee_support,School Fee Support,Cover term fees / bursary for high cash-flow volatility + low SES students,4.0,"mid-low SES, high cash-flow volatility, elevated dropout risk",15000,1.641
13,15,Health-Constrained,4,0.322,0,1,health_support,Health & Attendance Support,"Fund school nurse visits, medical vouchers, attendance follow-up",5.0,"20 health absences, chronic health risk, Health-Constrained persona",5000,1.612
695,12,Academic Strugglers,2,0.483,1,1,academic_tutoring,Academic Tutoring / Catch-up,Fund after-school tutoring or remedial classes,3.3,"multiple failed subjects, declining GPA, Academic Strugglers persona",8000,1.595
232,1,Academic Strugglers,2,0.467,1,1,transport_support,Transport / Boarding Support,Subsidize commute costs or boarding for long-distance students,3.34,commute 13.4 km,6000,1.558
833,19,Stable Achievers,4,0.444,1,1,transport_support,Transport / Boarding Support,Subsidize commute costs or boarding for long-distance students,3.48,commute 14.8 km,6000,1.545
53,4,Academic Strugglers,2,0.457,1,1,academic_tutoring,Academic Tutoring / Catch-up,Fund after-school tutoring or remedial classes,3.3,"multiple failed subjects, declining GPA, Academic Strugglers persona",8000,1.509
746,17,Academic Strugglers,2,0.457,1,1,academic_tutoring,Academic Tutoring / Catch-up,Fund after-school tutoring or remedial classes,3.3,"multiple failed subjects, declining GPA, Academic Strugglers persona",8000,1.508
144,9,Academic Strugglers,1,0.49,1,1,transport_support,Transport / Boarding Support,Subsidize commute costs or boarding for long-distance students,3.05,commute 10.5 km,6000,1.494
592,10,Academic Strugglers,3,0.444,1,1,academic_tutoring,Academic Tutoring / Catch-up,Fund after-school tutoring or remedial classes,3.3,"multiple failed subjects, declining GPA, Academic Strugglers persona",8000,1.464
20,6,Academic Strugglers,2,0.365,0,1,school_fee_support,School Fee Support,Cover term fees / bursary for high cash-flow volatility + low SES students,4.0,"low SES, elevated cash-flow volatility, elevated dropout risk",15000,1.462
418,18,Academic Strugglers,1,0.486,0,1,school_fee_support,School Fee Support,Cover term fees / bursary for high cash-flow volatility + low SES students,3.0,"low SES, elevated dropout risk",15000,1.459
716,10,Academic Strugglers,1,0.475,1,1,school_fee_support,School Fee Support,Cover term fees / bursary for high cash-flow volatility + low SES students,3.0,"low SES, elevated dropout risk",15000,1.426
37,4,Academic Strugglers,1,0.475,1,1,school_fee_support,School Fee Support,Cover term fees / bursary for high cash-flow volatility + low SES students,3.0,"low SES, elevated dropout risk",15000,1.424
919,18,Academic Strugglers,3,0.414,0,1,academic_tutoring,Academic Tutoring / Catch-up,Fund after-school tutoring or remedial classes,3.3,"multiple failed subjects, declining GPA, Academic Strugglers persona",8000,1.366
443,13,Academic Strugglers,1,0.446,0,1,school_fee_support,School Fee Support,Cover term fees / bursary for high cash-flow volatility + low SES students,3.0,"low SES, elevated dropout risk",15000,1.339
639,3,Health-Constrained,3,0.329,0,1,health_support,Health & Attendance Support,"Fund school nurse visits, medical vouchers, attendance follow-up",4.0,"elevated health absences, chronic health risk, Health-Constrained persona",5000,1.314
80,7,Academic Strugglers,2,0.435,0,1,school_fee_support,School Fee Support,Cover term fees / bursary for high cash-flow volatility + low SES students,3.0,"low SES, elevated dropout risk",15000,1.305
783,1,Stable Achievers,4,0.385,0,1,academic_tutoring,Academic Tutoring / Catch-up,Fund after-school tutoring or remedial classes,3.3,"3 failed subjects, declining GPA",8000,1.271
602,15,Academic Strugglers,3,0.333,0,1,school_fee_support,School Fee Support,Cover term fees / bursary for high cash-flow volatility + low SES students,3.0,"mid-low SES, high cash-flow volatility",15000,0.998
7,2,Stable Achievers,4,0.314,0,1,transport_support,Transport / Boarding Support,Subsidize commute costs or boarding for long-distance students,2.84,commute 8.4 km,6000,0.891
779,12,Health-Constrained,5,0.165,0,1,health_support,Health & Attendance Support,"Fund school nurse visits, medical vouchers, attendance follow-up",5.0,"22 health absences, chronic health risk, Health-Constrained persona",5000,0.824
588,9,Stable Achievers,4,0.326,0,1,health_support,Health & Attendance Support,"Fund school nurse visits, medical vouchers, attendance follow-up",2.5,"elevated health absences, chronic health risk",5000,0.816
889,16,Stable Achievers,3,0.304,0,1,health_support,Health & Attendance Support,"Fund school nurse visits, medical vouchers, attendance follow-up",2.5,"elevated health absences, chronic health risk",5000,0.759
137,15,Stable Achievers,4,0.301,0,1,academic_tutoring,Academic Tutoring / Catch-up,Fund after-school tutoring or remedial classes,2.3,"multiple failed subjects, declining GPA",8000,0.692
312,3,Stable Achievers,3,0.312,0,1,counseling,Psychosocial Counseling,Sponsor school counselor hours or peer support groups,2.2,"no ECA / low social integration, no counseling + elevated risk",4000,0.686
504,4,Stable Achievers,5,0.281,0,1,academic_tutoring,Academic Tutoring / Catch-up,Fund after-school tutoring or remedial classes,2.3,"multiple failed subjects, declining GPA",8000,0.647
205,16,Stable Achievers,5,0.18,0,1,health_support,Health & Attendance Support,"Fund school nurse visits, medical vouchers, attendance follow-up",3.5,"12 health absences, chronic health risk",5000,0.63
661,9,Stable Achievers,3,0.298,0,1,school_fee_support,School Fee Support,Cover term fees / bursary for high cash-flow volatility + low SES students,1.0,mid-low SES,15000,0.298
231,7,Academic Strugglers,1,0.775,0,2,academic_tutoring,Academic Tutoring / Catch-up,Fund after-school tutoring or remedial classes,5.0,"6 failed subjects, steep GPA decline, Academic Strugglers persona",8000,3.877
603,10,Academic Strugglers,1,0.775,0,2,academic_tutoring,Academic Tutoring / Catch-up,Fund after-school tutoring or remedial classes,5.0,"4 failed subjects, steep GPA decline, Academic Strugglers persona",8000,3.876
843,3,Academic Strugglers,1,0.76,0,2,academic_tutoring,Academic Tutoring / Catch-up,Fund after-school tutoring or remedial classes,5.0,"4 failed subjects, steep GPA decline, Academic Strugglers persona",8000,3.801
432,6,Academic Strugglers,2,0.751,0,2,academic_tutoring,Academic Tutoring / Catch-up,Fund after-school tutoring or remedial classes,5.0,"6 failed subjects, steep GPA decline, Academic Strugglers persona",8000,3.753
630,18,Academic Strugglers,1,0.742,0,2,academic_tutoring,Academic Tutoring / Catch-up,Fund after-school tutoring or remedial classes,5.0,"5 failed subjects, steep GPA decline, Academic Strugglers persona",8000,3.71
190,13,Academic Strugglers,1,0.741,0,2,academic_tutoring,Academic Tutoring / Catch-up,Fund after-school tutoring or remedial classes,5.0,"5 failed subjects, steep GPA decline, Academic Strugglers persona",8000,3.705
582,9,Health-Constrained,1,0.74,1,2,health_support,Health & Attendance Support,"Fund school nurse visits, medical vouchers, attendance follow-up",5.0,"13 health absences, chronic health risk, Health-Constrained persona",5000,3.701
939,4,Academic Strugglers,1,0.734,1,2,academic_tutoring,Academic Tutoring / Catch-up,Fund after-school tutoring or remedial classes,5.0,"7 failed subjects, steep GPA decline, Academic Strugglers persona",8000,3.668
896,5,Health-Constrained,1,0.728,0,2,health_support,Health & Attendance Support,"Fund school nurse visits, medical vouchers, attendance follow-up",5.0,"19 health absences, chronic health risk, Health-Constrained persona",5000,3.642
824,18,Academic Strugglers,1,0.727,1,2,academic_tutoring,Academic Tutoring / Catch-up,Fund after-school tutoring or remedial classes,5.0,"5 failed subjects, steep GPA decline, Academic Strugglers persona",8000,3.634
415,9,Academic Strugglers,1,0.72,0,2,academic_tutoring,Academic Tutoring / Catch-up,Fund after-school tutoring or remedial classes,5.0,"5 failed subjects, steep GPA decline, Academic Strugglers persona",8000,3.602
537,18,Health-Constrained,2,0.718,0,2,health_support,Health & Attendance Support,"Fund school nurse visits, medical vouchers, attendance follow-up",5.0,"16 health absences, chronic health risk, Health-Constrained persona",5000,3.59
157,6,Health-Constrained,1,0.716,1,2,health_support,Health & Attendance Support,"Fund school nurse visits, medical vouchers, attendance follow-up",5.0,"28 health absences, chronic health risk, Health-Constrained persona",5000,3.581
151,20,Academic Strugglers,1,0.711,0,2,academic_tutoring,Academic Tutoring / Catch-up,Fund after-school tutoring or remedial classes,5.0,"7 failed subjects, steep GPA decline, Academic Strugglers persona",8000,3.557
155,3,Health-Constrained,1,0.708,0,2,health_support,Health & Attendance Support,"Fund school nurse visits, medical vouchers, attendance follow-up",5.0,"15 health absences, chronic health risk, Health-Constrained persona",5000,3.54
193,2,Academic Strugglers,1,0.707,1,2,academic_tutoring,Academic Tutoring / Catch-up,Fund after-school tutoring or remedial classes,5.0,"4 failed subjects, steep GPA decline, Academic Strugglers persona",8000,3.536
373,10,Health-Constrained,1,0.704,1,2,health_support,Health & Attendance Support,"Fund school nurse visits, medical vouchers, attendance follow-up",5.0,"18 health absences, chronic health risk, Health-Constrained persona",5000,3.521
61,20,Academic Strugglers,1,0.699,1,2,academic_tutoring,Academic Tutoring / Catch-up,Fund after-school tutoring or remedial classes,5.0,"3 failed subjects, steep GPA decline, Academic Strugglers persona",8000,3.493
714,6,Academic Strugglers,1,0.698,1,2,academic_tutoring,Academic Tutoring / Catch-up,Fund after-school tutoring or remedial classes,5.0,"3 failed subjects, steep GPA decline, Academic Strugglers persona",8000,3.489
629,13,Academic Strugglers,1,0.696,1,2,academic_tutoring,Academic Tutoring / Catch-up,Fund after-school tutoring or remedial classes,5.0,"5 failed subjects, steep GPA decline, Academic Strugglers persona",8000,3.479
774,5,Academic Strugglers,1,0.695,1,2,academic_tutoring,Academic Tutoring / Catch-up,Fund after-school tutoring or remedial classes,5.0,"3 failed subjects, steep GPA decline, Academic Strugglers persona",8000,3.473
225,12,Academic Strugglers,1,0.694,1,2,academic_tutoring,Academic Tutoring / Catch-up,Fund after-school tutoring or remedial classes,5.0,"4 failed subjects, steep GPA decline, Academic Strugglers persona",8000,3.469
361,10,Health-Constrained,2,0.691,0,2,health_support,Health & Attendance Support,"Fund school nurse visits, medical vouchers, attendance follow-up",5.0,"12 health absences, chronic health risk, Health-Constrained persona",5000,3.457
571,20,Academic Strugglers,1,0.681,1,2,academic_tutoring,Academic Tutoring / Catch-up,Fund after-school tutoring or remedial classes,5.0,"4 failed subjects, steep GPA decline, Academic Strugglers persona",8000,3.404
647,20,Academic Strugglers,1,0.68,0,2,academic_tutoring,Academic Tutoring / Catch-up,Fund after-school tutoring or remedial classes,5.0,"6 failed subjects, steep GPA decline, Academic Strugglers persona",8000,3.399
344,7,Academic Strugglers,1,0.679,0,2,academic_tutoring,Academic Tutoring / Catch-up,Fund after-school tutoring or remedial classes,5.0,"3 failed subjects, steep GPA decline, Academic Strugglers persona",8000,3.397
986,16,Academic Strugglers,1,0.679,1,2,academic_tutoring,Academic Tutoring / Catch-up,Fund after-school tutoring or remedial classes,5.0,"4 failed subjects, steep GPA decline, Academic Strugglers persona",8000,3.397
142,12,Academic Strugglers,1,0.679,1,2,academic_tutoring,Academic Tutoring / Catch-up,Fund after-school tutoring or remedial classes,5.0,"4 failed subjects, steep GPA decline, Academic Strugglers persona",8000,3.396
280,14,Academic Strugglers,1,0.676,0,2,academic_tutoring,Academic Tutoring / Catch-up,Fund after-school tutoring or remedial classes,5.0,"3 failed subjects, steep GPA decline, Academic Strugglers persona",8000,3.381
123,16,Academic Strugglers,1,0.667,1,2,academic_tutoring,Academic Tutoring / Catch-up,Fund after-school tutoring or remedial classes,5.0,"3 failed subjects, steep GPA decline, Academic Strugglers persona",8000,3.333
388,12,Academic Strugglers,1,0.662,1,2,academic_tutoring,Academic Tutoring / Catch-up,Fund after-school tutoring or remedial classes,5.0,"3 failed subjects, steep GPA decline, Academic Strugglers persona",8000,3.312
273,15,Health-Constrained,1,0.659,0,2,health_support,Health & Attendance Support,"Fund school nurse visits, medical vouchers, attendance follow-up",5.0,"15 health absences, chronic health risk, Health-Constrained persona",5000,3.294
960,17,Academic Strugglers,1,0.654,0,2,academic_tutoring,Academic Tutoring / Catch-up,Fund after-school tutoring or remedial classes,5.0,"3 failed subjects, steep GPA decline, Academic Strugglers persona",8000,3.27
22,20,Health-Constrained,1,0.646,1,2,health_support,Health & Attendance Support,"Fund school nurse visits, medical vouchers, attendance follow-up",5.0,"13 health absences, chronic health risk, Health-Constrained persona",5000,3.231
572,18,Academic Strugglers,1,0.646,0,2,academic_tutoring,Academic Tutoring / Catch-up,Fund after-school tutoring or remedial classes,5.0,"4 failed subjects, steep GPA decline, Academic Strugglers persona",8000,3.23
732,8,Academic Strugglers,1,0.645,1,2,academic_tutoring,Academic Tutoring / Catch-up,Fund after-school tutoring or remedial classes,5.0,"4 failed subjects, steep GPA decline, Academic Strugglers persona",8000,3.225
103,1,Academic Strugglers,1,0.643,1,2,academic_tutoring,Academic Tutoring / Catch-up,Fund after-school tutoring or remedial classes,5.0,"3 failed subjects, steep GPA decline, Academic Strugglers persona",8000,3.213
228,3,Academic Strugglers,1,0.642,1,2,academic_tutoring,Academic Tutoring / Catch-up,Fund after-school tutoring or remedial classes,5.0,"4 failed subjects, steep GPA decline, Academic Strugglers persona",8000,3.208
34,9,Academic Strugglers,1,0.639,1,2,academic_tutoring,Academic Tutoring / Catch-up,Fund after-school tutoring or remedial classes,5.0,"4 failed subjects, steep GPA decline, Academic Strugglers persona",8000,3.197
436,19,Health-Constrained,2,0.637,0,2,health_support,Health & Attendance Support,"Fund school nurse visits, medical vouchers, attendance follow-up",5.0,"17 health absences, chronic health risk, Health-Constrained persona",5000,3.187
757,17,Academic Strugglers,1,0.637,0,2,academic_tutoring,Academic Tutoring / Catch-up,Fund after-school tutoring or remedial classes,5.0,"4 failed subjects, steep GPA decline, Academic Strugglers persona",8000,3.185
330,8,Academic Strugglers,1,0.635,1,2,academic_tutoring,Academic Tutoring / Catch-up,Fund after-school tutoring or remedial classes,5.0,"5 failed subjects, steep GPA decline, Academic Strugglers persona",8000,3.175
107,15,Health-Constrained,2,0.635,1,2,health_support,Health & Attendance Support,"Fund school nurse visits, medical vouchers, attendance follow-up",5.0,"17 health absences, chronic health risk, Health-Constrained persona",5000,3.174
865,2,Academic Strugglers,1,0.635,0,2,academic_tutoring,Academic Tutoring / Catch-up,Fund after-school tutoring or remedial classes,5.0,"3 failed subjects, steep GPA decline, Academic Strugglers persona",8000,3.174
684,19,Health-Constrained,1,0.634,1,2,health_support,Health & Attendance Support,"Fund school nurse visits, medical vouchers, attendance follow-up",5.0,"19 health absences, chronic health risk, Health-Constrained persona",5000,3.169
201,15,Academic Strugglers,1,0.632,1,2,academic_tutoring,Academic Tutoring / Catch-up,Fund after-school tutoring or remedial classes,5.0,"3 failed subjects, steep GPA decline, Academic Strugglers persona",8000,3.159
511,18,Health-Constrained,2,0.631,0,2,health_support,Health & Attendance Support,"Fund school nurse visits, medical vouchers, attendance follow-up",5.0,"12 health absences, chronic health risk, Health-Constrained persona",5000,3.153
868,19,Health-Constrained,1,0.631,1,2,health_support,Health & Attendance Support,"Fund school nurse visits, medical vouchers, attendance follow-up",5.0,"16 health absences, chronic health risk, Health-Constrained persona",5000,3.153
814,7,Academic Strugglers,2,0.625,0,2,academic_tutoring,Academic Tutoring / Catch-up,Fund after-school tutoring or remedial classes,5.0,"3 failed subjects, steep GPA decline, Academic Strugglers persona",8000,3.124
551,12,Academic Strugglers,1,0.623,0,2,academic_tutoring,Academic Tutoring / Catch-up,Fund after-school tutoring or remedial classes,5.0,"3 failed subjects, steep GPA decline, Academic Strugglers persona",8000,3.113
264,14,Academic Strugglers,1,0.621,1,2,academic_tutoring,Academic Tutoring / Catch-up,Fund after-school tutoring or remedial classes,5.0,"3 failed subjects, steep GPA decline, Academic Strugglers persona",8000,3.105
791,7,Health-Constrained,2,0.62,1,2,health_support,Health & Attendance Support,"Fund school nurse visits, medical vouchers, attendance follow-up",5.0,"17 health absences, chronic health risk, Health-Constrained persona",5000,3.102
448,11,Academic Strugglers,1,0.62,1,2,academic_tutoring,Academic Tutoring / Catch-up,Fund after-school tutoring or remedial classes,5.0,"4 failed subjects, steep GPA decline, Academic Strugglers persona",8000,3.098
544,19,Health-Constrained,1,0.62,1,2,health_support,Health & Attendance Support,"Fund school nurse visits, medical vouchers, attendance follow-up",5.0,"15 health absences, chronic health risk, Health-Constrained persona",5000,3.098
761,4,Academic Strugglers,1,0.619,1,2,academic_tutoring,Academic Tutoring / Catch-up,Fund after-school tutoring or remedial classes,5.0,"4 failed subjects, steep GPA decline, Academic Strugglers persona",8000,3.093
281,13,Academic Strugglers,1,0.617,1,2,academic_tutoring,Academic Tutoring / Catch-up,Fund after-school tutoring or remedial classes,5.0,"4 failed subjects, steep GPA decline, Academic Strugglers persona",8000,3.083
156,19,Academic Strugglers,2,0.615,1,2,academic_tutoring,Academic Tutoring / Catch-up,Fund after-school tutoring or remedial classes,5.0,"5 failed subjects, steep GPA decline, Academic Strugglers persona",8000,3.076
946,4,Academic Strugglers,2,0.615,1,2,academic_tutoring,Academic Tutoring / Catch-up,Fund after-school tutoring or remedial classes,5.0,"5 failed subjects, steep GPA decline, Academic Strugglers persona",8000,3.074
513,1,Academic Strugglers,1,0.614,1,2,academic_tutoring,Academic Tutoring / Catch-up,Fund after-school tutoring or remedial classes,5.0,"3 failed subjects, steep GPA decline, Academic Strugglers persona",8000,3.069
180,18,Academic Strugglers,2,0.611,1,2,academic_tutoring,Academic Tutoring / Catch-up,Fund after-school tutoring or remedial classes,5.0,"4 failed subjects, steep GPA decline, Academic Strugglers persona",8000,3.056
827,8,Academic Strugglers,1,0.61,0,2,academic_tutoring,Academic Tutoring / Catch-up,Fund after-school tutoring or remedial classes,5.0,"4 failed subjects, steep GPA decline, Academic Strugglers persona",8000,3.05
56,12,Academic Strugglers,1,0.61,1,2,academic_tutoring,Academic Tutoring / Catch-up,Fund after-school tutoring or remedial classes,5.0,"4 failed subjects, steep GPA decline, Academic Strugglers persona",8000,3.049
922,17,Academic Strugglers,1,0.609,1,2,academic_tutoring,Academic Tutoring / Catch-up,Fund after-school tutoring or remedial classes,5.0,"3 failed subjects, steep GPA decline, Academic Strugglers persona",8000,3.047
55,10,Academic Strugglers,2,0.608,0,2,academic_tutoring,Academic Tutoring / Catch-up,Fund after-school tutoring or remedial classes,5.0,"5 failed subjects, steep GPA decline, Academic Strugglers persona",8000,3.041
638,2,Academic Strugglers,1,0.608,0,2,academic_tutoring,Academic Tutoring / Catch-up,Fund after-school tutoring or remedial classes,5.0,"4 failed subjects, steep GPA decline, Academic Strugglers persona",8000,3.038
822,5,Academic Strugglers,1,0.607,1,2,academic_tutoring,Academic Tutoring / Catch-up,Fund after-school tutoring or remedial classes,5.0,"3 failed subjects, steep GPA decline, Academic Strugglers persona",8000,3.033
618,10,Academic Strugglers,2,0.605,1,2,academic_tutoring,Academic Tutoring / Catch-up,Fund after-school tutoring or remedial classes,5.0,"4 failed subjects, steep GPA decline, Academic Strugglers persona",8000,3.026
412,16,Health-Constrained,1,0.602,0,2,health_support,Health & Attendance Support,"Fund school nurse visits, medical vouchers, attendance follow-up",5.0,"13 health absences, chronic health risk, Health-Constrained persona",5000,3.011
990,17,Academic Strugglers,1,0.601,1,2,academic_tutoring,Academic Tutoring / Catch-up,Fund after-school tutoring or remedial classes,5.0,"3 failed subjects, steep GPA decline, Academic Strugglers persona",8000,3.006
668,14,Academic Strugglers,1,0.601,1,2,academic_tutoring,Academic Tutoring / Catch-up,Fund after-school tutoring or remedial classes,5.0,"4 failed subjects, steep GPA decline, Academic Strugglers persona",8000,3.005
15,15,Academic Strugglers,1,0.599,0,2,academic_tutoring,Academic Tutoring / Catch-up,Fund after-school tutoring or remedial classes,5.0,"3 failed subjects, steep GPA decline, Academic Strugglers persona",8000,2.995
342,5,Health-Constrained,2,0.598,1,2,health_support,Health & Attendance Support,"Fund school nurse visits, medical vouchers, attendance follow-up",5.0,"17 health absences, chronic health risk, Health-Constrained persona",5000,2.988
987,19,Academic Strugglers,1,0.595,1,2,academic_tutoring,Academic Tutoring / Catch-up,Fund after-school tutoring or remedial classes,5.0,"3 failed subjects, steep GPA decline, Academic Strugglers persona",8000,2.975
879,5,Health-Constrained,2,0.593,1,2,health_support,Health & Attendance Support,"Fund school nurse visits, medical vouchers, attendance follow-up",5.0,"14 health absences, chronic health risk, Health-Constrained persona",5000,2.966
457,4,Academic Strugglers,2,0.592,1,2,academic_tutoring,Academic Tutoring / Catch-up,Fund after-school tutoring or remedial classes,5.0,"4 failed subjects, steep GPA decline, Academic Strugglers persona",8000,2.96
134,2,Academic Strugglers,1,0.592,1,2,academic_tutoring,Academic Tutoring / Catch-up,Fund after-school tutoring or remedial classes,5.0,"3 failed subjects, steep GPA decline, Academic Strugglers persona",8000,2.959
36,7,Academic Strugglers,2,0.59,1,2,academic_tutoring,Academic Tutoring / Catch-up,Fund after-school tutoring or remedial classes,5.0,"3 failed subjects, steep GPA decline, Academic Strugglers persona",8000,2.952
577,7,Academic Strugglers,2,0.59,0,2,academic_tutoring,Academic Tutoring / Catch-up,Fund after-school tutoring or remedial classes,5.0,"3 failed subjects, steep GPA decline, Academic Strugglers persona",8000,2.948
532,5,Academic Strugglers,2,0.588,0,2,academic_tutoring,Academic Tutoring / Catch-up,Fund after-school tutoring or remedial classes,5.0,"3 failed subjects, steep GPA decline, Academic Strugglers persona",8000,2.942
21,4,Academic Strugglers,1,0.587,1,2,academic_tutoring,Academic Tutoring / Catch-up,Fund after-school tutoring or remedial classes,5.0,"3 failed subjects, steep GPA decline, Academic Strugglers persona",8000,2.934
781,12,Academic Strugglers,1,0.586,1,2,academic_tutoring,Academic Tutoring / Catch-up,Fund after-school tutoring or remedial classes,5.0,"4 failed subjects, steep GPA decline, Academic Strugglers persona",8000,2.929
267,10,Academic Strugglers,1,0.585,0,2,academic_tutoring,Academic Tutoring / Catch-up,Fund after-school tutoring or remedial classes,5.0,"4 failed subjects, steep GPA decline, Academic Strugglers persona",8000,2.924
431,2,Academic Strugglers,1,0.584,0,2,academic_tutoring,Academic Tutoring / Catch-up,Fund after-school tutoring or remedial classes,5.0,"3 failed subjects, steep GPA decline, Academic Strugglers persona",8000,2.921
176,13,Academic Strugglers,2,0.583,0,2,academic_tutoring,Academic Tutoring / Catch-up,Fund after-school tutoring or remedial classes,5.0,"4 failed subjects, steep GPA decline, Academic Strugglers persona",8000,2.915
736,2,Academic Strugglers,1,0.583,0,2,academic_tutoring,Academic Tutoring / Catch-up,Fund after-school tutoring or remedial classes,5.0,"3 failed subjects, steep GPA decline, Academic Strugglers persona",8000,2.914
269,2,Academic Strugglers,1,0.579,0,2,academic_tutoring,Academic Tutoring / Catch-up,Fund after-school tutoring or remedial classes,5.0,"4 failed subjects, steep GPA decline, Academic Strugglers persona",8000,2.897
792,14,Health-Constrained,2,0.723,1,2,academic_tutoring,Academic Tutoring / Catch-up,Fund after-school tutoring or remedial classes,4.0,"7 failed subjects, steep GPA decline",8000,2.894
738,20,Academic Strugglers,1,0.578,1,2,academic_tutoring,Academic Tutoring / Catch-up,Fund after-school tutoring or remedial classes,5.0,"4 failed subjects, steep GPA decline, Academic Strugglers persona",8000,2.892
617,19,Health-Constrained,1,0.578,1,2,health_support,Health & Attendance Support,"Fund school nurse visits, medical vouchers, attendance follow-up",5.0,"15 health absences, chronic health risk, Health-Constrained persona",5000,2.888
554,1,Health-Constrained,2,0.574,0,2,health_support,Health & Attendance Support,"Fund school nurse visits, medical vouchers, attendance follow-up",5.0,"16 health absences, chronic health risk, Health-Constrained persona",5000,2.869
999,7,Academic Strugglers,2,0.574,1,2,academic_tutoring,Academic Tutoring / Catch-up,Fund after-school tutoring or remedial classes,5.0,"3 failed subjects, steep GPA decline, Academic Strugglers persona",8000,2.869
100,11,Academic Strugglers,2,0.572,1,2,academic_tutoring,Academic Tutoring / Catch-up,Fund after-school tutoring or remedial classes,5.0,"3 failed subjects, steep GPA decline, Academic Strugglers persona",8000,2.86
16,4,Academic Strugglers,1,0.572,1,2,academic_tutoring,Academic Tutoring / Catch-up,Fund after-school tutoring or remedial classes,5.0,"3 failed subjects, steep GPA decline, Academic Strugglers persona",8000,2.858
352,2,Health-Constrained,1,0.571,0,2,health_support,Health & Attendance Support,"Fund school nurse visits, medical vouchers, attendance follow-up",5.0,"20 health absences, chronic health risk, Health-Constrained persona",5000,2.856
597,5,Academic Strugglers,2,0.57,0,2,academic_tutoring,Academic Tutoring / Catch-up,Fund after-school tutoring or remedial classes,5.0,"3 failed subjects, steep GPA decline, Academic Strugglers persona",8000,2.852
959,10,Health-Constrained,2,0.57,1,2,health_support,Health & Attendance Support,"Fund school nurse visits, medical vouchers, attendance follow-up",5.0,"18 health absences, chronic health risk, Health-Constrained persona",5000,2.848
676,10,Health-Constrained,2,0.569,1,2,health_support,Health & Attendance Support,"Fund school nurse visits, medical vouchers, attendance follow-up",5.0,"17 health absences, chronic health risk, Health-Constrained persona",5000,2.847
852,5,Academic Strugglers,1,0.569,1,2,academic_tutoring,Academic Tutoring / Catch-up,Fund after-school tutoring or remedial classes,5.0,"3 failed subjects, steep GPA decline, Academic Strugglers persona",8000,2.843
182,19,Academic Strugglers,2,0.568,1,2,academic_tutoring,Academic Tutoring / Catch-up,Fund after-school tutoring or remedial classes,5.0,"3 failed subjects, steep GPA decline, Academic Strugglers persona",8000,2.842
701,16,Health-Constrained,1,0.568,1,2,health_support,Health & Attendance Support,"Fund school nurse visits, medical vouchers, attendance follow-up",5.0,"12 health absences, chronic health risk, Health-Constrained persona",5000,2.839
272,14,Academic Strugglers,1,0.568,0,2,academic_tutoring,Academic Tutoring / Catch-up,Fund after-school tutoring or remedial classes,5.0,"4 failed subjects, steep GPA decline, Academic Strugglers persona",8000,2.838
250,7,Health-Constrained,1,0.566,1,2,health_support,Health & Attendance Support,"Fund school nurse visits, medical vouchers, attendance follow-up",5.0,"18 health absences, chronic health risk, Health-Constrained persona",5000,2.832
870,3,Academic Strugglers,2,0.565,1,2,academic_tutoring,Academic Tutoring / Catch-up,Fund after-school tutoring or remedial classes,5.0,"3 failed subjects, steep GPA decline, Academic Strugglers persona",8000,2.823
825,3,Academic Strugglers,2,0.564,1,2,academic_tutoring,Academic Tutoring / Catch-up,Fund after-school tutoring or remedial classes,5.0,"3 failed subjects, steep GPA decline, Academic Strugglers persona",8000,2.819
773,13,Academic Strugglers,1,0.563,0,2,academic_tutoring,Academic Tutoring / Catch-up,Fund after-school tutoring or remedial classes,5.0,"3 failed subjects, steep GPA decline, Academic Strugglers persona",8000,2.814
392,10,Academic Strugglers,1,0.562,1,2,academic_tutoring,Academic Tutoring / Catch-up,Fund after-school tutoring or remedial classes,5.0,"3 failed subjects, steep GPA decline, Academic Strugglers persona",8000,2.812
535,5,Academic Strugglers,1,0.56,1,2,academic_tutoring,Academic Tutoring / Catch-up,Fund after-school tutoring or remedial classes,5.0,"3 failed subjects, steep GPA decline, Academic Strugglers persona",8000,2.799
164,14,Health-Constrained,1,0.559,0,2,health_support,Health & Attendance Support,"Fund school nurse visits, medical vouchers, attendance follow-up",5.0,"12 health absences, chronic health risk, Health-Constrained persona",5000,2.795
962,5,Academic Strugglers,1,0.559,1,2,academic_tutoring,Academic Tutoring / Catch-up,Fund after-school tutoring or remedial classes,5.0,"3 failed subjects, steep GPA decline, Academic Strugglers persona",8000,2.793
918,5,Academic Strugglers,2,0.558,0,2,academic_tutoring,Academic Tutoring / Catch-up,Fund after-school tutoring or remedial classes,5.0,"4 failed subjects, steep GPA decline, Academic Strugglers persona",8000,2.79
398,6,Academic Strugglers,2,0.558,1,2,academic_tutoring,Academic Tutoring / Catch-up,Fund after-school tutoring or remedial classes,5.0,"5 failed subjects, steep GPA decline, Academic Strugglers persona",8000,2.788
441,3,Health-Constrained,2,0.696,0,2,school_fee_support,School Fee Support,Cover term fees / bursary for high cash-flow volatility + low SES students,4.0,"low SES, elevated cash-flow volatility, elevated dropout risk",15000,2.783
656,10,Academic Strugglers,1,0.646,0,2,academic_tutoring,Academic Tutoring / Catch-up,Fund after-school tutoring or remedial classes,4.3,"3 failed subjects, declining GPA, Academic Strugglers persona",8000,2.779
486,20,Academic Strugglers,2,0.556,0,2,academic_tutoring,Academic Tutoring / Catch-up,Fund after-school tutoring or remedial classes,5.0,"3 failed subjects, steep GPA decline, Academic Strugglers persona",8000,2.778
953,4,Academic Strugglers,2,0.694,0,2,school_fee_support,School Fee Support,Cover term fees / bursary for high cash-flow volatility + low SES students,4.0,"low SES, elevated cash-flow volatility, elevated dropout risk",15000,2.776
598,11,Health-Constrained,1,0.552,1,2,health_support,Health & Attendance Support,"Fund school nurse visits, medical vouchers, attendance follow-up",5.0,"15 health absences, chronic health risk, Health-Constrained persona",5000,2.762
170,1,Academic Strugglers,2,0.551,0,2,academic_tutoring,Academic Tutoring / Catch-up,Fund after-school tutoring or remedial classes,5.0,"3 failed subjects, steep GPA decline, Academic Strugglers persona",8000,2.755
135,6,Academic Strugglers,1,0.55,1,2,academic_tutoring,Academic Tutoring / Catch-up,Fund after-school tutoring or remedial classes,5.0,"3 failed subjects, steep GPA decline, Academic Strugglers persona",8000,2.75
259,7,Academic Strugglers,1,0.55,0,2,academic_tutoring,Academic Tutoring / Catch-up,Fund after-school tutoring or remedial classes,5.0,"3 failed subjects, steep GPA decline, Academic Strugglers persona",8000,2.748
733,12,Health-Constrained,1,0.549,1,2,health_support,Health & Attendance Support,"Fund school nurse visits, medical vouchers, attendance follow-up",5.0,"15 health absences, chronic health risk, Health-Constrained persona",5000,2.744
490,3,Health-Constrained,1,0.685,1,2,academic_tutoring,Academic Tutoring / Catch-up,Fund after-school tutoring or remedial classes,4.0,"3 failed subjects, steep GPA decline",8000,2.738
759,17,Academic Strugglers,2,0.548,1,2,academic_tutoring,Academic Tutoring / Catch-up,Fund after-school tutoring or remedial classes,5.0,"4 failed subjects, steep GPA decline, Academic Strugglers persona",8000,2.738
625,20,Academic Strugglers,2,0.547,1,2,academic_tutoring,Academic Tutoring / Catch-up,Fund after-school tutoring or remedial classes,5.0,"3 failed subjects, steep GPA decline, Academic Strugglers persona",8000,2.734
885,13,Health-Constrained,1,0.546,1,2,health_support,Health & Attendance Support,"Fund school nurse visits, medical vouchers, attendance follow-up",5.0,"17 health absences, chronic health risk, Health-Constrained persona",5000,2.732
145,4,Academic Strugglers,1,0.546,1,2,academic_tutoring,Academic Tutoring / Catch-up,Fund after-school tutoring or remedial classes,5.0,"3 failed subjects, steep GPA decline, Academic Strugglers persona",8000,2.731
890,6,Academic Strugglers,2,0.546,1,2,academic_tutoring,Academic Tutoring / Catch-up,Fund after-school tutoring or remedial classes,5.0,"3 failed subjects, steep GPA decline, Academic Strugglers persona",8000,2.73
800,13,Health-Constrained,1,0.546,0,2,health_support,Health & Attendance Support,"Fund school nurse visits, medical vouchers, attendance follow-up",5.0,"16 health absences, chronic health risk, Health-Constrained persona",5000,2.729
325,4,Health-Constrained,1,0.545,1,2,health_support,Health & Attendance Support,"Fund school nurse visits, medical vouchers, attendance follow-up",5.0,"20 health absences, chronic health risk, Health-Constrained persona",5000,2.727
360,6,Health-Constrained,2,0.545,1,2,health_support,Health & Attendance Support,"Fund school nurse visits, medical vouchers, attendance follow-up",5.0,"15 health absences, chronic health risk, Health-Constrained persona",5000,2.725
662,7,Academic Strugglers,1,0.544,1,2,academic_tutoring,Academic Tutoring / Catch-up,Fund after-school tutoring or remedial classes,5.0,"3 failed subjects, steep GPA decline, Academic Strugglers persona",8000,2.719
334,20,Health-Constrained,1,0.676,0,2,academic_tutoring,Academic Tutoring / Catch-up,Fund after-school tutoring or remedial classes,4.0,"5 failed subjects, steep GPA decline",8000,2.705
762,1,Academic Strugglers,1,0.676,0,2,academic_tutoring,Academic Tutoring / Catch-up,Fund after-school tutoring or remedial classes,4.0,"multiple failed subjects, steep GPA decline, Academic Strugglers persona",8000,2.705
636,11,Health-Constrained,2,0.54,0,2,health_support,Health & Attendance Support,"Fund school nurse visits, medical vouchers, attendance follow-up",5.0,"15 health absences, chronic health risk, Health-Constrained persona",5000,2.699
968,10,Academic Strugglers,2,0.538,1,2,academic_tutoring,Academic Tutoring / Catch-up,Fund after-school tutoring or remedial classes,5.0,"3 failed subjects, steep GPA decline, Academic Strugglers persona",8000,2.692
219,19,Academic Strugglers,1,0.673,0,2,transport_support,Transport / Boarding Support,Subsidize commute costs or boarding for long-distance students,4.0,commute 20.0 km,6000,2.691
569,3,Health-Constrained,1,0.538,1,2,health_support,Health & Attendance Support,"Fund school nurse visits, medical vouchers, attendance follow-up",5.0,"12 health absences, chronic health risk, Health-Constrained persona",5000,2.688
256,17,Health-Constrained,2,0.536,1,2,health_support,Health & Attendance Support,"Fund school nurse visits, medical vouchers, attendance follow-up",5.0,"13 health absences, chronic health risk, Health-Constrained persona",5000,2.682
760,14,Health-Constrained,1,0.535,1,2,health_support,Health & Attendance Support,"Fund school nurse visits, medical vouchers, attendance follow-up",5.0,"12 health absences, chronic health risk, Health-Constrained persona",5000,2.674
430,1,Health-Constrained,2,0.535,1,2,health_support,Health & Attendance Support,"Fund school nurse visits, medical vouchers, attendance follow-up",5.0,"17 health absences, chronic health risk, Health-Constrained persona",5000,2.673
721,12,Academic Strugglers,1,0.668,1,2,academic_tutoring,Academic Tutoring / Catch-up,Fund after-school tutoring or remedial classes,4.0,"multiple failed subjects, steep GPA decline, Academic Strugglers persona",8000,2.671
965,3,Academic Strugglers,2,0.528,1,2,academic_tutoring,Academic Tutoring / Catch-up,Fund after-school tutoring or remedial classes,5.0,"4 failed subjects, steep GPA decline, Academic Strugglers persona",8000,2.64
68,13,Health-Constrained,1,0.526,0,2,health_support,Health & Attendance Support,"Fund school nurse visits, medical vouchers, attendance follow-up",5.0,"13 health absences, chronic health risk, Health-Constrained persona",5000,2.63
169,8,Academic Strugglers,2,0.525,1,2,academic_tutoring,Academic Tutoring / Catch-up,Fund after-school tutoring or remedial classes,5.0,"4 failed subjects, steep GPA decline, Academic Strugglers persona",8000,2.627
516,19,Health-Constrained,1,0.657,1,2,academic_tutoring,Academic Tutoring / Catch-up,Fund after-school tutoring or remedial classes,4.0,"4 failed subjects, steep GPA decline",8000,2.626
245,15,Academic Strugglers,1,0.654,0,2,academic_tutoring,Academic Tutoring / Catch-up,Fund after-school tutoring or remedial classes,4.0,"multiple failed subjects, steep GPA decline, Academic Strugglers persona",8000,2.617
712,14,Academic Strugglers,1,0.653,0,2,transport_support,Transport / Boarding Support,Subsidize commute costs or boarding for long-distance students,4.0,commute 20.0 km,6000,2.61
640,2,Academic Strugglers,1,0.652,0,2,academic_tutoring,Academic Tutoring / Catch-up,Fund after-school tutoring or remedial classes,4.0,"multiple failed subjects, steep GPA decline, Academic Strugglers persona",8000,2.608
706,2,Academic Strugglers,2,0.522,1,2,academic_tutoring,Academic Tutoring / Catch-up,Fund after-school tutoring or remedial classes,5.0,"3 failed subjects, steep GPA decline, Academic Strugglers persona",8000,2.608
950,7,Academic Strugglers,1,0.649,0,2,transport_support,Transport / Boarding Support,Subsidize commute costs or boarding for long-distance students,4.0,commute 20.0 km,6000,2.597
967,20,Health-Constrained,2,0.519,1,2,health_support,Health & Attendance Support,"Fund school nurse visits, medical vouchers, attendance follow-up",5.0,"23 health absences, chronic health risk, Health-Constrained persona",5000,2.593
435,8,Academic Strugglers,2,0.648,0,2,transport_support,Transport / Boarding Support,Subsidize commute costs or boarding for long-distance students,4.0,commute 20.0 km,6000,2.592
755,5,Health-Constrained,1,0.518,0,2,health_support,Health & Attendance Support,"Fund school nurse visits, medical vouchers, attendance follow-up",5.0,"17 health absences, chronic health risk, Health-Constrained persona",5000,2.589
220,7,Academic Strugglers,1,0.647,0,2,academic_tutoring,Academic Tutoring / Catch-up,Fund after-school tutoring or remedial classes,4.0,"multiple failed subjects, steep GPA decline, Academic Strugglers persona",8000,2.586
469,13,Health-Constrained,1,0.646,0,2,academic_tutoring,Academic Tutoring / Catch-up,Fund after-school tutoring or remedial classes,4.0,"3 failed subjects, steep GPA decline",8000,2.583
174,10,Health-Constrained,1,0.515,1,2,health_support,Health & Attendance Support,"Fund school nurse visits, medical vouchers, attendance follow-up",5.0,"14 health absences, chronic health risk, Health-Constrained persona",5000,2.577
417,18,Health-Constrained,1,0.515,1,2,health_support,Health & Attendance Support,"Fund school nurse visits, medical vouchers, attendance follow-up",5.0,"13 health absences, chronic health risk, Health-Constrained persona",5000,2.574
463,1,Academic Strugglers,1,0.644,1,2,transport_support,Transport / Boarding Support,Subsidize commute costs or boarding for long-distance students,4.0,commute 20.0 km,6000,2.574
355,6,Health-Constrained,1,0.506,1,2,health_support,Health & Attendance Support,"Fund school nurse visits, medical vouchers, attendance follow-up",5.0,"15 health absences, chronic health risk, Health-Constrained persona",5000,2.53
50,9,Health-Constrained,1,0.632,1,2,health_support,Health & Attendance Support,"Fund school nurse visits, medical vouchers, attendance follow-up",4.0,"elevated health absences, chronic health risk, Health-Constrained persona",5000,2.529
931,18,Academic Strugglers,2,0.504,1,2,academic_tutoring,Academic Tutoring / Catch-up,Fund after-school tutoring or remedial classes,5.0,"4 failed subjects, steep GPA decline, Academic Strugglers persona",8000,2.519
787,19,Academic Strugglers,3,0.502,1,2,academic_tutoring,Academic Tutoring / Catch-up,Fund after-school tutoring or remedial classes,5.0,"3 failed subjects, steep GPA decline, Academic Strugglers persona",8000,2.509
555,13,Academic Strugglers,2,0.501,1,2,academic_tutoring,Academic Tutoring / Catch-up,Fund after-school tutoring or remedial classes,5.0,"3 failed subjects, steep GPA decline, Academic Strugglers persona",8000,2.504
969,17,Academic Strugglers,2,0.501,1,2,academic_tutoring,Academic Tutoring / Catch-up,Fund after-school tutoring or remedial classes,5.0,"3 failed subjects, steep GPA decline, Academic Strugglers persona",8000,2.503
397,18,Health-Constrained,1,0.625,1,2,academic_tutoring,Academic Tutoring / Catch-up,Fund after-school tutoring or remedial classes,4.0,"4 failed subjects, steep GPA decline",8000,2.5
375,14,Health-Constrained,2,0.624,0,2,school_fee_support,School Fee Support,Cover term fees / bursary for high cash-flow volatility + low SES students,4.0,"low SES, elevated cash-flow volatility, elevated dropout risk",15000,2.497
185,6,Academic Strugglers,1,0.624,1,2,academic_tutoring,Academic Tutoring / Catch-up,Fund after-school tutoring or remedial classes,4.0,"multiple failed subjects, steep GPA decline, Academic Strugglers persona",8000,2.495
419,5,Academic Strugglers,2,0.499,1,2,academic_tutoring,Academic Tutoring / Catch-up,Fund after-school tutoring or remedial classes,5.0,"3 failed subjects, steep GPA decline, Academic Strugglers persona",8000,2.493
653,8,Academic Strugglers,1,0.576,1,2,academic_tutoring,Academic Tutoring / Catch-up,Fund after-school tutoring or remedial classes,4.3,"4 failed subjects, declining GPA, Academic Strugglers persona",8000,2.475
659,8,Health-Constrained,2,0.494,1,2,health_support,Health & Attendance Support,"Fund school nurse visits, medical vouchers, attendance follow-up",5.0,"12 health absences, chronic health risk, Health-Constrained persona",5000,2.468
982,12,Academic Strugglers,1,0.616,1,2,academic_tutoring,Academic Tutoring / Catch-up,Fund after-school tutoring or remedial classes,4.0,"multiple failed subjects, steep GPA decline, Academic Strugglers persona",8000,2.464
347,14,Academic Strugglers,2,0.614,1,2,school_fee_support,School Fee Support,Cover term fees / bursary for high cash-flow volatility + low SES students,4.0,"low SES, elevated cash-flow volatility, elevated dropout risk",15000,2.454
861,14,Academic Strugglers,1,0.627,1,2,transport_support,Transport / Boarding Support,Subsidize commute costs or boarding for long-distance students,3.91,commute 19.1 km,6000,2.453
284,9,Academic Strugglers,1,0.613,1,2,academic_tutoring,Academic Tutoring / Catch-up,Fund after-school tutoring or remedial classes,4.0,"multiple failed subjects, steep GPA decline, Academic Strugglers persona",8000,2.451
271,10,Health-Constrained,2,0.613,0,2,health_support,Health & Attendance Support,"Fund school nurse visits, medical vouchers, attendance follow-up",4.0,"elevated health absences, chronic health risk, Health-Constrained persona",5000,2.45
379,9,Academic Strugglers,2,0.564,1,2,academic_tutoring,Academic Tutoring / Catch-up,Fund after-school tutoring or remedial classes,4.3,"3 failed subjects, declining GPA, Academic Strugglers persona",8000,2.423
109,18,Academic Strugglers,1,0.644,1,2,transport_support,Transport / Boarding Support,Subsidize commute costs or boarding for long-distance students,3.76,commute 17.6 km,6000,2.419
933,7,Academic Strugglers,1,0.605,1,2,academic_tutoring,Academic Tutoring / Catch-up,Fund after-school tutoring or remedial classes,4.0,"multiple failed subjects, steep GPA decline, Academic Strugglers persona",8000,2.419
938,1,Health-Constrained,2,0.605,1,2,academic_tutoring,Academic Tutoring / Catch-up,Fund after-school tutoring or remedial classes,4.0,"3 failed subjects, steep GPA decline",8000,2.419
584,8,Academic Strugglers,1,0.604,1,2,academic_tutoring,Academic Tutoring / Catch-up,Fund after-school tutoring or remedial classes,4.0,"multiple failed subjects, steep GPA decline, Academic Strugglers persona",8000,2.417
980,3,Academic Strugglers,2,0.604,0,2,academic_tutoring,Academic Tutoring / Catch-up,Fund after-school tutoring or remedial classes,4.0,"multiple failed subjects, steep GPA decline, Academic Strugglers persona",8000,2.417
39,3,Academic Strugglers,3,0.482,1,2,academic_tutoring,Academic Tutoring / Catch-up,Fund after-school tutoring or remedial classes,5.0,"3 failed subjects, steep GPA decline, Academic Strugglers persona",8000,2.412
685,17,Health-Constrained,2,0.482,1,2,health_support,Health & Attendance Support,"Fund school nurse visits, medical vouchers, attendance follow-up",5.0,"12 health absences, chronic health risk, Health-Constrained persona",5000,2.412
445,3,Academic Strugglers,2,0.602,1,2,school_fee_support,School Fee Support,Cover term fees / bursary for high cash-flow volatility + low SES students,4.0,"low SES, elevated cash-flow volatility, elevated dropout risk",15000,2.409
455,3,Academic Strugglers,2,0.601,1,2,academic_tutoring,Academic Tutoring / Catch-up,Fund after-school tutoring or remedial classes,4.0,"multiple failed subjects, steep GPA decline, Academic Strugglers persona",8000,2.404
196,19,Academic Strugglers,2,0.6,1,2,academic_tutoring,Academic Tutoring / Catch-up,Fund after-school tutoring or remedial classes,4.0,"multiple failed subjects, steep GPA decline, Academic Strugglers persona",8000,2.401
556,3,Academic Strugglers,1,0.614,1,2,transport_support,Transport / Boarding Support,Subsidize commute costs or boarding for long-distance students,3.89,commute 18.9 km,6000,2.391
920,2,Health-Constrained,2,0.598,0,2,health_support,Health & Attendance Support,"Fund school nurse visits, medical vouchers, attendance follow-up",4.0,"elevated health absences, chronic health risk, Health-Constrained persona",5000,2.391
832,1,Health-Constrained,3,0.597,1,2,academic_tutoring,Academic Tutoring / Catch-up,Fund after-school tutoring or remedial classes,4.0,"5 failed subjects, steep GPA decline",8000,2.388
63,19,Academic Strugglers,1,0.555,1,2,academic_tutoring,Academic Tutoring / Catch-up,Fund after-school tutoring or remedial classes,4.3,"3 failed subjects, declining GPA, Academic Strugglers persona",8000,2.387
191,2,Health-Constrained,2,0.477,0,2,health_support,Health & Attendance Support,"Fund school nurse visits, medical vouchers, attendance follow-up",5.0,"20 health absences, chronic health risk, Health-Constrained persona",5000,2.386
524,11,Academic Strugglers,1,0.594,1,2,academic_tutoring,Academic Tutoring / Catch-up,Fund after-school tutoring or remedial classes,4.0,"multiple failed subjects, steep GPA decline, Academic Strugglers persona",8000,2.374
136,8,Health-Constrained,2,0.593,1,2,academic_tutoring,Academic Tutoring / Catch-up,Fund after-school tutoring or remedial classes,4.0,"4 failed subjects, steep GPA decline",8000,2.373
948,18,Academic Strugglers,1,0.591,0,2,transport_support,Transport / Boarding Support,Subsidize commute costs or boarding for long-distance students,4.0,commute 20.0 km,6000,2.365
67,11,Academic Strugglers,2,0.589,1,2,transport_support,Transport / Boarding Support,Subsidize commute costs or boarding for long-distance students,4.0,commute 20.0 km,6000,2.354
552,12,Health-Constrained,3,0.586,0,2,academic_tutoring,Academic Tutoring / Catch-up,Fund after-school tutoring or remedial classes,4.0,"3 failed subjects, steep GPA decline",8000,2.343
340,10,Health-Constrained,2,0.585,1,2,health_support,Health & Attendance Support,"Fund school nurse visits, medical vouchers, attendance follow-up",4.0,"elevated health absences, chronic health risk, Health-Constrained persona",5000,2.341
492,1,Academic Strugglers,1,0.584,1,2,academic_tutoring,Academic Tutoring / Catch-up,Fund after-school tutoring or remedial classes,4.0,"multiple failed subjects, steep GPA decline, Academic Strugglers persona",8000,2.338
897,20,Academic Strugglers,1,0.542,1,2,academic_tutoring,Academic Tutoring / Catch-up,Fund after-school tutoring or remedial classes,4.3,"3 failed subjects, declining GPA, Academic Strugglers persona",8000,2.333
243,20,Health-Constrained,3,0.582,1,2,school_fee_support,School Fee Support,Cover term fees / bursary for high cash-flow volatility + low SES students,4.0,"mid-low SES, high cash-flow volatility, elevated dropout risk",15000,2.327
941,18,Academic Strugglers,1,0.581,0,2,academic_tutoring,Academic Tutoring / Catch-up,Fund after-school tutoring or remedial classes,4.0,"multiple failed subjects, steep GPA decline, Academic Strugglers persona",8000,2.326
488,10,Academic Strugglers,1,0.581,1,2,academic_tutoring,Academic Tutoring / Catch-up,Fund after-school tutoring or remedial classes,4.0,"multiple failed subjects, steep GPA decline, Academic Strugglers persona",8000,2.325
894,16,Health-Constrained,2,0.58,1,2,school_fee_support,School Fee Support,Cover term fees / bursary for high cash-flow volatility + low SES students,4.0,"low SES, elevated cash-flow volatility, elevated dropout risk",15000,2.321
669,11,Academic Strugglers,2,0.578,1,2,academic_tutoring,Academic Tutoring / Catch-up,Fund after-school tutoring or remedial classes,4.0,"multiple failed subjects, steep GPA decline, Academic Strugglers persona",8000,2.314
586,19,Academic Strugglers,3,0.578,1,2,school_fee_support,School Fee Support,Cover term fees / bursary for high cash-flow volatility + low SES students,4.0,"mid-low SES, high cash-flow volatility, elevated dropout risk",15000,2.312
823,8,Academic Strugglers,1,0.577,1,2,academic_tutoring,Academic Tutoring / Catch-up,Fund after-school tutoring or remedial classes,4.0,"multiple failed subjects, steep GPA decline, Academic Strugglers persona",8000,2.308
543,2,Health-Constrained,2,0.576,0,2,school_fee_support,School Fee Support,Cover term fees / bursary for high cash-flow volatility + low SES students,4.0,"low SES, elevated cash-flow volatility, elevated dropout risk",15000,2.305
517,10,Academic Strugglers,2,0.576,1,2,academic_tutoring,Academic Tutoring / Catch-up,Fund after-school tutoring or remedial classes,4.0,"multiple failed subjects, steep GPA decline, Academic Strugglers persona",8000,2.303
923,10,Academic Strugglers,2,0.574,0,2,academic_tutoring,Academic Tutoring / Catch-up,Fund after-school tutoring or remedial classes,4.0,"multiple failed subjects, steep GPA decline, Academic Strugglers persona",8000,2.294
428,9,Academic Strugglers,1,0.573,1,2,academic_tutoring,Academic Tutoring / Catch-up,Fund after-school tutoring or remedial classes,4.0,"multiple failed subjects, steep GPA decline, Academic Strugglers persona",8000,2.293
49,10,Health-Constrained,1,0.457,0,2,health_support,Health & Attendance Support,"Fund school nurse visits, medical vouchers, attendance follow-up",5.0,"17 health absences, chronic health risk, Health-Constrained persona",5000,2.286
589,3,Health-Constrained,1,0.456,0,2,health_support,Health & Attendance Support,"Fund school nurse visits, medical vouchers, attendance follow-up",5.0,"14 health absences, chronic health risk, Health-Constrained persona",5000,2.278
40,5,Academic Strugglers,1,0.528,1,2,academic_tutoring,Academic Tutoring / Catch-up,Fund after-school tutoring or remedial classes,4.3,"3 failed subjects, declining GPA, Academic Strugglers persona",8000,2.271
605,18,Health-Constrained,1,0.568,0,2,health_support,Health & Attendance Support,"Fund school nurse visits, medical vouchers, attendance follow-up",4.0,"elevated health absences, chronic health risk, Health-Constrained persona",5000,2.271
211,7,Academic Strugglers,1,0.568,0,2,academic_tutoring,Academic Tutoring / Catch-up,Fund after-school tutoring or remedial classes,4.0,"multiple failed subjects, steep GPA decline, Academic Strugglers persona",8000,2.27
290,20,Academic Strugglers,1,0.566,1,2,academic_tutoring,Academic Tutoring / Catch-up,Fund after-school tutoring or remedial classes,4.0,"multiple failed subjects, steep GPA decline, Academic Strugglers persona",8000,2.265
947,14,Academic Strugglers,3,0.566,1,2,school_fee_support,School Fee Support,Cover term fees / bursary for high cash-flow volatility + low SES students,4.0,"mid-low SES, high cash-flow volatility, elevated dropout risk",15000,2.263
667,12,Academic Strugglers,1,0.6,1,2,transport_support,Transport / Boarding Support,Subsidize commute costs or boarding for long-distance students,3.76,commute 17.6 km,6000,2.257
654,7,Health-Constrained,2,0.563,1,2,academic_tutoring,Academic Tutoring / Catch-up,Fund after-school tutoring or remedial classes,4.0,"3 failed subjects, steep GPA decline",8000,2.251
456,20,Academic Strugglers,1,0.643,1,2,health_support,Health & Attendance Support,"Fund school nurse visits, medical vouchers, attendance follow-up",3.5,"12 health absences, chronic health risk",5000,2.25
233,9,Academic Strugglers,1,0.523,1,2,academic_tutoring,Academic Tutoring / Catch-up,Fund after-school tutoring or remedial classes,4.3,"3 failed subjects, declining GPA, Academic Strugglers persona",8000,2.248
310,14,Academic Strugglers,1,0.562,1,2,transport_support,Transport / Boarding Support,Subsidize commute costs or boarding for long-distance students,4.0,commute 20.0 km,6000,2.248
545,11,Academic Strugglers,3,0.562,1,2,school_fee_support,School Fee Support,Cover term fees / bursary for high cash-flow volatility + low SES students,4.0,"mid-low SES, high cash-flow volatility, elevated dropout risk",15000,2.248
489,11,Academic Strugglers,1,0.559,1,2,academic_tutoring,Academic Tutoring / Catch-up,Fund after-school tutoring or remedial classes,4.0,"multiple failed subjects, steep GPA decline, Academic Strugglers persona",8000,2.237
433,8,Academic Strugglers,3,0.559,1,2,academic_tutoring,Academic Tutoring / Catch-up,Fund after-school tutoring or remedial classes,4.0,"multiple failed subjects, steep GPA decline, Academic Strugglers persona",8000,2.236
482,16,Academic Strugglers,1,0.559,0,2,academic_tutoring,Academic Tutoring / Catch-up,Fund after-school tutoring or remedial classes,4.0,"multiple failed subjects, steep GPA decline, Academic Strugglers persona",8000,2.234
730,19,Academic Strugglers,1,0.562,1,2,transport_support,Transport / Boarding Support,Subsidize commute costs or boarding for long-distance students,3.98,commute 19.8 km,6000,2.234
86,6,Academic Strugglers,1,0.589,1,2,transport_support,Transport / Boarding Support,Subsidize commute costs or boarding for long-distance students,3.79,commute 17.9 km,6000,2.233
10,8,Academic Strugglers,1,0.556,0,2,academic_tutoring,Academic Tutoring / Catch-up,Fund after-school tutoring or remedial classes,4.0,"multiple failed subjects, steep GPA decline, Academic Strugglers persona",8000,2.226
794,6,Academic Strugglers,1,0.556,1,2,academic_tutoring,Academic Tutoring / Catch-up,Fund after-school tutoring or remedial classes,4.0,"multiple failed subjects, steep GPA decline, Academic Strugglers persona",8000,2.222
93,10,Academic Strugglers,1,0.552,1,2,academic_tutoring,Academic Tutoring / Catch-up,Fund after-school tutoring or remedial classes,4.0,"multiple failed subjects, steep GPA decline, Academic Strugglers persona",8000,2.209
641,8,Academic Strugglers,2,0.514,0,2,academic_tutoring,Academic Tutoring / Catch-up,Fund after-school tutoring or remedial classes,4.3,"4 failed subjects, declining GPA, Academic Strugglers persona",8000,2.209
376,2,Academic Strugglers,1,0.552,1,2,academic_tutoring,Academic Tutoring / Catch-up,Fund after-school tutoring or remedial classes,4.0,"multiple failed subjects, steep GPA decline, Academic Strugglers persona",8000,2.207
60,6,Health-Constrained,1,0.552,1,2,health_support,Health & Attendance Support,"Fund school nurse visits, medical vouchers, attendance follow-up",4.0,"elevated health absences, chronic health risk, Health-Constrained persona",5000,2.206
766,10,Academic Strugglers,2,0.512,1,2,academic_tutoring,Academic Tutoring / Catch-up,Fund after-school tutoring or remedial classes,4.3,"3 failed subjects, declining GPA, Academic Strugglers persona",8000,2.203
102,13,Academic Strugglers,1,0.548,1,2,academic_tutoring,Academic Tutoring / Catch-up,Fund after-school tutoring or remedial classes,4.0,"multiple failed subjects, steep GPA decline, Academic Strugglers persona",8000,2.192
3,1,Health-Constrained,2,0.547,1,2,academic_tutoring,Academic Tutoring / Catch-up,Fund after-school tutoring or remedial classes,4.0,"5 failed subjects, steep GPA decline",8000,2.189
966,4,Academic Strugglers,2,0.547,1,2,academic_tutoring,Academic Tutoring / Catch-up,Fund after-school tutoring or remedial classes,4.0,"multiple failed subjects, steep GPA decline, Academic Strugglers persona",8000,2.187
282,13,Health-Constrained,2,0.546,1,2,health_support,Health & Attendance Support,"Fund school nurse visits, medical vouchers, attendance follow-up",4.0,"elevated health absences, chronic health risk, Health-Constrained persona",5000,2.183
642,17,Academic Strugglers,1,0.631,1,2,transport_support,Transport / Boarding Support,Subsidize commute costs or boarding for long-distance students,3.46,commute 14.6 km,6000,2.179
925,17,Academic Strugglers,1,0.578,0,2,transport_support,Transport / Boarding Support,Subsidize commute costs or boarding for long-distance students,3.76,commute 17.6 km,6000,2.172
322,12,Health-Constrained,2,0.541,1,2,health_support,Health & Attendance Support,"Fund school nurse visits, medical vouchers, attendance follow-up",4.0,"elevated health absences, chronic health risk, Health-Constrained persona",5000,2.164
24,19,Health-Constrained,3,0.54,1,2,health_support,Health & Attendance Support,"Fund school nurse visits, medical vouchers, attendance follow-up",4.0,"elevated health absences, chronic health risk, Health-Constrained persona",5000,2.161
238,5,Health-Constrained,2,0.54,0,2,school_fee_support,School Fee Support,Cover term fees / bursary for high cash-flow volatility + low SES students,4.0,"low SES, elevated cash-flow volatility, elevated dropout risk",15000,2.159
27,13,Health-Constrained,2,0.538,1,2,academic_tutoring,Academic Tutoring / Catch-up,Fund after-school tutoring or remedial classes,4.0,"3 failed subjects, steep GPA decline",8000,2.153
694,11,Academic Strugglers,2,0.536,1,2,academic_tutoring,Academic Tutoring / Catch-up,Fund after-school tutoring or remedial classes,4.0,"multiple failed subjects, steep GPA decline, Academic Strugglers persona",8000,2.145
212,2,Health-Constrained,2,0.536,1,2,academic_tutoring,Academic Tutoring / Catch-up,Fund after-school tutoring or remedial classes,4.0,"3 failed subjects, steep GPA decline",8000,2.143
838,2,Academic Strugglers,1,0.714,1,2,school_fee_support,School Fee Support,Cover term fees / bursary for high cash-flow volatility + low SES students,3.0,"low SES, elevated dropout risk",15000,2.143
810,2,Health-Constrained,2,0.534,1,2,school_fee_support,School Fee Support,Cover term fees / bursary for high cash-flow volatility + low SES students,4.0,"low SES, elevated cash-flow volatility, elevated dropout risk",15000,2.138
19,2,Academic Strugglers,1,0.534,1,2,academic_tutoring,Academic Tutoring / Catch-up,Fund after-school tutoring or remedial classes,4.0,"multiple failed subjects, steep GPA decline, Academic Strugglers persona",8000,2.136
315,6,Academic Strugglers,2,0.565,1,2,transport_support,Transport / Boarding Support,Subsidize commute costs or boarding for long-distance students,3.78,commute 17.8 km,6000,2.134
160,6,Academic Strugglers,1,0.533,1,2,academic_tutoring,Academic Tutoring / Catch-up,Fund after-school tutoring or remedial classes,4.0,"multiple failed subjects, steep GPA decline, Academic Strugglers persona",8000,2.133
147,11,Academic Strugglers,2,0.532,1,2,academic_tutoring,Academic Tutoring / Catch-up,Fund after-school tutoring or remedial classes,4.0,"multiple failed subjects, steep GPA decline, Academic Strugglers persona",8000,2.129
703,16,Academic Strugglers,2,0.532,1,2,academic_tutoring,Academic Tutoring / Catch-up,Fund after-school tutoring or remedial classes,4.0,"multiple failed subjects, steep GPA decline, Academic Strugglers persona",8000,2.127
165,2,Health-Constrained,2,0.531,1,2,health_support,Health & Attendance Support,"Fund school nurse visits, medical vouchers, attendance follow-up",4.0,"elevated health absences, chronic health risk, Health-Constrained persona",5000,2.123
945,16,Academic Strugglers,2,0.492,1,2,academic_tutoring,Academic Tutoring / Catch-up,Fund after-school tutoring or remedial classes,4.3,"3 failed subjects, declining GPA, Academic Strugglers persona",8000,2.117
573,17,Health-Constrained,1,0.528,1,2,health_support,Health & Attendance Support,"Fund school nurse visits, medical vouchers, attendance follow-up",4.0,"elevated health absences, chronic health risk, Health-Constrained persona",5000,2.113
548,15,Health-Constrained,3,0.527,1,2,health_support,Health & Attendance Support,"Fund school nurse visits, medical vouchers, attendance follow-up",4.0,"elevated health absences, chronic health risk, Health-Constrained persona",5000,2.107
131,9,Academic Strugglers,2,0.527,1,2,academic_tutoring,Academic Tutoring / Catch-up,Fund after-school tutoring or remedial classes,4.0,"multiple failed subjects, steep GPA decline, Academic Strugglers persona",8000,2.106
274,15,Academic Strugglers,1,0.665,0,2,transport_support,Transport / Boarding Support,Subsidize commute costs or boarding for long-distance students,3.17,commute 11.7 km,6000,2.105
78,19,Academic Strugglers,1,0.489,1,2,academic_tutoring,Academic Tutoring / Catch-up,Fund after-school tutoring or remedial classes,4.3,"3 failed subjects, declining GPA, Academic Strugglers persona",8000,2.104
553,3,Health-Constrained,3,0.526,1,2,school_fee_support,School Fee Support,Cover term fees / bursary for high cash-flow volatility + low SES students,4.0,"mid-low SES, high cash-flow volatility, elevated dropout risk",15000,2.103
493,3,Health-Constrained,3,0.525,1,2,academic_tutoring,Academic Tutoring / Catch-up,Fund after-school tutoring or remedial classes,4.0,"4 failed subjects, steep GPA decline",8000,2.099
172,13,Health-Constrained,3,0.518,1,2,school_fee_support,School Fee Support,Cover term fees / bursary for high cash-flow volatility + low SES students,4.0,"mid-low SES, high cash-flow volatility, elevated dropout risk",15000,2.073
841,10,Health-Constrained,1,0.516,1,2,health_support,Health & Attendance Support,"Fund school nurse visits, medical vouchers, attendance follow-up",4.0,"elevated health absences, chronic health risk, Health-Constrained persona",5000,2.065
985,5,Academic Strugglers,2,0.516,1,2,academic_tutoring,Academic Tutoring / Catch-up,Fund after-school tutoring or remedial classes,4.0,"multiple failed subjects, steep GPA decline, Academic Strugglers persona",8000,2.062
465,17,Academic Strugglers,1,0.588,1,2,transport_support,Transport / Boarding Support,Subsidize commute costs or boarding for long-distance students,3.5,commute 15.0 km,6000,2.056
218,13,Academic Strugglers,3,0.477,1,2,academic_tutoring,Academic Tutoring / Catch-up,Fund after-school tutoring or remedial classes,4.3,"3 failed subjects, declining GPA, Academic Strugglers persona",8000,2.052
364,15,Academic Strugglers,1,0.575,0,2,transport_support,Transport / Boarding Support,Subsidize commute costs or boarding for long-distance students,3.57,commute 15.7 km,6000,2.052
65,20,Academic Strugglers,1,0.513,0,2,academic_tutoring,Academic Tutoring / Catch-up,Fund after-school tutoring or remedial classes,4.0,"multiple failed subjects, steep GPA decline, Academic Strugglers persona",8000,2.05
168,2,Health-Constrained,1,0.511,1,2,health_support,Health & Attendance Support,"Fund school nurse visits, medical vouchers, attendance follow-up",4.0,"elevated health absences, chronic health risk, Health-Constrained persona",5000,2.044
120,16,Academic Strugglers,3,0.51,0,2,school_fee_support,School Fee Support,Cover term fees / bursary for high cash-flow volatility + low SES students,4.0,"mid-low SES, high cash-flow volatility, elevated dropout risk",15000,2.041
847,6,Academic Strugglers,3,0.51,1,2,school_fee_support,School Fee Support,Cover term fees / bursary for high cash-flow volatility + low SES students,4.0,"mid-low SES, high cash-flow volatility, elevated dropout risk",15000,2.041
728,16,Academic Strugglers,2,0.51,1,2,academic_tutoring,Academic Tutoring / Catch-up,Fund after-school tutoring or remedial classes,4.0,"multiple failed subjects, steep GPA decline, Academic Strugglers persona",8000,2.039
977,13,Academic Strugglers,2,0.509,1,2,school_fee_support,School Fee Support,Cover term fees / bursary for high cash-flow volatility + low SES students,4.0,"low SES, elevated cash-flow volatility, elevated dropout risk",15000,2.034
739,10,Academic Strugglers,1,0.583,0,2,transport_support,Transport / Boarding Support,Subsidize commute costs or boarding for long-distance students,3.48,commute 14.8 km,6000,2.027
887,2,Academic Strugglers,1,0.506,1,2,academic_tutoring,Academic Tutoring / Catch-up,Fund after-school tutoring or remedial classes,4.0,"multiple failed subjects, steep GPA decline, Academic Strugglers persona",8000,2.023
498,3,Health-Constrained,2,0.503,1,2,health_support,Health & Attendance Support,"Fund school nurse visits, medical vouchers, attendance follow-up",4.0,"elevated health absences, chronic health risk, Health-Constrained persona",5000,2.013
518,20,Academic Strugglers,3,0.502,0,2,academic_tutoring,Academic Tutoring / Catch-up,Fund after-school tutoring or remedial classes,4.0,"multiple failed subjects, steep GPA decline, Academic Strugglers persona",8000,2.009
872,3,Health-Constrained,2,0.499,1,2,academic_tutoring,Academic Tutoring / Catch-up,Fund after-school tutoring or remedial classes,4.0,"3 failed subjects, steep GPA decline",8000,1.994
117,16,Academic Strugglers,2,0.498,1,2,academic_tutoring,Academic Tutoring / Catch-up,Fund after-school tutoring or remedial classes,4.0,"multiple failed subjects, steep GPA decline, Academic Strugglers persona",8000,1.992
18,14,Academic Strugglers,2,0.498,1,2,transport_support,Transport / Boarding Support,Subsidize commute costs or boarding for long-distance students,4.0,commute 20.0 km,6000,1.99
353,18,Academic Strugglers,3,0.495,1,2,school_fee_support,School Fee Support,Cover term fees / bursary for high cash-flow volatility + low SES students,4.0,"mid-low SES, high cash-flow volatility, elevated dropout risk",15000,1.981
283,11,Academic Strugglers,2,0.495,1,2,academic_tutoring,Academic Tutoring / Catch-up,Fund after-school tutoring or remedial classes,4.0,"multiple failed subjects, steep GPA decline, Academic Strugglers persona",8000,1.978
437,10,Academic Strugglers,2,0.46,1,2,academic_tutoring,Academic Tutoring / Catch-up,Fund after-school tutoring or remedial classes,4.3,"3 failed subjects, declining GPA, Academic Strugglers persona",8000,1.977
229,10,Academic Strugglers,2,0.553,1,2,transport_support,Transport / Boarding Support,Subsidize commute costs or boarding for long-distance students,3.57,commute 15.7 km,6000,1.974
587,5,Health-Constrained,3,0.492,0,2,school_fee_support,School Fee Support,Cover term fees / bursary for high cash-flow volatility + low SES students,4.0,"mid-low SES, high cash-flow volatility, elevated dropout risk",15000,1.969
139,15,Academic Strugglers,1,0.552,1,2,transport_support,Transport / Boarding Support,Subsidize commute costs or boarding for long-distance students,3.55,commute 15.5 km,6000,1.962
426,6,Academic Strugglers,2,0.489,1,2,school_fee_support,School Fee Support,Cover term fees / bursary for high cash-flow volatility + low SES students,4.0,"low SES, elevated cash-flow volatility, elevated dropout risk",15000,1.956
600,15,Academic Strugglers,1,0.59,1,2,transport_support,Transport / Boarding Support,Subsidize commute costs or boarding for long-distance students,3.31,commute 13.1 km,6000,1.955
958,6,Academic Strugglers,2,0.488,0,2,academic_tutoring,Academic Tutoring / Catch-up,Fund after-school tutoring or remedial classes,4.0,"multiple failed subjects, steep GPA decline, Academic Strugglers persona",8000,1.952
206,13,Academic Strugglers,2,0.528,1,2,transport_support,Transport / Boarding Support,Subsidize commute costs or boarding for long-distance students,3.67,commute 16.7 km,6000,1.938
747,8,Academic Strugglers,3,0.485,1,2,school_fee_support,School Fee Support,Cover term fees / bursary for high cash-flow volatility + low SES students,4.0,"mid-low SES, high cash-flow volatility, elevated dropout risk",15000,1.938
670,15,Academic Strugglers,1,0.58,1,2,transport_support,Transport / Boarding Support,Subsidize commute costs or boarding for long-distance students,3.33,commute 13.3 km,6000,1.929
198,5,Academic Strugglers,3,0.482,1,2,academic_tutoring,Academic Tutoring / Catch-up,Fund after-school tutoring or remedial classes,4.0,"multiple failed subjects, steep GPA decline, Academic Strugglers persona",8000,1.926
411,14,Health-Constrained,2,0.481,0,2,school_fee_support,School Fee Support,Cover term fees / bursary for high cash-flow volatility + low SES students,4.0,"low SES, elevated cash-flow volatility, elevated dropout risk",15000,1.925
45,6,Academic Strugglers,1,0.579,1,2,academic_tutoring,Academic Tutoring / Catch-up,Fund after-school tutoring or remedial classes,3.3,"multiple failed subjects, declining GPA, Academic Strugglers persona",8000,1.912
87,3,Academic Strugglers,3,0.485,0,2,transport_support,Transport / Boarding Support,Subsidize commute costs or boarding for long-distance students,3.94,commute 19.4 km,6000,1.91
957,18,Health-Constrained,1,0.472,1,2,health_support,Health & Attendance Support,"Fund school nurse visits, medical vouchers, attendance follow-up",4.0,"elevated health absences, chronic health risk, Health-Constrained persona",5000,1.889
817,13,Health-Constrained,3,0.472,1,2,health_support,Health & Attendance Support,"Fund school nurse visits, medical vouchers, attendance follow-up",4.0,"elevated health absences, chronic health risk, Health-Constrained persona",5000,1.888
637,11,Academic Strugglers,3,0.471,1,2,academic_tutoring,Academic Tutoring / Catch-up,Fund after-school tutoring or remedial classes,4.0,"multiple failed subjects, steep GPA decline, Academic Strugglers persona",8000,1.886
163,3,Academic Strugglers,3,0.483,1,2,transport_support,Transport / Boarding Support,Subsidize commute costs or boarding for long-distance students,3.88,commute 18.8 km,6000,1.873
522,20,Health-Constrained,2,0.468,1,2,school_fee_support,School Fee Support,Cover term fees / bursary for high cash-flow volatility + low SES students,4.0,"low SES, elevated cash-flow volatility, elevated dropout risk",15000,1.872
464,5,Academic Strugglers,2,0.468,1,2,academic_tutoring,Academic Tutoring / Catch-up,Fund after-school tutoring or remedial classes,4.0,"multiple failed subjects, steep GPA decline, Academic Strugglers persona",8000,1.871
127,7,Academic Strugglers,1,0.565,1,2,academic_tutoring,Academic Tutoring / Catch-up,Fund after-school tutoring or remedial classes,3.3,"multiple failed subjects, declining GPA, Academic Strugglers persona",8000,1.866
251,2,Academic Strugglers,1,0.565,1,2,academic_tutoring,Academic Tutoring / Catch-up,Fund after-school tutoring or remedial classes,3.3,"multiple failed subjects, declining GPA, Academic Strugglers persona",8000,1.863
821,18,Academic Strugglers,3,0.465,1,2,school_fee_support,School Fee Support,Cover term fees / bursary for high cash-flow volatility + low SES students,4.0,"mid-low SES, high cash-flow volatility, elevated dropout risk",15000,1.86
652,15,Academic Strugglers,1,0.562,1,2,academic_tutoring,Academic Tutoring / Catch-up,Fund after-school tutoring or remedial classes,3.3,"multiple failed subjects, declining GPA, Academic Strugglers persona",8000,1.853
606,1,Academic Strugglers,3,0.52,1,2,transport_support,Transport / Boarding Support,Subsidize commute costs or boarding for long-distance students,3.56,commute 15.6 km,6000,1.852
217,8,Health-Constrained,4,0.463,1,2,academic_tutoring,Academic Tutoring / Catch-up,Fund after-school tutoring or remedial classes,4.0,"3 failed subjects, steep GPA decline",8000,1.851
382,4,Academic Strugglers,1,0.572,1,2,transport_support,Transport / Boarding Support,Subsidize commute costs or boarding for long-distance students,3.24,commute 12.4 km,6000,1.851
105,8,Academic Strugglers,1,0.561,1,2,academic_tutoring,Academic Tutoring / Catch-up,Fund after-school tutoring or remedial classes,3.3,"multiple failed subjects, declining GPA, Academic Strugglers persona",8000,1.85
539,2,Academic Strugglers,1,0.616,0,2,school_fee_support,School Fee Support,Cover term fees / bursary for high cash-flow volatility + low SES students,3.0,"low SES, elevated dropout risk",15000,1.847
547,16,Academic Strugglers,3,0.516,0,2,transport_support,Transport / Boarding Support,Subsidize commute costs or boarding for long-distance students,3.57,commute 15.7 km,6000,1.841
883,12,Academic Strugglers,3,0.46,1,2,school_fee_support,School Fee Support,Cover term fees / bursary for high cash-flow volatility + low SES students,4.0,"mid-low SES, high cash-flow volatility, elevated dropout risk",15000,1.839
116,9,Academic Strugglers,3,0.46,1,2,school_fee_support,School Fee Support,Cover term fees / bursary for high cash-flow volatility + low SES students,4.0,"mid-low SES, high cash-flow volatility, elevated dropout risk",15000,1.838
215,12,Health-Constrained,3,0.459,1,2,school_fee_support,School Fee Support,Cover term fees / bursary for high cash-flow volatility + low SES students,4.0,"mid-low SES, high cash-flow volatility, elevated dropout risk",15000,1.837
348,20,Academic Strugglers,1,0.557,1,2,academic_tutoring,Academic Tutoring / Catch-up,Fund after-school tutoring or remedial classes,3.3,"multiple failed subjects, declining GPA, Academic Strugglers persona",8000,1.837
526,9,Academic Strugglers,1,0.556,1,2,academic_tutoring,Academic Tutoring / Catch-up,Fund after-school tutoring or remedial classes,3.3,"multiple failed subjects, declining GPA, Academic Strugglers persona",8000,1.836
285,3,Academic Strugglers,1,0.593,1,2,transport_support,Transport / Boarding Support,Subsidize commute costs or boarding for long-distance students,3.09,commute 10.9 km,6000,1.832
276,17,Academic Strugglers,1,0.596,1,2,transport_support,Transport / Boarding Support,Subsidize commute costs or boarding for long-distance students,3.06,commute 10.6 km,6000,1.824
614,12,Academic Strugglers,1,0.55,1,2,academic_tutoring,Academic Tutoring / Catch-up,Fund after-school tutoring or remedial classes,3.3,"multiple failed subjects, declining GPA, Academic Strugglers persona",8000,1.814
179,12,Academic Strugglers,1,0.549,0,2,academic_tutoring,Academic Tutoring / Catch-up,Fund after-school tutoring or remedial classes,3.3,"multiple failed subjects, declining GPA, Academic Strugglers persona",8000,1.813
627,10,Academic Strugglers,1,0.549,1,2,academic_tutoring,Academic Tutoring / Catch-up,Fund after-school tutoring or remedial classes,3.3,"multiple failed subjects, declining GPA, Academic Strugglers persona",8000,1.813
940,8,Health-Constrained,2,0.453,1,2,health_support,Health & Attendance Support,"Fund school nurse visits, medical vouchers, attendance follow-up",4.0,"elevated health absences, chronic health risk, Health-Constrained persona",5000,1.811
664,18,Academic Strugglers,1,0.557,1,2,transport_support,Transport / Boarding Support,Subsidize commute costs or boarding for long-distance students,3.24,commute 12.4 km,6000,1.804
809,11,Academic Strugglers,2,0.53,1,2,transport_support,Transport / Boarding Support,Subsidize commute costs or boarding for long-distance students,3.39,commute 13.9 km,6000,1.8
368,20,Academic Strugglers,2,0.464,1,2,transport_support,Transport / Boarding Support,Subsidize commute costs or boarding for long-distance students,3.87,commute 18.7 km,6000,1.799
503,1,Academic Strugglers,1,0.571,1,2,transport_support,Transport / Boarding Support,Subsidize commute costs or boarding for long-distance students,3.15,commute 11.5 km,6000,1.799
519,9,Academic Strugglers,3,0.53,1,2,transport_support,Transport / Boarding Support,Subsidize commute costs or boarding for long-distance students,3.39,commute 13.9 km,6000,1.799
848,17,Academic Strugglers,1,0.545,1,2,academic_tutoring,Academic Tutoring / Catch-up,Fund after-school tutoring or remedial classes,3.3,"multiple failed subjects, declining GPA, Academic Strugglers persona",8000,1.799
914,18,Academic Strugglers,1,0.545,0,2,academic_tutoring,Academic Tutoring / Catch-up,Fund after-school tutoring or remedial classes,3.3,"multiple failed subjects, declining GPA, Academic Strugglers persona",8000,1.799
149,19,Academic Strugglers,2,0.544,1,2,academic_tutoring,Academic Tutoring / Catch-up,Fund after-school tutoring or remedial classes,3.3,"multiple failed subjects, declining GPA, Academic Strugglers persona",8000,1.794
867,1,Academic Strugglers,1,0.544,1,2,academic_tutoring,Academic Tutoring / Catch-up,Fund after-school tutoring or remedial classes,3.3,"multiple failed subjects, declining GPA, Academic Strugglers persona",8000,1.794
366,18,Health-Constrained,4,0.447,1,2,academic_tutoring,Academic Tutoring / Catch-up,Fund after-school tutoring or remedial classes,4.0,"4 failed subjects, steep GPA decline",8000,1.787
819,7,Academic Strugglers,1,0.541,1,2,academic_tutoring,Academic Tutoring / Catch-up,Fund after-school tutoring or remedial classes,3.3,"multiple failed subjects, declining GPA, Academic Strugglers persona",8000,1.786
451,9,Academic Strugglers,1,0.553,1,2,transport_support,Transport / Boarding Support,Subsidize commute costs or boarding for long-distance students,3.23,commute 12.3 km,6000,1.783
558,7,Academic Strugglers,1,0.54,1,2,academic_tutoring,Academic Tutoring / Catch-up,Fund after-school tutoring or remedial classes,3.3,"multiple failed subjects, declining GPA, Academic Strugglers persona",8000,1.781
619,2,Academic Strugglers,2,0.521,1,2,transport_support,Transport / Boarding Support,Subsidize commute costs or boarding for long-distance students,3.41,commute 14.1 km,6000,1.778
853,12,Academic Strugglers,2,0.539,1,2,academic_tutoring,Academic Tutoring / Catch-up,Fund after-school tutoring or remedial classes,3.3,"multiple failed subjects, declining GPA, Academic Strugglers persona",8000,1.778
6,10,Academic Strugglers,1,0.535,0,2,academic_tutoring,Academic Tutoring / Catch-up,Fund after-school tutoring or remedial classes,3.3,"multiple failed subjects, declining GPA, Academic Strugglers persona",8000,1.764
307,6,Academic Strugglers,2,0.441,1,2,school_fee_support,School Fee Support,Cover term fees / bursary for high cash-flow volatility + low SES students,4.0,"low SES, elevated cash-flow volatility, elevated dropout risk",15000,1.764
932,3,Academic Strugglers,1,0.534,1,2,academic_tutoring,Academic Tutoring / Catch-up,Fund after-school tutoring or remedial classes,3.3,"multiple failed subjects, declining GPA, Academic Strugglers persona",8000,1.762
338,3,Academic Strugglers,2,0.586,0,2,school_fee_support,School Fee Support,Cover term fees / bursary for high cash-flow volatility + low SES students,3.0,"low SES, elevated dropout risk",15000,1.757
574,15,Academic Strugglers,1,0.56,1,2,transport_support,Transport / Boarding Support,Subsidize commute costs or boarding for long-distance students,3.12,commute 11.2 km,6000,1.748
253,10,Academic Strugglers,2,0.498,1,2,transport_support,Transport / Boarding Support,Subsidize commute costs or boarding for long-distance students,3.48,commute 14.8 km,6000,1.735
830,8,Academic Strugglers,1,0.521,0,2,academic_tutoring,Academic Tutoring / Catch-up,Fund after-school tutoring or remedial classes,3.3,"multiple failed subjects, declining GPA, Academic Strugglers persona",8000,1.721
299,16,Academic Strugglers,2,0.52,1,2,academic_tutoring,Academic Tutoring / Catch-up,Fund after-school tutoring or remedial classes,3.3,"multiple failed subjects, declining GPA, Academic Strugglers persona",8000,1.717
454,12,Health-Constrained,3,0.427,0,2,school_fee_support,School Fee Support,Cover term fees / bursary for high cash-flow volatility + low SES students,4.0,"mid-low SES, high cash-flow volatility, elevated dropout risk",15000,1.71
743,7,Academic Strugglers,2,0.478,1,2,transport_support,Transport / Boarding Support,Subsidize commute costs or boarding for long-distance students,3.58,commute 15.8 km,6000,1.709
973,20,Health-Constrained,2,0.518,1,2,academic_tutoring,Academic Tutoring / Catch-up,Fund after-school tutoring or remedial classes,3.3,"3 failed subjects, declining GPA",8000,1.708
28,16,Academic Strugglers,3,0.483,1,2,transport_support,Transport / Boarding Support,Subsidize commute costs or boarding for long-distance students,3.51,commute 15.1 km,6000,1.697
720,11,Academic Strugglers,1,0.514,1,2,academic_tutoring,Academic Tutoring / Catch-up,Fund after-school tutoring or remedial classes,3.3,"multiple failed subjects, declining GPA, Academic Strugglers persona",8000,1.695
480,9,Academic Strugglers,1,0.58,1,2,transport_support,Transport / Boarding Support,Subsidize commute costs or boarding for long-distance students,2.92,commute 9.2 km,6000,1.694
141,8,Academic Strugglers,2,0.513,1,2,academic_tutoring,Academic Tutoring / Catch-up,Fund after-school tutoring or remedial classes,3.3,"multiple failed subjects, declining GPA, Academic Strugglers persona",8000,1.692
911,10,Academic Strugglers,2,0.511,0,2,academic_tutoring,Academic Tutoring / Catch-up,Fund after-school tutoring or remedial classes,3.3,"multiple failed subjects, declining GPA, Academic Strugglers persona",8000,1.688
473,10,Academic Strugglers,1,0.551,1,2,transport_support,Transport / Boarding Support,Subsidize commute costs or boarding for long-distance students,3.06,commute 10.6 km,6000,1.686
133,8,Academic Strugglers,2,0.54,1,2,transport_support,Transport / Boarding Support,Subsidize commute costs or boarding for long-distance students,3.12,commute 11.2 km,6000,1.684
623,18,Health-Constrained,4,0.421,0,2,academic_tutoring,Academic Tutoring / Catch-up,Fund after-school tutoring or remedial classes,4.0,"3 failed subjects, steep GPA decline",8000,1.683
984,11,Academic Strugglers,2,0.505,1,2,academic_tutoring,Academic Tutoring / Catch-up,Fund after-school tutoring or remedial classes,3.3,"multiple failed subjects, declining GPA, Academic Strugglers persona",8000,1.667
237,9,Academic Strugglers,2,0.554,1,2,school_fee_support,School Fee Support,Cover term fees / bursary for high cash-flow volatility + low SES students,3.0,"low SES, elevated dropout risk",15000,1.662
806,8,Academic Strugglers,1,0.554,1,2,school_fee_support,School Fee Support,Cover term fees / bursary for high cash-flow volatility + low SES students,3.0,"low SES, elevated dropout risk",15000,1.661
124,7,Academic Strugglers,2,0.502,1,2,academic_tutoring,Academic Tutoring / Catch-up,Fund after-school tutoring or remedial classes,3.3,"multiple failed subjects, declining GPA, Academic Strugglers persona",8000,1.658
268,18,Academic Strugglers,1,0.501,0,2,academic_tutoring,Academic Tutoring / Catch-up,Fund after-school tutoring or remedial classes,3.3,"multiple failed subjects, declining GPA, Academic Strugglers persona",8000,1.653
420,18,Academic Strugglers,2,0.478,1,2,transport_support,Transport / Boarding Support,Subsidize commute costs or boarding for long-distance students,3.45,commute 14.5 km,6000,1.648
350,19,Academic Strugglers,3,0.448,1,2,transport_support,Transport / Boarding Support,Subsidize commute costs or boarding for long-distance students,3.66,commute 16.6 km,6000,1.643
844,10,Health-Constrained,3,0.41,0,2,health_support,Health & Attendance Support,"Fund school nurse visits, medical vouchers, attendance follow-up",4.0,"elevated health absences, chronic health risk, Health-Constrained persona",5000,1.641
895,16,Academic Strugglers,3,0.545,1,2,transport_support,Transport / Boarding Support,Subsidize commute costs or boarding for long-distance students,3.01,commute 10.1 km,6000,1.64
955,19,Academic Strugglers,2,0.497,0,2,academic_tutoring,Academic Tutoring / Catch-up,Fund after-school tutoring or remedial classes,3.3,"multiple failed subjects, declining GPA, Academic Strugglers persona",8000,1.64
58,9,Academic Strugglers,1,0.497,1,2,academic_tutoring,Academic Tutoring / Catch-up,Fund after-school tutoring or remedial classes,3.3,"multiple failed subjects, declining GPA, Academic Strugglers persona",8000,1.639
447,19,Academic Strugglers,1,0.496,1,2,academic_tutoring,Academic Tutoring / Catch-up,Fund after-school tutoring or remedial classes,3.3,"multiple failed subjects, declining GPA, Academic Strugglers persona",8000,1.638
788,8,Academic Strugglers,2,0.496,1,2,academic_tutoring,Academic Tutoring / Catch-up,Fund after-school tutoring or remedial classes,3.3,"multiple failed subjects, declining GPA, Academic Strugglers persona",8000,1.638
904,2,Academic Strugglers,4,0.468,1,2,academic_tutoring,Academic Tutoring / Catch-up,Fund after-school tutoring or remedial classes,3.5,"3 failed subjects, Academic Strugglers persona",8000,1.638
988,14,Academic Strugglers,1,0.496,1,2,academic_tutoring,Academic Tutoring / Catch-up,Fund after-school tutoring or remedial classes,3.3,"multiple failed subjects, declining GPA, Academic Strugglers persona",8000,1.638
166,10,Academic Strugglers,3,0.545,1,2,school_fee_support,School Fee Support,Cover term fees / bursary for high cash-flow volatility + low SES students,3.0,"mid-low SES, elevated cash-flow volatility, elevated dropout risk",15000,1.636
41,18,Academic Strugglers,2,0.492,1,2,academic_tutoring,Academic Tutoring / Catch-up,Fund after-school tutoring or remedial classes,3.3,"multiple failed subjects, declining GPA, Academic Strugglers persona",8000,1.625
776,19,Academic Strugglers,3,0.458,1,2,transport_support,Transport / Boarding Support,Subsidize commute costs or boarding for long-distance students,3.54,commute 15.4 km,6000,1.624
846,13,Academic Strugglers,2,0.484,1,2,academic_tutoring,Academic Tutoring / Catch-up,Fund after-school tutoring or remedial classes,3.3,"multiple failed subjects, declining GPA, Academic Strugglers persona",8000,1.596
458,12,Stable Achievers,3,0.483,0,2,academic_tutoring,Academic Tutoring / Catch-up,Fund after-school tutoring or remedial classes,3.3,"3 failed subjects, declining GPA",8000,1.595
167,2,Academic Strugglers,2,0.53,1,2,school_fee_support,School Fee Support,Cover term fees / bursary for high cash-flow volatility + low SES students,3.0,"low SES, elevated dropout risk",15000,1.589
877,14,Academic Strugglers,2,0.487,1,2,transport_support,Transport / Boarding Support,Subsidize commute costs or boarding for long-distance students,3.26,commute 12.6 km,6000,1.587
336,1,Academic Strugglers,2,0.481,1,2,academic_tutoring,Academic Tutoring / Catch-up,Fund after-school tutoring or remedial classes,3.3,"multiple failed subjects, declining GPA, Academic Strugglers persona",8000,1.586
687,3,Health-Constrained,3,0.48,1,2,academic_tutoring,Academic Tutoring / Catch-up,Fund after-school tutoring or remedial classes,3.3,"3 failed subjects, declining GPA",8000,1.584
581,7,Academic Strugglers,2,0.527,1,2,school_fee_support,School Fee Support,Cover term fees / bursary for high cash-flow volatility + low SES students,3.0,"low SES, elevated dropout risk",15000,1.582
74,12,Academic Strugglers,2,0.479,1,2,academic_tutoring,Academic Tutoring / Catch-up,Fund after-school tutoring or remedial classes,3.3,"multiple failed subjects, declining GPA, Academic Strugglers persona",8000,1.581
782,16,Academic Strugglers,2,0.475,1,2,academic_tutoring,Academic Tutoring / Catch-up,Fund after-school tutoring or remedial classes,3.3,"multiple failed subjects, declining GPA, Academic Strugglers persona",8000,1.568
410,16,Academic Strugglers,1,0.546,0,2,transport_support,Transport / Boarding Support,Subsidize commute costs or boarding for long-distance students,2.87,commute 8.7 km,6000,1.566
499,5,Academic Strugglers,1,0.513,1,2,transport_support,Transport / Boarding Support,Subsidize commute costs or boarding for long-distance students,3.05,commute 10.5 km,6000,1.565
81,9,Academic Strugglers,3,0.449,1,2,transport_support,Transport / Boarding Support,Subsidize commute costs or boarding for long-distance students,3.48,commute 14.8 km,6000,1.561
261,4,Academic Strugglers,1,0.475,1,2,transport_support,Transport / Boarding Support,Subsidize commute costs or boarding for long-distance students,3.27,commute 12.7 km,6000,1.554
731,12,Health-Constrained,3,0.471,1,2,academic_tutoring,Academic Tutoring / Catch-up,Fund after-school tutoring or remedial classes,3.3,"4 failed subjects, declining GPA",8000,1.553
381,11,Academic Strugglers,2,0.47,1,2,academic_tutoring,Academic Tutoring / Catch-up,Fund after-school tutoring or remedial classes,3.3,"multiple failed subjects, declining GPA, Academic Strugglers persona",8000,1.55
255,6,Academic Strugglers,2,0.492,1,2,transport_support,Transport / Boarding Support,Subsidize commute costs or boarding for long-distance students,3.15,commute 11.5 km,6000,1.549
907,7,Academic Strugglers,2,0.469,1,2,academic_tutoring,Academic Tutoring / Catch-up,Fund after-school tutoring or remedial classes,3.3,"multiple failed subjects, declining GPA, Academic Strugglers persona",8000,1.547
43,2,Academic Strugglers,1,0.528,1,2,transport_support,Transport / Boarding Support,Subsidize commute costs or boarding for long-distance students,2.92,commute 9.2 km,6000,1.545
289,8,Academic Strugglers,2,0.468,0,2,academic_tutoring,Academic Tutoring / Catch-up,Fund after-school tutoring or remedial classes,3.3,"multiple failed subjects, declining GPA, Academic Strugglers persona",8000,1.543
729,8,Academic Strugglers,2,0.467,1,2,academic_tutoring,Academic Tutoring / Catch-up,Fund after-school tutoring or remedial classes,3.3,"multiple failed subjects, declining GPA, Academic Strugglers persona",8000,1.541
961,2,Health-Constrained,3,0.385,0,2,school_fee_support,School Fee Support,Cover term fees / bursary for high cash-flow volatility + low SES students,4.0,"mid-low SES, high cash-flow volatility, elevated dropout risk",15000,1.541
423,6,Academic Strugglers,1,0.512,0,2,school_fee_support,School Fee Support,Cover term fees / bursary for high cash-flow volatility + low SES students,3.0,"low SES, elevated dropout risk",15000,1.536
199,16,Academic Strugglers,1,0.469,1,2,transport_support,Transport / Boarding Support,Subsidize commute costs or boarding for long-distance students,3.27,commute 12.7 km,6000,1.535
608,11,Academic Strugglers,2,0.509,1,2,school_fee_support,School Fee Support,Cover term fees / bursary for high cash-flow volatility + low SES students,3.0,"low SES, elevated dropout risk",15000,1.526
750,20,Academic Strugglers,4,0.509,1,2,school_fee_support,School Fee Support,Cover term fees / bursary for high cash-flow volatility + low SES students,3.0,"high cash-flow volatility, elevated dropout risk",15000,1.526
404,14,Academic Strugglers,1,0.492,1,2,transport_support,Transport / Boarding Support,Subsidize commute costs or boarding for long-distance students,3.09,commute 10.9 km,6000,1.519
495,7,Academic Strugglers,2,0.459,1,2,academic_tutoring,Academic Tutoring / Catch-up,Fund after-school tutoring or remedial classes,3.3,"multiple failed subjects, declining GPA, Academic Strugglers persona",8000,1.516
57,7,Academic Strugglers,1,0.459,1,2,academic_tutoring,Academic Tutoring / Catch-up,Fund after-school tutoring or remedial classes,3.3,"multiple failed subjects, declining GPA, Academic Strugglers persona",8000,1.515
559,19,Academic Strugglers,3,0.505,0,2,school_fee_support,School Fee Support,Cover term fees / bursary for high cash-flow volatility + low SES students,3.0,"mid-low SES, elevated cash-flow volatility, elevated dropout risk",15000,1.515
409,10,Academic Strugglers,2,0.456,1,2,academic_tutoring,Academic Tutoring / Catch-up,Fund after-school tutoring or remedial classes,3.3,"multiple failed subjects, declining GPA, Academic Strugglers persona",8000,1.503
808,1,Academic Strugglers,1,0.452,1,2,academic_tutoring,Academic Tutoring / Catch-up,Fund after-school tutoring or remedial classes,3.3,"multiple failed subjects, declining GPA, Academic Strugglers persona",8000,1.492
695,12,Academic Strugglers,2,0.483,1,2,transport_support,Transport / Boarding Support,Subsidize commute costs or boarding for long-distance students,3.08,commute 10.8 km,6000,1.49
159,1,Academic Strugglers,2,0.496,1,2,school_fee_support,School Fee Support,Cover term fees / bursary for high cash-flow volatility + low SES students,3.0,"low SES, elevated dropout risk",15000,1.488
95,13,Health-Constrained,4,0.45,1,2,academic_tutoring,Academic Tutoring / Catch-up,Fund after-school tutoring or remedial classes,3.3,"3 failed subjects, declining GPA",8000,1.485
849,18,Health-Constrained,2,0.493,0,2,school_fee_support,School Fee Support,Cover term fees / bursary for high cash-flow volatility + low SES students,3.0,"low SES, elevated dropout risk",15000,1.48
144,9,Academic Strugglers,1,0.49,1,2,school_fee_support,School Fee Support,Cover term fees / bursary for high cash-flow volatility + low SES students,3.0,"low SES, elevated dropout risk",15000,1.469
153,6,Academic Strugglers,3,0.445,1,2,academic_tutoring,Academic Tutoring / Catch-up,Fund after-school tutoring or remedial classes,3.3,"multiple failed subjects, declining GPA, Academic Strugglers persona",8000,1.468
14,19,Academic Strugglers,2,0.484,0,2,transport_support,Transport / Boarding Support,Subsidize commute costs or boarding for long-distance students,3.03,commute 10.3 km,6000,1.466
833,19,Stable Achievers,4,0.444,1,2,academic_tutoring,Academic Tutoring / Catch-up,Fund after-school tutoring or remedial classes,3.3,"3 failed subjects, declining GPA",8000,1.465
784,8,Academic Strugglers,2,0.482,1,2,school_fee_support,School Fee Support,Cover term fees / bursary for high cash-flow volatility + low SES students,3.0,"low SES, elevated dropout risk",15000,1.446
634,8,Academic Strugglers,2,0.436,1,2,academic_tutoring,Academic Tutoring / Catch-up,Fund after-school tutoring or remedial classes,3.3,"multiple failed subjects, declining GPA, Academic Strugglers persona",8000,1.439
886,17,Health-Constrained,4,0.436,1,2,academic_tutoring,Academic Tutoring / Catch-up,Fund after-school tutoring or remedial classes,3.3,"4 failed subjects, declining GPA",8000,1.438
92,10,Academic Strugglers,2,0.44,1,2,transport_support,Transport / Boarding Support,Subsidize commute costs or boarding for long-distance students,3.26,commute 12.6 km,6000,1.435
765,20,Health-Constrained,2,0.477,1,2,school_fee_support,School Fee Support,Cover term fees / bursary for high cash-flow volatility + low SES students,3.0,"low SES, elevated dropout risk",15000,1.432
321,18,Health-Constrained,3,0.476,1,2,academic_tutoring,Academic Tutoring / Catch-up,Fund after-school tutoring or remedial classes,3.0,"multiple failed subjects, steep GPA decline",8000,1.428
446,13,Stable Achievers,3,0.472,1,2,school_fee_support,School Fee Support,Cover term fees / bursary for high cash-flow volatility + low SES students,3.0,"mid-low SES, elevated cash-flow volatility, elevated dropout risk",15000,1.417
328,16,Academic Strugglers,2,0.476,0,2,transport_support,Transport / Boarding Support,Subsidize commute costs or boarding for long-distance students,2.97,commute 9.7 km,6000,1.416
592,10,Academic Strugglers,3,0.444,1,2,transport_support,Transport / Boarding Support,Subsidize commute costs or boarding for long-distance students,3.17,commute 11.7 km,6000,1.408
232,1,Academic Strugglers,2,0.467,1,2,school_fee_support,School Fee Support,Cover term fees / bursary for high cash-flow volatility + low SES students,3.0,"low SES, elevated dropout risk",15000,1.401
601,19,Academic Strugglers,2,0.463,1,2,school_fee_support,School Fee Support,Cover term fees / bursary for high cash-flow volatility + low SES students,3.0,"low SES, elevated dropout risk",15000,1.39
17,18,Academic Strugglers,2,0.461,1,2,school_fee_support,School Fee Support,Cover term fees / bursary for high cash-flow volatility + low SES students,3.0,"low SES, elevated dropout risk",15000,1.382
566,3,Academic Strugglers,2,0.453,1,2,transport_support,Transport / Boarding Support,Subsidize commute costs or boarding for long-distance students,3.04,commute 10.4 km,6000,1.38
873,19,Academic Strugglers,1,0.552,1,2,academic_tutoring,Academic Tutoring / Catch-up,Fund after-school tutoring or remedial classes,2.5,"multiple failed subjects, Academic Strugglers persona",8000,1.379
418,18,Academic Strugglers,1,0.486,0,2,transport_support,Transport / Boarding Support,Subsidize commute costs or boarding for long-distance students,2.83,commute 8.3 km,6000,1.374
53,4,Academic Strugglers,2,0.457,1,2,school_fee_support,School Fee Support,Cover term fees / bursary for high cash-flow volatility + low SES students,3.0,"low SES, elevated dropout risk",15000,1.372
746,17,Academic Strugglers,2,0.457,1,2,school_fee_support,School Fee Support,Cover term fees / bursary for high cash-flow volatility + low SES students,3.0,"low SES, elevated dropout risk",15000,1.371
956,18,Stable Achievers,4,0.443,1,2,transport_support,Transport / Boarding Support,Subsidize commute costs or boarding for long-distance students,3.08,commute 10.8 km,6000,1.365
754,18,Academic Strugglers,2,0.465,1,2,transport_support,Transport / Boarding Support,Subsidize commute costs or boarding for long-distance students,2.93,commute 9.3 km,6000,1.362
279,14,Academic Strugglers,3,0.453,1,2,school_fee_support,School Fee Support,Cover term fees / bursary for high cash-flow volatility + low SES students,3.0,"mid-low SES, elevated cash-flow volatility, elevated dropout risk",15000,1.36
995,5,Academic Strugglers,2,0.453,0,2,school_fee_support,School Fee Support,Cover term fees / bursary for high cash-flow volatility + low SES students,3.0,"low SES, elevated dropout risk",15000,1.359
748,10,Health-Constrained,3,0.452,1,2,school_fee_support,School Fee Support,Cover term fees / bursary for high cash-flow volatility + low SES students,3.0,"mid-low SES, elevated cash-flow volatility, elevated dropout risk",15000,1.357
715,7,Academic Strugglers,1,0.542,1,2,health_support,Health & Attendance Support,"Fund school nurse visits, medical vouchers, attendance follow-up",2.5,"elevated health absences, chronic health risk",5000,1.355
650,11,Health-Constrained,2,0.447,1,2,school_fee_support,School Fee Support,Cover term fees / bursary for high cash-flow volatility + low SES students,3.0,"low SES, elevated dropout risk",15000,1.34
362,15,Academic Strugglers,2,0.441,1,2,transport_support,Transport / Boarding Support,Subsidize commute costs or boarding for long-distance students,3.02,commute 10.2 km,6000,1.332
616,8,Academic Strugglers,2,0.444,1,2,school_fee_support,School Fee Support,Cover term fees / bursary for high cash-flow volatility + low SES students,3.0,"low SES, elevated dropout risk",15000,1.332
260,12,Academic Strugglers,2,0.458,1,2,transport_support,Transport / Boarding Support,Subsidize commute costs or boarding for long-distance students,2.9,commute 9.0 km,6000,1.325
780,4,Academic Strugglers,4,0.442,1,2,school_fee_support,School Fee Support,Cover term fees / bursary for high cash-flow volatility + low SES students,3.0,"high cash-flow volatility, elevated dropout risk",15000,1.325
689,5,Health-Constrained,2,0.44,1,2,school_fee_support,School Fee Support,Cover term fees / bursary for high cash-flow volatility + low SES students,3.0,"low SES, elevated dropout risk",15000,1.32
70,7,Academic Strugglers,1,0.526,0,2,academic_tutoring,Academic Tutoring / Catch-up,Fund after-school tutoring or remedial classes,2.5,"steep GPA decline, Academic Strugglers persona",8000,1.315
813,5,Academic Strugglers,3,0.437,1,2,school_fee_support,School Fee Support,Cover term fees / bursary for high cash-flow volatility + low SES students,3.0,"mid-low SES, elevated cash-flow volatility, elevated dropout risk",15000,1.311
599,12,Stable Achievers,3,0.436,1,2,school_fee_support,School Fee Support,Cover term fees / bursary for high cash-flow volatility + low SES students,3.0,"mid-low SES, elevated cash-flow volatility, elevated dropout risk",15000,1.308
483,1,Academic Strugglers,2,0.518,1,2,academic_tutoring,Academic Tutoring / Catch-up,Fund after-school tutoring or remedial classes,2.5,"steep GPA decline, Academic Strugglers persona",8000,1.295
997,8,Academic Strugglers,2,0.449,1,2,transport_support,Transport / Boarding Support,Subsidize commute costs or boarding for long-distance students,2.85,commute 8.5 km,6000,1.281
494,10,Health-Constrained,2,0.42,0,2,school_fee_support,School Fee Support,Cover term fees / bursary for high cash-flow volatility + low SES students,3.0,"low SES, elevated dropout risk",15000,1.26
805,12,Academic Strugglers,2,0.443,1,2,transport_support,Transport / Boarding Support,Subsidize commute costs or boarding for long-distance students,2.84,commute 8.4 km,6000,1.257
919,18,Academic Strugglers,3,0.414,0,2,transport_support,Transport / Boarding Support,Subsidize commute costs or boarding for long-distance students,3.03,commute 10.3 km,6000,1.254
850,6,Academic Strugglers,1,0.501,1,2,academic_tutoring,Academic Tutoring / Catch-up,Fund after-school tutoring or remedial classes,2.5,"steep GPA decline, Academic Strugglers persona",8000,1.253
305,1,Academic Strugglers,2,0.5,1,2,academic_tutoring,Academic Tutoring / Catch-up,Fund after-school tutoring or remedial classes,2.5,"steep GPA decline, Academic Strugglers persona",8000,1.25
240,11,Academic Strugglers,2,0.498,1,2,academic_tutoring,Academic Tutoring / Catch-up,Fund after-school tutoring or remedial classes,2.5,"steep GPA decline, Academic Strugglers persona",8000,1.246
777,11,Academic Strugglers,2,0.49,1,2,academic_tutoring,Academic Tutoring / Catch-up,Fund after-school tutoring or remedial classes,2.5,"steep GPA decline, Academic Strugglers persona",8000,1.225
76,9,Academic Strugglers,2,0.487,1,2,academic_tutoring,Academic Tutoring / Catch-up,Fund after-school tutoring or remedial classes,2.5,"steep GPA decline, Academic Strugglers persona",8000,1.218
8,8,Academic Strugglers,1,0.546,0,2,counseling,Psychosocial Counseling,Sponsor school counselor hours or peer support groups,2.2,"no ECA / low social integration, no counseling + elevated risk",4000,1.201
88,15,Academic Strugglers,2,0.475,1,2,academic_tutoring,Academic Tutoring / Catch-up,Fund after-school tutoring or remedial classes,2.5,"steep GPA decline, Academic Strugglers persona",8000,1.187
37,4,Academic Strugglers,1,0.475,1,2,academic_tutoring,Academic Tutoring / Catch-up,Fund after-school tutoring or remedial classes,2.5,"steep GPA decline, Academic Strugglers persona",8000,1.186
98,15,Academic Strugglers,1,0.465,1,2,health_support,Health & Attendance Support,"Fund school nurse visits, medical vouchers, attendance follow-up",2.5,13 health absences,5000,1.162
580,16,Academic Strugglers,2,0.463,1,2,academic_tutoring,Academic Tutoring / Catch-up,Fund after-school tutoring or remedial classes,2.5,"steep GPA decline, Academic Strugglers persona",8000,1.157
888,10,Academic Strugglers,2,0.462,1,2,academic_tutoring,Academic Tutoring / Catch-up,Fund after-school tutoring or remedial classes,2.5,"steep GPA decline, Academic Strugglers persona",8000,1.154
527,9,Academic Strugglers,1,0.458,1,2,academic_tutoring,Academic Tutoring / Catch-up,Fund after-school tutoring or remedial classes,2.5,"steep GPA decline, Academic Strugglers persona",8000,1.146
442,9,Academic Strugglers,1,0.52,1,2,counseling,Psychosocial Counseling,Sponsor school counselor hours or peer support groups,2.2,"no ECA / low social integration, no counseling + elevated risk",4000,1.145
204,3,Academic Strugglers,1,0.458,1,2,academic_tutoring,Academic Tutoring / Catch-up,Fund after-school tutoring or remedial classes,2.5,"steep GPA decline, Academic Strugglers persona",8000,1.144
52,8,Academic Strugglers,2,0.456,1,2,academic_tutoring,Academic Tutoring / Catch-up,Fund after-school tutoring or remedial classes,2.5,"multiple failed subjects, Academic Strugglers persona",8000,1.14
177,10,Academic Strugglers,2,0.454,0,2,academic_tutoring,Academic Tutoring / Catch-up,Fund after-school tutoring or remedial classes,2.5,"multiple failed subjects, Academic Strugglers persona",8000,1.135
302,19,Academic Strugglers,1,0.509,1,2,counseling,Psychosocial Counseling,Sponsor school counselor hours or peer support groups,2.2,"no ECA / low social integration, no counseling + elevated risk",4000,1.119
912,3,Academic Strugglers,4,0.501,1,2,counseling,Psychosocial Counseling,Sponsor school counselor hours or peer support groups,2.2,"no ECA / low social integration, no counseling + elevated risk",4000,1.102
239,19,Academic Strugglers,1,0.5,1,2,counseling,Psychosocial Counseling,Sponsor school counselor hours or peer support groups,2.2,"no ECA / low social integration, no counseling + elevated risk",4000,1.1
704,15,Academic Strugglers,1,0.548,1,2,digital_access,Digital Access Kit,Provide shared device / data bundle for learning continuity,2.0,no device access + constrained SES,7000,1.097
737,7,Academic Strugglers,1,0.539,1,2,digital_access,Digital Access Kit,Provide shared device / data bundle for learning continuity,2.0,no device access + constrained SES,7000,1.078
829,9,Academic Strugglers,1,0.477,1,2,counseling,Psychosocial Counseling,Sponsor school counselor hours or peer support groups,2.2,"no ECA / low social integration, no counseling + elevated risk",4000,1.048
716,10,Academic Strugglers,1,0.475,1,2,counseling,Psychosocial Counseling,Sponsor school counselor hours or peer support groups,2.2,"no ECA / low social integration, no counseling + elevated risk",4000,1.046
317,3,Academic Strugglers,1,0.516,1,2,digital_access,Digital Access Kit,Provide shared device / data bundle for learning continuity,2.0,no device access + constrained SES,7000,1.033
385,1,Academic Strugglers,1,0.511,1,2,digital_access,Digital Access Kit,Provide shared device / data bundle for learning continuity,2.0,no device access + constrained SES,7000,1.022
459,7,Academic Strugglers,1,0.463,1,2,counseling,Psychosocial Counseling,Sponsor school counselor hours or peer support groups,2.2,"no ECA / low social integration, no counseling + elevated risk",4000,1.019
64,18,Health-Constrained,3,0.443,1,2,academic_tutoring,Academic Tutoring / Catch-up,Fund after-school tutoring or remedial classes,2.3,"multiple failed subjects, declining GPA",8000,1.018
992,16,Academic Strugglers,1,0.506,0,2,digital_access,Digital Access Kit,Provide shared device / data bundle for learning continuity,2.0,no device access + constrained SES,7000,1.011
424,12,Academic Strugglers,1,0.454,1,2,counseling,Psychosocial Counseling,Sponsor school counselor hours or peer support groups,2.2,"no ECA / low social integration, no counseling + elevated risk",4000,0.999
683,9,Academic Strugglers,1,0.446,1,2,counseling,Psychosocial Counseling,Sponsor school counselor hours or peer support groups,2.2,"no ECA / low social integration, no counseling + elevated risk",4000,0.981
209,3,Academic Strugglers,3,0.439,1,2,counseling,Psychosocial Counseling,Sponsor school counselor hours or peer support groups,2.2,"no ECA / low social integration, no counseling + elevated risk",4000,0.965
80,7,Academic Strugglers,2,0.435,0,2,counseling,Psychosocial Counseling,Sponsor school counselor hours or peer support groups,2.2,"no ECA / low social integration, no counseling + elevated risk",4000,0.957
132,20,Academic Strugglers,1,0.478,1,2,digital_access,Digital Access Kit,Provide shared device / data bundle for learning continuity,2.0,no device access + constrained SES,7000,0.955
840,12,Academic Strugglers,2,0.468,1,2,digital_access,Digital Access Kit,Provide shared device / data bundle for learning continuity,2.0,no device access + constrained SES,7000,0.937
223,13,Stable Achievers,4,0.468,1,2,school_fee_support,School Fee Support,Cover term fees / bursary for high cash-flow volatility + low SES students,2.0,"elevated cash-flow volatility, elevated dropout risk",15000,0.936
673,17,Academic Strugglers,1,0.465,1,2,digital_access,Digital Access Kit,Provide shared device / data bundle for learning continuity,2.0,no device access + constrained SES,7000,0.931
722,14,Academic Strugglers,1,0.465,1,2,digital_access,Digital Access Kit,Provide shared device / data bundle for learning continuity,2.0,no device access + constrained SES,7000,0.931
793,3,Stable Achievers,3,0.464,1,2,school_fee_support,School Fee Support,Cover term fees / bursary for high cash-flow volatility + low SES students,2.0,"mid-low SES, elevated dropout risk",15000,0.928
214,13,Academic Strugglers,1,0.461,1,2,digital_access,Digital Access Kit,Provide shared device / data bundle for learning continuity,2.0,no device access + constrained SES,7000,0.921
13,15,Health-Constrained,4,0.322,0,2,transport_support,Transport / Boarding Support,Subsidize commute costs or boarding for long-distance students,2.84,commute 8.4 km,6000,0.917
671,17,Academic Strugglers,1,0.456,1,2,digital_access,Digital Access Kit,Provide shared device / data bundle for learning continuity,2.0,no device access + constrained SES,7000,0.912
944,14,Academic Strugglers,2,0.454,0,2,digital_access,Digital Access Kit,Provide shared device / data bundle for learning continuity,2.0,no device access + constrained SES,7000,0.908
443,13,Academic Strugglers,1,0.446,0,2,digital_access,Digital Access Kit,Provide shared device / data bundle for learning continuity,2.0,no device access + constrained SES,7000,0.893
542,1,Academic Strugglers,1,0.444,1,2,digital_access,Digital Access Kit,Provide shared device / data bundle for learning continuity,2.0,no device access + constrained SES,7000,0.888
680,19,Academic Strugglers,2,0.443,0,2,digital_access,Digital Access Kit,Provide shared device / data bundle for learning continuity,2.0,no device access + constrained SES,7000,0.885
903,6,Academic Strugglers,1,0.488,1,2,academic_tutoring,Academic Tutoring / Catch-up,Fund after-school tutoring or remedial classes,1.8,"declining GPA, Academic Strugglers persona",8000,0.879
384,11,Academic Strugglers,2,0.438,0,2,digital_access,Digital Access Kit,Provide shared device / data bundle for learning continuity,2.0,no device access + constrained SES,7000,0.876
514,8,Academic Strugglers,2,0.436,1,2,digital_access,Digital Access Kit,Provide shared device / data bundle for learning continuity,2.0,no device access + constrained SES,7000,0.871
83,9,Health-Constrained,3,0.424,0,2,school_fee_support,School Fee Support,Cover term fees / bursary for high cash-flow volatility + low SES students,2.0,"mid-low SES, elevated dropout risk",15000,0.848
479,8,Academic Strugglers,3,0.42,0,2,school_fee_support,School Fee Support,Cover term fees / bursary for high cash-flow volatility + low SES students,2.0,"mid-low SES, elevated dropout risk",15000,0.841
735,9,Academic Strugglers,1,0.467,1,2,academic_tutoring,Academic Tutoring / Catch-up,Fund after-school tutoring or remedial classes,1.8,"declining GPA, Academic Strugglers persona",8000,0.841
900,13,Academic Strugglers,2,0.467,1,2,academic_tutoring,Academic Tutoring / Catch-up,Fund after-school tutoring or remedial classes,1.8,"declining GPA, Academic Strugglers persona",8000,0.841
1,18,Academic Strugglers,1,0.449,1,2,academic_tutoring,Academic Tutoring / Catch-up,Fund after-school tutoring or remedial classes,1.8,"declining GPA, Academic Strugglers persona",8000,0.809
326,5,Academic Strugglers,3,0.398,0,2,school_fee_support,School Fee Support,Cover term fees / bursary for high cash-flow volatility + low SES students,2.0,"mid-low SES, elevated dropout risk",15000,0.797
622,4,Academic Strugglers,2,0.441,1,2,academic_tutoring,Academic Tutoring / Catch-up,Fund after-school tutoring or remedial classes,1.8,"declining GPA, Academic Strugglers persona",8000,0.794
783,1,Stable Achievers,4,0.385,0,2,school_fee_support,School Fee Support,Cover term fees / bursary for high cash-flow volatility + low SES students,2.0,"elevated cash-flow volatility, elevated dropout risk",15000,0.771
602,15,Academic Strugglers,3,0.333,0,2,counseling,Psychosocial Counseling,Sponsor school counselor hours or peer support groups,2.2,"no ECA / low social integration, no counseling + elevated risk",4000,0.732
20,6,Academic Strugglers,2,0.365,0,2,digital_access,Digital Access Kit,Provide shared device / data bundle for learning continuity,2.0,no device access + constrained SES,7000,0.731
639,3,Health-Constrained,3,0.329,0,2,counseling,Psychosocial Counseling,Sponsor school counselor hours or peer support groups,2.2,"no ECA / low social integration, no counseling + elevated risk",4000,0.723
7,2,Stable Achievers,4,0.314,0,2,counseling,Psychosocial Counseling,Sponsor school counselor hours or peer support groups,2.2,"no ECA / low social integration, no counseling + elevated risk",4000,0.691
588,9,Stable Achievers,4,0.326,0,2,school_fee_support,School Fee Support,Cover term fees / bursary for high cash-flow volatility + low SES students,2.0,high cash-flow volatility,15000,0.652
312,3,Stable Achievers,3,0.312,0,2,school_fee_support,School Fee Support,Cover term fees / bursary for high cash-flow volatility + low SES students,2.0,"mid-low SES, elevated cash-flow volatility",15000,0.624
889,16,Stable Achievers,3,0.304,0,2,digital_access,Digital Access Kit,Provide shared device / data bundle for learning continuity,2.0,no device access + constrained SES,7000,0.607
171,18,Academic Strugglers,1,0.474,1,2,transport_support,Transport / Boarding Support,Subsidize commute costs or boarding for long-distance students,1.2,commute 6.9 km,6000,0.568
389,11,Academic Strugglers,1,0.466,1,2,transport_support,Transport / Boarding Support,Subsidize commute costs or boarding for long-distance students,1.2,commute 6.7 km,6000,0.559
73,16,Academic Strugglers,1,0.495,1,2,academic_tutoring,Academic Tutoring / Catch-up,Fund after-school tutoring or remedial classes,1.0,Academic Strugglers persona,8000,0.495
137,15,Stable Achievers,4,0.301,0,2,school_fee_support,School Fee Support,Cover term fees / bursary for high cash-flow volatility + low SES students,1.0,elevated cash-flow volatility,15000,0.301
504,4,Stable Achievers,5,0.281,0,2,school_fee_support,School Fee Support,Cover term fees / bursary for high cash-flow volatility + low SES students,1.0,elevated cash-flow volatility,15000,0.281
205,16,Stable Achievers,5,0.18,0,2,counseling,Psychosocial Counseling,Sponsor school counselor hours or peer support groups,1.2,no ECA / low social integration,4000,0.216
779,12,Health-Constrained,5,0.165,0,2,digital_access,Digital Access Kit,Provide shared device / data bundle for learning continuity,1.0,no device access,7000,0.165
