Student ID,School ID,School Name,Age at Enrollment,Gender,SES Quintile,SES Label,Household Size Index,Commute Distance (km),Digital Access,Digital Access Score,School Feeding,GPA Trend,Failed Subjects,Science Strength,Chronic Health Risk,Health Absences (days),Social Integration Score,Cash Flow Volatility,Academic Catch-up Flag,Counseling Access,Retained,Retained Flag,Dropout Reason,Risk Persona,Academic Risk Index,Barrier Burden Index,Economic Instability Index,Health Burden Index,Support Coverage Score,Long Commute Flag,High Academic Risk Flag,No Digital Access Flag,Recommended Intervention,Recommended Cost (KES),Sponsor Priority Score,Model Risk Score (oracle)
1,18,Narok Savannah Secondary,15,Girl,1,Q1 — Lowest,3,6.02,Personal device,2.0,No,-0.546,0,Yes,Low,4,1,0.279,No,No,Yes,1,Still enrolled,Academic Strugglers,0.546,1.301,0.529,4,1.0,No,No,No,School Fee Support,15000.0,2.697,0.9572
2,4,Machakos Hilltop Secondary,17,Girl,3,Q3 — Middle,5,2.38,Shared device,1.0,No,-0.257,1,No,Low,5,2,0.306,No,Yes,Yes,1,Still enrolled,Stable Achievers,1.257,1.219,0.456,5,1.5,No,No,No,,,,0.9784
3,1,Kilimani Day Secondary,16,Boy,2,Q2 — Low,4,1.34,No access,0.0,Yes,-2.745,5,No,Moderate,12,2,0.208,Yes,No,Yes,1,Still enrolled,Health-Constrained,7.745,1.867,0.408,24,1.0,No,Yes,Yes,Health & Attendance Support,5000.0,2.736,0.8595
4,13,Meru Mountain Secondary,14,Boy,4,Q4 — High,5,9.28,Personal device,2.0,No,-1.418,4,No,Low,7,0,0.199,Yes,Yes,Yes,1,Still enrolled,Stable Achievers,5.418,0.864,0.299,7,2.0,Yes,Yes,No,,,,0.7605
5,8,Thika Green Secondary,15,Girl,4,Q4 — High,5,1.53,No access,0.0,No,-0.244,1,No,Moderate,5,2,0.245,No,Yes,Yes,1,Still enrolled,Stable Achievers,1.244,1.476,0.345,10,1.0,No,No,Yes,,,,0.9804
6,10,Nyeri Ridge Secondary,17,Girl,1,Q1 — Lowest,2,12.01,No access,0.0,Yes,-0.866,2,No,Low,6,1,0.241,No,Yes,No,0,Commute Distance,Academic Strugglers,2.866,2.601,0.491,6,2.0,Yes,No,Yes,School Fee Support,15000.0,2.673,0.7448
7,2,Nyandarua Mixed Secondary,17,Boy,4,Q4 — High,3,8.35,Shared device,1.0,Yes,0.131,2,No,Low,4,0,0.236,No,No,No,0,Psychosocial,Stable Achievers,1.869,1.318,0.336,4,1.5,Yes,No,No,Transport / Boarding Support,6000.0,0.891,0.9417
8,8,Thika Green Secondary,14,Girl,1,Q1 — Lowest,12,7.83,,,Yes,-1.371,1,No,Low,3,0,0.32,No,No,No,0,Household Pressure,Academic Strugglers,2.371,,0.57,3,,No,No,No,School Fee Support,15000.0,3.275,0.7355
9,13,Meru Mountain Secondary,14,Boy,3,Q3 — Middle,3,9.61,No access,0.0,Yes,-0.399,1,No,Low,5,1,0.236,No,No,Yes,1,Still enrolled,Academic Strugglers,1.399,2.081,0.386,5,1.0,Yes,No,Yes,,,,0.8835
10,8,Thika Green Secondary,13,Girl,1,Q1 — Lowest,4,3.77,No access,0.0,Yes,-1.608,2,No,Low,5,1,0.32,No,Yes,No,0,Financial Instability,Academic Strugglers,3.608,2.188,0.57,5,2.0,No,No,Yes,School Fee Support,15000.0,3.338,0.8759
11,17,Malindi Shore Secondary,16,Boy,1,Q1 — Lowest,3,7.16,No access,0.0,Yes,-0.313,1,No,Low,2,2,0.233,No,No,Yes,1,Still enrolled,Academic Strugglers,1.313,2.358,0.483,2,1.0,No,No,Yes,,,,0.9454
12,16,Kericho Highlands Secondary,14,Boy,5,Q5 — Highest,5,8.04,Shared device,1.0,No,-0.416,1,No,Moderate,10,2,0.146,No,Yes,Yes,1,Still enrolled,Stable Achievers,1.416,1.102,0.196,20,1.5,Yes,No,No,,,,0.9433
13,15,Embu Sunrise Secondary,14,Boy,4,Q4 — High,5,8.44,No access,0.0,No,0.063,0,Yes,High,20,1,0.237,No,No,No,0,Health Related,Health-Constrained,-0.063,1.822,0.337,60,0.0,Yes,No,Yes,Health & Attendance Support,5000.0,1.612,0.8071
14,19,Isiolo North Secondary,14,Girl,2,Q2 — Low,1,10.31,No access,0.0,Yes,-1.385,1,No,Low,2,1,0.283,No,No,No,0,Financial Instability,Academic Strugglers,2.385,2.316,0.483,2,1.0,Yes,No,Yes,School Fee Support,15000.0,2.902,0.9328
15,15,Embu Sunrise Secondary,13,Girl,1,Q1 — Lowest,4,,No access,0.0,No,-2.06,3,No,Low,1,1,0.32,No,No,No,0,Financial Instability,Academic Strugglers,5.06,,0.57,1,0.0,No,Yes,Yes,School Fee Support,15000.0,3.594,0.8043
16,4,Machakos Hilltop Secondary,13,Boy,1,Q1 — Lowest,5,7.02,Personal device,2.0,Yes,-2.055,3,No,Low,3,2,0.262,No,No,Yes,1,Still enrolled,Academic Strugglers,5.055,1.351,0.512,3,2.0,No,Yes,No,School Fee Support,15000.0,3.43,0.8888
17,18,Narok Savannah Secondary,15,Boy,2,Q2 — Low,4,5.89,No access,0.0,Yes,-1.693,3,No,Low,4,1,0.205,No,No,Yes,1,Still enrolled,Academic Strugglers,4.693,2.094,0.405,4,1.0,No,Yes,Yes,Academic Tutoring / Catch-up,8000.0,2.304,0.7804
18,14,Bungoma West Secondary,15,Girl,2,Q2 — Low,3,20.0,Shared device,1.0,Yes,-0.253,0,No,Moderate,6,0,0.276,No,No,Yes,1,Still enrolled,Academic Strugglers,0.253,2.3,0.476,12,1.5,Yes,No,No,School Fee Support,15000.0,2.986,0.8732
19,2,Nyandarua Mixed Secondary,14,Boy,1,Q1 — Lowest,5,3.52,No access,0.0,Yes,-1.803,2,No,Moderate,9,0,0.264,No,No,Yes,1,Still enrolled,Academic Strugglers,3.803,2.176,0.514,18,1.0,No,No,Yes,School Fee Support,15000.0,3.203,0.811
20,6,Mombasa Coast Secondary,16,Boy,2,Q2 — Low,8,6.08,No access,0.0,Yes,0.572,0,No,Low,9,0,0.237,No,Yes,No,0,Household Pressure,Academic Strugglers,-0.572,2.104,0.437,9,2.0,No,No,Yes,School Fee Support,15000.0,1.462,0.9649
21,4,Machakos Hilltop Secondary,14,Girl,1,Q1 — Lowest,4,4.69,No access,0.0,Yes,-2.464,3,Yes,Moderate,9,0,0.256,No,No,Yes,1,Still enrolled,Academic Strugglers,5.464,2.235,0.506,18,1.0,No,Yes,Yes,School Fee Support,15000.0,2.934,0.8105
22,20,Busia Border Secondary,15,Girl,1,Q1 — Lowest,2,4.27,No access,0.0,Yes,-2.472,3,No,Moderate,13,0,0.32,No,No,Yes,1,Still enrolled,Health-Constrained,5.472,2.213,0.57,26,1.0,No,Yes,Yes,School Fee Support,15000.0,3.877,0.812
23,15,Embu Sunrise Secondary,14,Boy,4,Q4 — High,4,12.18,Shared device,1.0,Yes,-0.593,0,No,Low,10,2,0.186,No,Yes,Yes,1,Still enrolled,Stable Achievers,0.593,1.509,0.286,10,2.5,Yes,No,No,,,,0.9659
24,19,Isiolo North Secondary,15,Boy,3,Q3 — Middle,5,9.68,No access,0.0,Yes,-2.095,4,No,High,11,0,,Yes,No,Yes,1,Still enrolled,Health-Constrained,6.095,2.084,,33,1.0,Yes,Yes,Yes,Academic Tutoring / Catch-up,8000.0,2.161,0.7827
25,6,Mombasa Coast Secondary,13,Boy,4,Q4 — High,5,8.18,Personal device,2.0,Yes,-1.014,1,No,Low,7,0,,No,No,Yes,1,Still enrolled,Stable Achievers,2.014,0.809,,7,2.0,Yes,No,No,,,,0.9444
26,13,Meru Mountain Secondary,17,Boy,3,Q3 — Middle,4,3.95,Shared device,1.0,Yes,-1.218,2,No,Low,4,1,,No,,Yes,1,Still enrolled,Academic Strugglers,3.218,1.298,,4,,No,No,No,,,,0.9236
27,13,Meru Mountain Secondary,14,Girl,2,Q2 — Low,4,2.94,No access,0.0,Yes,-2.301,3,No,Moderate,11,0,0.274,No,,Yes,1,Still enrolled,Health-Constrained,5.301,1.947,0.474,22,,No,Yes,Yes,School Fee Support,15000.0,3.23,0.8366
28,16,Kericho Highlands Secondary,14,Girl,3,Q3 — Middle,4,15.14,No access,0.0,Yes,-0.909,1,No,Low,5,0,0.31,No,Yes,Yes,1,Still enrolled,Academic Strugglers,1.909,2.357,0.46,5,2.0,Yes,No,Yes,School Fee Support,15000.0,2.414,0.8179
29,3,Kisumu Lakeside Secondary,16,Boy,4,Q4 — High,5,2.52,Shared device,1.0,Yes,-1.082,4,No,Moderate,8,1,0.166,Yes,No,Yes,1,Still enrolled,Stable Achievers,5.082,1.026,0.266,16,1.5,No,Yes,No,,,,0.937
30,11,Kitale Plains Secondary,15,Boy,5,Q5 — Highest,6,10.51,Personal device,2.0,Yes,0.66,0,No,High,12,1,0.217,No,No,Yes,1,Still enrolled,Stable Achievers,-0.66,0.725,0.267,36,2.0,Yes,No,No,,,,0.9844
31,13,Meru Mountain Secondary,16,Boy,2,Q2 — Low,3,10.38,Shared device,1.0,Yes,-0.439,1,No,Low,1,1,0.246,No,No,Yes,1,Still enrolled,Academic Strugglers,1.439,1.819,0.446,1,1.5,Yes,No,No,,,,0.9381
32,17,Malindi Shore Secondary,17,Girl,4,Q4 — High,4,2.09,,,No,-0.698,1,Yes,Low,8,2,0.185,No,No,Yes,1,Still enrolled,Stable Achievers,1.698,,0.285,8,,No,No,No,,,,0.972
33,14,Bungoma West Secondary,16,Boy,4,Q4 — High,6,7.26,No access,0.0,Yes,-0.438,1,No,Moderate,10,2,,No,Yes,Yes,1,Still enrolled,Stable Achievers,1.438,1.763,,20,2.0,No,No,Yes,,,,0.9688
34,9,Kakamega Forest Secondary,15,Girl,1,Q1 — Lowest,4,2.73,Shared device,1.0,No,-2.875,4,No,Low,10,0,0.287,Yes,No,Yes,1,Still enrolled,Academic Strugglers,6.875,1.636,0.537,10,0.5,No,Yes,No,School Fee Support,15000.0,3.836,0.8234
35,10,Nyeri Ridge Secondary,14,Girl,3,Q3 — Middle,7,5.07,,,Yes,-1.146,0,Yes,Low,5,2,0.281,No,Yes,Yes,1,Still enrolled,Academic Strugglers,1.146,,0.431,5,,No,No,No,,,,0.9761
36,7,Eldoret Highlands Secondary,15,Boy,2,Q2 — Low,3,14.76,Shared device,1.0,Yes,-2.192,3,No,Low,3,0,0.269,No,No,Yes,1,Still enrolled,Academic Strugglers,5.192,2.038,0.469,3,1.5,Yes,Yes,No,School Fee Support,15000.0,3.542,0.7673
37,4,Machakos Hilltop Secondary,17,Boy,1,Q1 — Lowest,6,4.26,No access,0.0,Yes,-1.621,1,Yes,Low,2,2,,No,No,Yes,1,Still enrolled,Academic Strugglers,2.621,2.213,,2,1.0,No,No,Yes,School Fee Support,15000.0,1.424,0.945
38,6,Mombasa Coast Secondary,15,Girl,2,Q2 — Low,2,3.42,No access,0.0,Yes,-0.28,2,No,Low,7,0,,No,No,Yes,1,Still enrolled,Academic Strugglers,2.28,1.971,,7,1.0,No,No,Yes,,,,0.8886
39,3,Kisumu Lakeside Secondary,15,Girl,3,Q3 — Middle,5,3.79,Personal device,2.0,Yes,-1.844,3,No,Low,5,1,0.309,No,No,Yes,1,Still enrolled,Academic Strugglers,4.844,0.789,0.459,5,2.0,No,Yes,No,School Fee Support,15000.0,2.412,0.8975
40,5,Nakuru Valley Secondary,13,Girl,1,Q1 — Lowest,6,2.95,No access,0.0,Yes,-1.412,3,No,Low,5,0,0.267,No,Yes,Yes,1,Still enrolled,Academic Strugglers,4.412,2.147,0.517,5,2.0,No,Yes,Yes,School Fee Support,15000.0,3.169,0.9315
41,18,Narok Savannah Secondary,15,Girl,2,Q2 — Low,0,,No access,0.0,No,-0.621,2,Yes,Low,9,1,0.312,No,No,Yes,1,Still enrolled,Academic Strugglers,2.621,,0.512,9,0.0,No,No,Yes,School Fee Support,15000.0,2.954,0.8807
42,11,Kitale Plains Secondary,16,Boy,2,Q2 — Low,4,0.61,No access,0.0,Yes,-0.375,0,No,Low,6,2,0.266,No,Yes,Yes,1,Still enrolled,Academic Strugglers,0.375,1.83,0.466,6,2.0,No,No,Yes,,,,0.9898
43,2,Nyandarua Mixed Secondary,17,Boy,1,Q1 — Lowest,6,9.25,Shared device,1.0,Yes,-1.166,1,No,Low,3,2,0.293,No,No,Yes,1,Still enrolled,Academic Strugglers,2.166,1.962,0.543,3,1.5,Yes,No,No,School Fee Support,15000.0,3.17,0.9146
44,9,Kakamega Forest Secondary,17,Girl,3,Q3 — Middle,2,3.36,Shared device,1.0,No,-0.415,0,No,Moderate,6,0,0.194,No,,Yes,1,Still enrolled,Stable Achievers,0.415,1.268,0.344,12,,No,No,No,,,,0.9615
45,6,Mombasa Coast Secondary,16,Boy,1,Q1 — Lowest,3,6.34,Shared device,1.0,Yes,-1.422,2,No,Moderate,8,1,0.32,No,No,Yes,1,Still enrolled,Academic Strugglers,3.422,1.817,0.57,16,1.5,No,No,No,School Fee Support,15000.0,3.477,0.9067
46,14,Bungoma West Secondary,17,Boy,3,Q3 — Middle,6,4.61,Personal device,2.0,No,0.733,0,No,High,14,1,0.239,No,No,Yes,1,Still enrolled,Health-Constrained,-0.733,0.831,0.389,42,1.0,No,No,No,,,,0.9768
47,17,Malindi Shore Secondary,13,Boy,4,Q4 — High,4,8.99,Personal device,2.0,Yes,-0.885,2,No,Low,2,1,0.163,No,No,Yes,1,Still enrolled,Stable Achievers,2.885,0.849,0.263,2,2.0,Yes,No,No,,,,0.9561
48,1,Kilimani Day Secondary,15,Girl,5,Q5 — Highest,4,9.86,Shared device,1.0,No,-0.461,1,Yes,Low,3,2,0.186,No,,Yes,1,Still enrolled,Stable Achievers,1.461,1.193,0.236,3,,Yes,No,No,,,,0.9726
49,10,Nyeri Ridge Secondary,14,Girl,1,Q1 — Lowest,3,4.21,Shared device,1.0,Yes,0.578,0,Yes,High,17,0,0.273,No,No,No,0,Health Related,Health-Constrained,-0.578,1.71,0.523,51,1.5,No,No,No,School Fee Support,15000.0,2.743,0.8956
50,9,Kakamega Forest Secondary,14,Boy,1,Q1 — Lowest,4,5.82,Shared device,1.0,Yes,-2.744,2,No,Moderate,10,0,0.32,No,No,Yes,1,Still enrolled,Health-Constrained,4.744,1.791,0.57,20,1.5,No,No,No,School Fee Support,15000.0,3.794,0.6302
51,20,Busia Border Secondary,17,Boy,2,Q2 — Low,3,9.5,No access,0.0,Yes,-0.614,2,No,Low,2,0,0.228,No,No,Yes,1,Still enrolled,Academic Strugglers,2.614,2.275,0.428,2,1.0,Yes,No,Yes,,,,0.8923
52,8,Thika Green Secondary,16,Boy,2,Q2 — Low,5,5.63,No access,0.0,Yes,-0.355,2,No,Low,4,2,0.301,No,Yes,Yes,1,Still enrolled,Academic Strugglers,2.355,2.082,0.501,4,2.0,No,No,Yes,School Fee Support,15000.0,2.735,0.9599
53,4,Machakos Hilltop Secondary,15,Boy,2,Q2 — Low,5,,Shared device,1.0,No,-1.339,2,Yes,Low,4,0,,No,No,Yes,1,Still enrolled,Academic Strugglers,3.339,,,4,0.5,No,No,No,Academic Tutoring / Catch-up,8000.0,1.509,0.8327
54,4,Machakos Hilltop Secondary,17,Girl,3,Q3 — Middle,8,4.8,Shared device,1.0,Yes,-1.513,1,Yes,Moderate,13,2,0.195,No,No,Yes,1,Still enrolled,Health-Constrained,2.513,1.34,0.345,26,1.5,No,No,No,,,,0.9394
55,10,Nyeri Ridge Secondary,14,Boy,2,Q2 — Low,5,5.76,No access,0.0,Yes,-3.165,5,Yes,Low,5,1,0.258,Yes,No,No,0,Academic Performance,Academic Strugglers,8.165,2.088,0.458,5,1.0,No,Yes,Yes,School Fee Support,15000.0,3.041,0.6632
56,12,Garissa Horizon Secondary,17,Boy,1,Q1 — Lowest,8,11.87,Shared device,1.0,Yes,-2.018,4,No,Low,1,0,0.242,Yes,No,Yes,1,Still enrolled,Academic Strugglers,6.018,2.094,0.492,1,1.5,Yes,Yes,No,School Fee Support,15000.0,3.049,0.611
57,7,Eldoret Highlands Secondary,14,Girl,1,Q1 — Lowest,2,3.47,Shared device,1.0,Yes,-0.522,2,No,Moderate,7,0,0.238,No,Yes,Yes,1,Still enrolled,Academic Strugglers,2.522,1.673,0.488,14,2.5,No,No,No,School Fee Support,15000.0,2.296,0.9387
58,9,Kakamega Forest Secondary,14,Girl,1,Q1 — Lowest,5,6.34,Shared device,1.0,Yes,-1.016,2,No,Low,4,1,0.249,No,Yes,Yes,1,Still enrolled,Academic Strugglers,3.016,1.817,0.499,4,2.5,No,No,No,School Fee Support,15000.0,2.483,0.9225
59,14,Bungoma West Secondary,16,Girl,4,Q4 — High,2,6.27,Shared device,1.0,No,0.535,0,No,Moderate,7,1,0.205,No,Yes,Yes,1,Still enrolled,Stable Achievers,-0.535,1.213,0.305,14,1.5,No,No,No,,,,0.9737
60,6,Mombasa Coast Secondary,17,Girl,1,Q1 — Lowest,8,,Personal device,2.0,Yes,-1.385,1,No,Moderate,11,2,0.31,No,No,Yes,1,Still enrolled,Health-Constrained,2.385,,0.56,22,2.0,No,No,No,School Fee Support,15000.0,3.309,0.6164
61,20,Busia Border Secondary,13,Boy,1,Q1 — Lowest,6,18.96,No access,0.0,Yes,-2.521,3,No,Moderate,7,1,0.269,No,No,Yes,1,Still enrolled,Academic Strugglers,5.521,2.948,0.519,14,1.0,Yes,Yes,Yes,School Fee Support,15000.0,4.192,0.6159
62,5,Nakuru Valley Secondary,16,Boy,3,Q3 — Middle,6,14.64,Personal device,2.0,Yes,-0.721,2,No,Low,5,2,0.209,No,,Yes,1,Still enrolled,Stable Achievers,2.721,1.332,0.359,5,,Yes,No,No,,,,0.9596
63,19,Isiolo North Secondary,15,Girl,1,Q1 — Lowest,10,9.13,No access,0.0,Yes,-1.254,3,No,Low,10,0,0.225,No,Yes,Yes,1,Still enrolled,Academic Strugglers,4.254,2.457,0.475,10,2.0,Yes,Yes,Yes,School Fee Support,15000.0,2.775,0.8477
64,18,Narok Savannah Secondary,17,Girl,3,Q3 — Middle,3,3.55,No access,0.0,Yes,-1.485,2,No,Moderate,17,1,,No,,Yes,1,Still enrolled,Health-Constrained,3.485,1.778,,34,,No,No,Yes,Health & Attendance Support,5000.0,2.214,0.8755
65,20,Busia Border Secondary,16,Girl,1,Q1 — Lowest,4,5.49,No access,0.0,Yes,-1.728,2,No,Low,1,1,0.257,No,No,No,0,Financial Instability,Academic Strugglers,3.728,2.275,0.507,1,1.0,No,No,Yes,School Fee Support,15000.0,2.563,0.8876
66,16,Kericho Highlands Secondary,13,Boy,3,Q3 — Middle,6,10.73,No access,0.0,Yes,-0.087,1,No,Low,7,1,,No,No,Yes,1,Still enrolled,Academic Strugglers,1.087,2.136,,7,1.0,Yes,No,Yes,,,,0.8619
67,11,Kitale Plains Secondary,16,Boy,2,Q2 — Low,2,20.0,No access,0.0,Yes,-2.087,3,No,Low,3,1,0.219,No,No,Yes,1,Still enrolled,Academic Strugglers,5.087,2.8,0.419,3,1.0,Yes,Yes,Yes,Academic Tutoring / Catch-up,8000.0,2.943,0.763
68,13,Meru Mountain Secondary,17,Girl,1,Q1 — Lowest,5,0.65,No access,0.0,No,-0.657,2,No,Moderate,13,0,0.32,No,No,No,0,Financial Instability,Health-Constrained,2.657,2.032,0.57,26,0.0,No,No,Yes,School Fee Support,15000.0,3.155,0.8074
69,5,Nakuru Valley Secondary,13,Girl,3,Q3 — Middle,4,3.0,No access,0.0,Yes,-0.491,2,No,Low,6,1,0.24,No,Yes,Yes,1,Still enrolled,Stable Achievers,2.491,1.75,0.39,6,2.0,No,No,Yes,,,,0.9768
70,7,Eldoret Highlands Secondary,16,Girl,1,Q1 — Lowest,5,1.29,No access,0.0,Yes,-1.86,1,No,Low,6,1,0.32,No,Yes,No,0,Financial Instability,Academic Strugglers,2.86,2.065,0.57,6,2.0,No,No,Yes,School Fee Support,15000.0,3.155,0.8729
71,10,Nyeri Ridge Secondary,13,Girl,4,Q4 — High,5,5.45,Personal device,2.0,Yes,-0.025,1,No,Low,3,2,0.196,No,No,Yes,1,Still enrolled,Stable Achievers,1.025,0.672,0.296,3,2.0,No,No,No,,,,0.9803
72,19,Isiolo North Secondary,13,Girl,5,Q5 — Highest,4,8.94,No access,0.0,No,0.715,1,No,Low,8,0,0.208,No,Yes,Yes,1,Still enrolled,Stable Achievers,0.285,1.647,0.258,8,1.0,Yes,No,Yes,,,,0.9737
73,16,Kericho Highlands Secondary,14,Girl,1,Q1 — Lowest,6,5.29,Shared device,1.0,Yes,-0.328,1,Yes,Low,5,2,0.32,No,No,Yes,1,Still enrolled,Academic Strugglers,1.328,1.764,0.57,5,1.5,No,No,No,School Fee Support,15000.0,2.969,0.9337
74,12,Garissa Horizon Secondary,15,Boy,2,Q2 — Low,2,5.83,No access,0.0,No,-0.852,2,No,Low,1,1,0.32,No,No,Yes,1,Still enrolled,Academic Strugglers,2.852,2.091,0.52,1,0.0,No,No,Yes,School Fee Support,15000.0,2.875,0.9418
75,12,Garissa Horizon Secondary,16,Girl,3,Q3 — Middle,3,5.13,Shared device,1.0,Yes,-1.259,1,Yes,Moderate,12,0,0.278,No,No,Yes,1,Still enrolled,Health-Constrained,2.259,1.357,0.428,24,1.5,No,No,No,,,,0.9469
76,9,Kakamega Forest Secondary,13,Boy,2,Q2 — Low,7,2.48,Personal device,2.0,Yes,-2.024,1,No,Low,5,2,0.32,No,No,Yes,1,Still enrolled,Academic Strugglers,3.024,0.924,0.52,5,2.0,No,No,No,School Fee Support,15000.0,2.924,0.9269
77,9,Kakamega Forest Secondary,13,Boy,3,Q3 — Middle,5,4.24,No access,0.0,Yes,0.073,1,No,Moderate,10,1,0.254,No,Yes,Yes,1,Still enrolled,Stable Achievers,0.927,1.812,0.404,20,2.0,No,No,Yes,,,,0.9611
78,19,Isiolo North Secondary,16,Girl,1,Q1 — Lowest,6,4.32,Shared device,1.0,Yes,-0.992,3,No,Low,4,1,0.227,No,No,Yes,1,Still enrolled,Academic Strugglers,3.992,1.716,0.477,4,1.5,No,Yes,No,School Fee Support,15000.0,2.447,0.9609
79,1,Kilimani Day Secondary,14,Boy,2,Q2 — Low,6,2.94,Personal device,2.0,Yes,0.071,0,No,Moderate,13,1,0.32,No,No,Yes,1,Still enrolled,Health-Constrained,-0.071,0.947,0.52,26,2.0,No,No,No,,,,0.975
80,7,Eldoret Highlands Secondary,15,Boy,2,Q2 — Low,7,6.98,Shared device,1.0,Yes,-1.255,1,No,Low,3,0,,No,No,No,0,Household Pressure,Academic Strugglers,2.255,1.649,,3,1.5,No,No,No,School Fee Support,15000.0,1.305,0.8958
81,9,Kakamega Forest Secondary,15,Boy,3,Q3 — Middle,6,14.77,Personal device,2.0,Yes,-0.492,1,No,Low,6,1,0.285,No,No,Yes,1,Still enrolled,Academic Strugglers,1.492,1.338,0.435,6,2.0,Yes,No,No,School Fee Support,15000.0,1.796,0.9125
82,14,Bungoma West Secondary,15,Girl,3,Q3 — Middle,4,3.5,Personal device,2.0,Yes,-1.821,2,No,Low,2,0,,No,No,Yes,1,Still enrolled,Stable Achievers,3.821,0.775,,2,2.0,No,No,No,,,,0.862
83,9,Kakamega Forest Secondary,14,Boy,3,Q3 — Middle,7,,No access,0.0,No,-1.206,1,No,High,17,2,,No,No,No,0,Health Related,Health-Constrained,2.206,,,51,0.0,No,No,Yes,Health & Attendance Support,5000.0,2.119,0.7994
84,7,Eldoret Highlands Secondary,17,Girl,4,Q4 — High,7,7.12,,,Yes,1.021,0,No,Low,4,1,0.184,No,Yes,Yes,1,Still enrolled,Stable Achievers,-1.021,,0.284,4,,No,No,No,,,,0.9852
85,2,Nyandarua Mixed Secondary,13,Boy,5,Q5 — Highest,5,2.34,No access,0.0,No,-0.92,0,No,Low,11,2,0.169,No,Yes,Yes,1,Still enrolled,Stable Achievers,0.92,1.317,0.219,11,1.0,No,No,Yes,,,,0.9756
86,6,Mombasa Coast Secondary,16,Girl,1,Q1 — Lowest,5,17.94,No access,0.0,No,-0.856,1,No,Low,5,1,0.292,No,Yes,Yes,1,Still enrolled,Academic Strugglers,1.856,2.897,0.542,5,1.0,Yes,No,Yes,School Fee Support,15000.0,3.532,0.6192
87,3,Kisumu Lakeside Secondary,15,Girl,3,Q3 — Middle,3,19.39,No access,0.0,Yes,-0.722,3,No,Low,3,1,0.222,No,,No,0,Commute Distance,Academic Strugglers,3.722,2.569,0.372,3,,Yes,Yes,Yes,Academic Tutoring / Catch-up,8000.0,2.085,0.7829
88,15,Embu Sunrise Secondary,13,Girl,2,Q2 — Low,5,,Shared device,1.0,Yes,-1.798,1,No,Low,4,1,0.287,No,Yes,Yes,1,Still enrolled,Academic Strugglers,2.798,,0.487,4,2.5,No,No,No,School Fee Support,15000.0,2.849,0.8894
89,9,Kakamega Forest Secondary,17,Boy,2,Q2 — Low,5,5.56,No access,0.0,Yes,0.076,1,No,Low,2,1,0.241,No,Yes,Yes,1,Still enrolled,Academic Strugglers,0.924,2.078,0.441,2,2.0,No,No,Yes,,,,0.9622
90,5,Nakuru Valley Secondary,16,Girl,4,Q4 — High,4,0.83,Shared device,1.0,Yes,-0.693,1,No,Low,3,1,0.247,No,No,Yes,1,Still enrolled,Stable Achievers,1.693,0.941,0.347,3,1.5,No,No,No,,,,0.9908
91,11,Kitale Plains Secondary,13,Boy,3,Q3 — Middle,2,7.3,No access,0.0,Yes,-0.972,0,Yes,Moderate,8,0,0.222,No,No,Yes,1,Still enrolled,Stable Achievers,0.972,1.965,0.372,16,1.0,No,No,Yes,,,,0.9817
92,10,Nyeri Ridge Secondary,15,Boy,2,Q2 — Low,1,12.6,Shared device,1.0,Yes,0.918,0,Yes,Low,2,0,0.305,No,No,Yes,1,Still enrolled,Academic Strugglers,-0.918,1.93,0.505,2,1.5,Yes,No,No,School Fee Support,15000.0,2.641,0.964
93,10,Nyeri Ridge Secondary,13,Girl,1,Q1 — Lowest,5,,No access,0.0,Yes,-2.116,2,No,Low,6,0,0.264,No,No,Yes,1,Still enrolled,Academic Strugglers,4.116,,0.514,6,1.0,No,No,Yes,School Fee Support,15000.0,3.314,0.7392
94,12,Garissa Horizon Secondary,13,Girl,4,Q4 — High,5,16.57,Shared device,1.0,No,-0.158,1,Yes,Low,5,0,,No,No,Yes,1,Still enrolled,Stable Achievers,1.158,1.729,,5,0.5,Yes,No,No,,,,0.9037
95,13,Meru Mountain Secondary,14,Girl,4,Q4 — High,8,7.82,Shared device,1.0,Yes,-1.434,3,No,High,16,1,0.261,No,Yes,Yes,1,Still enrolled,Health-Constrained,4.434,1.291,0.361,48,2.5,No,Yes,No,Health & Attendance Support,5000.0,2.251,0.8717
96,4,Machakos Hilltop Secondary,14,Boy,3,Q3 — Middle,3,8.98,No access,0.0,No,-0.823,1,No,Low,4,0,0.276,No,,Yes,1,Still enrolled,Academic Strugglers,1.823,2.049,0.426,4,,Yes,No,Yes,,,,0.9039
97,4,Machakos Hilltop Secondary,17,Girl,4,Q4 — High,8,5.56,Shared device,1.0,No,-0.211,2,No,Low,6,1,0.252,No,No,Yes,1,Still enrolled,Stable Achievers,2.211,1.178,0.352,6,0.5,No,No,No,,,,0.8672
98,15,Embu Sunrise Secondary,15,Girl,1,Q1 — Lowest,2,2.69,Shared device,1.0,Yes,-0.354,0,No,Low,13,1,0.3,No,No,Yes,1,Still enrolled,Academic Strugglers,0.354,1.634,0.55,13,1.5,No,No,No,School Fee Support,15000.0,2.788,0.9571
99,20,Busia Border Secondary,15,Boy,2,Q2 — Low,0,3.38,Shared device,1.0,Yes,1.177,0,No,Moderate,15,0,0.307,No,No,Yes,1,Still enrolled,Health-Constrained,-1.177,1.469,0.507,30,1.5,No,No,No,,,,0.9831
100,11,Kitale Plains Secondary,17,Girl,2,Q2 — Low,7,3.77,Shared device,1.0,No,-2.438,3,No,Low,8,1,0.318,No,No,Yes,1,Still enrolled,Academic Strugglers,5.438,1.489,0.518,8,0.5,No,Yes,No,School Fee Support,15000.0,3.432,0.9196
101,10,Nyeri Ridge Secondary,13,Girl,4,Q4 — High,7,7.14,,,No,-1.215,2,Yes,Low,4,2,0.188,No,Yes,Yes,1,Still enrolled,Stable Achievers,3.215,,0.288,4,,No,No,No,,,,0.9289
102,13,Meru Mountain Secondary,17,Boy,1,Q1 — Lowest,5,6.51,No access,0.0,Yes,-2.139,2,No,Low,4,0,0.259,No,No,Yes,1,Still enrolled,Academic Strugglers,4.139,2.325,0.509,4,1.0,No,No,Yes,School Fee Support,15000.0,2.739,0.865
103,1,Kilimani Day Secondary,13,Girl,1,Q1 — Lowest,0,9.32,Shared device,1.0,Yes,-2.49,3,No,Moderate,9,3,0.283,No,Yes,Yes,1,Still enrolled,Academic Strugglers,5.49,1.966,0.533,18,2.5,Yes,Yes,No,School Fee Support,15000.0,3.856,0.8958
104,8,Thika Green Secondary,13,Boy,5,Q5 — Highest,3,2.27,Shared device,1.0,Yes,-0.718,1,No,Low,2,2,0.208,No,No,Yes,1,Still enrolled,Stable Achievers,1.718,0.813,0.258,2,1.5,No,No,No,,,,0.9923
105,8,Thika Green Secondary,13,Boy,1,Q1 — Lowest,2,6.81,No access,0.0,Yes,-1.397,2,No,Low,2,1,0.32,No,Yes,Yes,1,Still enrolled,Academic Strugglers,3.397,2.341,0.57,2,2.0,No,No,Yes,School Fee Support,15000.0,3.364,0.8891
106,9,Kakamega Forest Secondary,15,Girl,4,Q4 — High,7,2.29,No access,0.0,Yes,-0.392,1,No,Low,1,3,0.27,No,Yes,Yes,1,Still enrolled,Stable Achievers,1.392,1.515,0.37,1,2.0,No,No,Yes,,,,0.9896
107,15,Embu Sunrise Secondary,17,Boy,2,Q2 — Low,4,20.0,No access,0.0,Yes,-1.085,2,No,High,17,1,0.298,No,No,Yes,1,Still enrolled,Health-Constrained,3.085,2.8,0.498,51,1.0,Yes,No,Yes,School Fee Support,15000.0,3.809,0.5212
108,10,Nyeri Ridge Secondary,17,Girl,4,Q4 — High,4,,,,No,-0.724,2,No,Moderate,6,2,0.265,No,Yes,Yes,1,Still enrolled,Stable Achievers,2.724,,0.365,12,,No,No,No,,,,0.9022
109,18,Narok Savannah Secondary,13,Boy,1,Q1 — Lowest,8,17.58,No access,0.0,No,-1.898,1,No,Low,7,1,0.308,No,No,Yes,1,Still enrolled,Academic Strugglers,2.898,2.879,0.558,7,0.0,Yes,No,Yes,School Fee Support,15000.0,3.863,0.4745
110,10,Nyeri Ridge Secondary,16,Boy,4,Q4 — High,8,3.44,No access,0.0,Yes,0.169,0,No,Low,5,2,0.235,No,,Yes,1,Still enrolled,Stable Achievers,-0.169,1.572,0.335,5,,No,No,Yes,,,,0.9887
111,1,Kilimani Day Secondary,17,Girl,5,Q5 — Highest,6,7.52,No access,0.0,No,-0.803,1,No,Low,6,1,0.228,No,No,Yes,1,Still enrolled,Stable Achievers,1.803,1.576,0.278,6,0.0,No,No,Yes,,,,0.9308
112,14,Bungoma West Secondary,17,Boy,3,Q3 — Middle,7,2.66,Shared device,1.0,Yes,-0.712,0,No,Low,5,1,0.252,No,No,Yes,1,Still enrolled,Stable Achievers,0.712,1.233,0.402,5,1.5,No,No,No,,,,0.9431
113,16,Kericho Highlands Secondary,14,Girl,2,Q2 — Low,3,,No access,0.0,Yes,-0.764,0,No,Low,3,0,0.265,No,No,Yes,1,Still enrolled,Academic Strugglers,0.764,,0.465,3,1.0,No,No,Yes,,,,0.9328
114,12,Garissa Horizon Secondary,15,Girl,5,Q5 — Highest,2,,Personal device,2.0,Yes,0.116,0,No,Low,7,1,0.219,No,No,Yes,1,Still enrolled,Stable Achievers,-0.116,,0.269,7,2.0,No,No,No,,,,0.9897
115,19,Isiolo North Secondary,14,Girl,4,Q4 — High,7,1.23,Personal device,2.0,Yes,0.205,0,No,Moderate,7,1,0.214,No,Yes,Yes,1,Still enrolled,Stable Achievers,-0.205,0.462,0.314,14,3.0,No,No,No,,,,0.9918
116,9,Kakamega Forest Secondary,14,Girl,3,Q3 — Middle,6,3.16,Shared device,1.0,Yes,-1.875,3,Yes,Low,2,0,0.298,No,No,Yes,1,Still enrolled,Academic Strugglers,4.875,1.258,0.448,2,1.5,No,Yes,No,Academic Tutoring / Catch-up,8000.0,2.298,0.9376
117,16,Kericho Highlands Secondary,17,Girl,2,Q2 — Low,8,9.88,Shared device,1.0,Yes,-1.582,2,No,Low,7,1,0.24,No,No,Yes,1,Still enrolled,Academic Strugglers,3.582,1.794,0.44,7,1.5,Yes,No,No,School Fee Support,15000.0,1.992,0.6977
118,1,Kilimani Day Secondary,15,Boy,4,Q4 — High,3,0.83,Personal device,2.0,Yes,-0.719,2,No,Low,4,2,0.246,No,No,Yes,1,Still enrolled,Stable Achievers,2.719,0.442,0.346,4,2.0,No,No,No,,,,0.9785
119,1,Kilimani Day Secondary,15,Boy,5,Q5 — Highest,3,14.1,Personal device,2.0,Yes,0.089,1,No,Low,5,1,0.247,No,Yes,Yes,1,Still enrolled,Stable Achievers,0.911,0.905,0.297,5,3.0,Yes,No,No,,,,0.9864
120,16,Kericho Highlands Secondary,15,Boy,3,Q3 — Middle,6,6.24,No access,0.0,No,-1.962,4,Yes,Moderate,6,0,0.278,Yes,No,No,0,Academic Performance,Academic Strugglers,5.962,1.912,0.428,12,0.0,No,Yes,Yes,Academic Tutoring / Catch-up,8000.0,2.551,0.5656
121,18,Narok Savannah Secondary,14,Girl,2,Q2 — Low,4,4.68,,,Yes,-0.647,0,No,Low,3,1,0.31,No,No,Yes,1,Still enrolled,Academic Strugglers,0.647,,0.51,3,,No,No,No,,,,0.8986
122,11,Kitale Plains Secondary,17,Girl,5,Q5 — Highest,8,3.79,Personal device,2.0,Yes,-1.899,2,No,Low,6,2,0.179,No,No,Yes,1,Still enrolled,Stable Achievers,3.899,0.39,0.229,6,2.0,No,No,No,,,,0.9666
123,16,Kericho Highlands Secondary,15,Boy,1,Q1 — Lowest,5,6.34,No access,0.0,Yes,-3.27,3,No,Low,6,2,0.32,No,No,Yes,1,Still enrolled,Academic Strugglers,6.27,2.317,0.57,6,1.0,No,Yes,Yes,School Fee Support,15000.0,4.0,0.7608
124,7,Eldoret Highlands Secondary,14,Girl,2,Q2 — Low,2,7.02,No access,0.0,Yes,-1.422,2,No,Low,4,1,0.296,No,No,Yes,1,Still enrolled,Academic Strugglers,3.422,2.151,0.496,4,1.0,No,No,Yes,School Fee Support,15000.0,3.014,0.823
125,15,Embu Sunrise Secondary,15,Boy,5,Q5 — Highest,6,2.14,,,No,-0.733,1,Yes,Low,7,0,0.228,No,No,Yes,1,Still enrolled,Stable Achievers,1.733,,0.278,7,,No,No,No,,,,0.9583
126,10,Nyeri Ridge Secondary,14,Girl,3,Q3 — Middle,4,,No access,0.0,Yes,-0.621,1,No,Moderate,9,1,0.221,No,,Yes,1,Still enrolled,Stable Achievers,1.621,,0.371,18,,No,No,Yes,,,,0.9135
127,7,Eldoret Highlands Secondary,15,Girl,1,Q1 — Lowest,2,15.7,No access,0.0,No,-0.897,2,No,Low,4,0,,No,No,Yes,1,Still enrolled,Academic Strugglers,2.897,2.785,,4,0.0,Yes,No,Yes,Transport / Boarding Support,6000.0,2.019,0.7045
128,2,Nyandarua Mixed Secondary,16,Girl,3,Q3 — Middle,5,7.59,No access,0.0,Yes,-0.534,1,No,Low,4,1,0.298,No,Yes,Yes,1,Still enrolled,Academic Strugglers,1.534,1.979,0.448,4,2.0,No,No,Yes,,,,0.8239
129,4,Machakos Hilltop Secondary,17,Boy,5,Q5 — Highest,3,2.04,No access,0.0,Yes,-0.863,1,No,Low,5,1,0.199,No,,Yes,1,Still enrolled,Stable Achievers,1.863,1.302,0.249,5,,No,No,Yes,,,,0.9795
130,19,Isiolo North Secondary,15,Girl,5,Q5 — Highest,4,8.54,No access,0.0,Yes,-0.432,1,No,Low,3,1,0.187,No,No,Yes,1,Still enrolled,Stable Achievers,1.432,1.627,0.237,3,1.0,Yes,No,Yes,,,,0.966
131,9,Kakamega Forest Secondary,16,Girl,2,Q2 — Low,6,6.53,Shared device,1.0,Yes,-1.688,2,No,Low,4,0,0.32,No,,Yes,1,Still enrolled,Academic Strugglers,3.688,1.626,0.52,4,,No,No,No,School Fee Support,15000.0,3.159,0.9127
132,20,Busia Border Secondary,15,Girl,1,Q1 — Lowest,4,,No access,0.0,Yes,-0.648,0,No,Low,3,1,0.319,No,,Yes,1,Still enrolled,Academic Strugglers,0.648,,0.569,3,,No,No,Yes,School Fee Support,15000.0,2.866,0.9605
133,8,Thika Green Secondary,13,Girl,2,Q2 — Low,2,11.16,No access,0.0,Yes,-2.083,1,No,Moderate,7,1,0.291,No,No,Yes,1,Still enrolled,Academic Strugglers,3.083,2.358,0.491,14,1.0,Yes,No,Yes,School Fee Support,15000.0,3.242,0.8651
134,2,Nyandarua Mixed Secondary,17,Boy,1,Q1 — Lowest,5,2.84,Shared device,1.0,No,-1.975,3,No,Low,6,0,0.32,No,,Yes,1,Still enrolled,Academic Strugglers,4.975,1.642,0.57,6,,No,Yes,No,School Fee Support,15000.0,3.551,0.5956
135,6,Mombasa Coast Secondary,17,Girl,1,Q1 — Lowest,5,2.32,Personal device,2.0,Yes,-2.977,3,No,Low,3,2,0.234,No,No,Yes,1,Still enrolled,Academic Strugglers,5.977,1.116,0.484,3,2.0,No,Yes,No,School Fee Support,15000.0,2.75,0.8932
136,8,Thika Green Secondary,16,Boy,2,Q2 — Low,4,9.11,Personal device,2.0,No,-2.543,4,No,Moderate,11,0,0.24,Yes,Yes,Yes,1,Still enrolled,Health-Constrained,6.543,1.255,0.44,22,2.0,Yes,Yes,No,School Fee Support,15000.0,2.373,0.6525
137,15,Embu Sunrise Secondary,13,Boy,4,Q4 — High,2,2.64,Shared device,1.0,No,-0.99,2,No,Low,5,2,0.222,No,Yes,No,0,Academic Performance,Stable Achievers,2.99,1.032,0.322,5,1.5,No,No,No,Academic Tutoring / Catch-up,8000.0,0.692,0.9661
138,15,Embu Sunrise Secondary,16,Boy,3,Q3 — Middle,6,6.02,No access,0.0,Yes,-0.683,1,No,Low,8,0,0.307,No,No,Yes,1,Still enrolled,Academic Strugglers,1.683,1.901,0.457,8,1.0,No,No,Yes,,,,0.8968
139,15,Embu Sunrise Secondary,14,Girl,1,Q1 — Lowest,1,15.53,No access,0.0,Yes,0.16,1,No,Low,3,0,0.32,No,No,Yes,1,Still enrolled,Academic Strugglers,0.84,2.777,0.57,3,1.0,Yes,No,Yes,School Fee Support,15000.0,3.313,0.8493
140,7,Eldoret Highlands Secondary,17,Girl,4,Q4 — High,3,11.91,Shared device,1.0,Yes,-0.82,1,No,Low,5,1,0.268,No,No,Yes,1,Still enrolled,Stable Achievers,1.82,1.495,0.368,5,1.5,Yes,No,No,,,,0.9362
141,8,Thika Green Secondary,13,Girl,2,Q2 — Low,8,10.39,No access,0.0,Yes,-1.142,2,No,Low,8,1,0.271,No,Yes,Yes,1,Still enrolled,Academic Strugglers,3.142,2.319,0.471,8,2.0,Yes,No,Yes,School Fee Support,15000.0,3.077,0.8429
142,12,Garissa Horizon Secondary,16,Boy,1,Q1 — Lowest,4,6.47,,,Yes,-2.721,4,No,Low,8,0,0.32,Yes,No,Yes,1,Still enrolled,Academic Strugglers,6.721,,0.57,8,,No,Yes,No,School Fee Support,15000.0,4.075,0.6812
143,13,Meru Mountain Secondary,14,Girl,3,Q3 — Middle,7,3.92,Shared device,1.0,Yes,0.156,1,No,Low,6,1,0.275,No,,Yes,1,Still enrolled,Stable Achievers,0.844,1.296,0.425,6,,No,No,No,,,,0.9699
144,9,Kakamega Forest Secondary,17,Girl,1,Q1 — Lowest,2,10.53,No access,0.0,Yes,-1.147,0,No,Low,5,0,,No,No,Yes,1,Still enrolled,Academic Strugglers,1.147,2.526,,5,1.0,Yes,No,Yes,Transport / Boarding Support,6000.0,1.494,0.9167
145,4,Machakos Hilltop Secondary,16,Boy,1,Q1 — Lowest,6,3.74,,,Yes,-1.68,3,No,Low,5,1,0.27,No,No,Yes,1,Still enrolled,Academic Strugglers,4.68,,0.52,5,,No,Yes,No,School Fee Support,15000.0,3.277,0.9105
146,16,Kericho Highlands Secondary,16,Boy,4,Q4 — High,6,,Personal device,2.0,No,-0.258,0,No,Low,7,2,0.215,No,No,Yes,1,Still enrolled,Stable Achievers,0.258,,0.315,7,1.0,No,No,No,,,,0.9204
147,11,Kitale Plains Secondary,15,Girl,2,Q2 — Low,7,6.35,No access,0.0,Yes,-2.713,2,No,Low,5,1,0.273,No,Yes,Yes,1,Still enrolled,Academic Strugglers,4.713,2.117,0.473,5,2.0,No,No,Yes,School Fee Support,15000.0,3.194,0.9093
148,20,Busia Border Secondary,15,Girl,3,Q3 — Middle,2,6.94,No access,0.0,No,-2.025,1,Yes,Low,6,0,0.239,No,No,Yes,1,Still enrolled,Academic Strugglers,3.025,1.947,0.389,6,0.0,No,No,Yes,,,,0.89
149,19,Isiolo North Secondary,16,Girl,2,Q2 — Low,4,11.32,No access,0.0,Yes,-1.013,2,Yes,Low,6,1,0.319,No,No,Yes,1,Still enrolled,Academic Strugglers,3.013,2.366,0.519,6,1.0,Yes,No,Yes,School Fee Support,15000.0,3.262,0.9293
150,18,Narok Savannah Secondary,14,Boy,5,Q5 — Highest,5,1.37,Personal device,2.0,No,-0.874,1,No,Moderate,11,1,0.166,No,No,Yes,1,Still enrolled,Stable Achievers,1.874,0.268,0.216,22,1.0,No,No,No,,,,0.9611
151,20,Busia Border Secondary,15,Girl,1,Q1 — Lowest,6,2.9,Personal device,2.0,Yes,-4.0,7,No,Low,3,0,0.259,Yes,No,No,0,Academic Performance,Academic Strugglers,11.0,1.145,0.509,3,2.0,No,Yes,No,School Fee Support,15000.0,3.557,0.6414
152,13,Meru Mountain Secondary,14,Boy,5,Q5 — Highest,5,12.17,Personal device,2.0,Yes,1.054,0,No,Low,9,0,,No,No,Yes,1,Still enrolled,Stable Achievers,-1.054,0.809,,9,2.0,Yes,No,No,,,,0.9849
153,6,Mombasa Coast Secondary,14,Girl,3,Q3 — Middle,5,8.03,,,Yes,-0.656,2,No,Low,6,1,0.305,No,,Yes,1,Still enrolled,Academic Strugglers,2.656,,0.455,6,,Yes,No,No,School Fee Support,15000.0,2.224,0.9499
154,4,Machakos Hilltop Secondary,15,Boy,5,Q5 — Highest,2,1.53,No access,0.0,No,0.917,2,No,Moderate,14,1,0.236,No,Yes,Yes,1,Still enrolled,Stable Achievers,1.083,1.277,0.286,28,1.0,No,No,Yes,,,,0.9586
155,3,Kisumu Lakeside Secondary,16,Boy,1,Q1 — Lowest,7,,No access,0.0,Yes,-2.966,4,No,High,15,0,0.32,Yes,Yes,No,0,Health Related,Health-Constrained,6.966,,0.57,45,2.0,No,Yes,Yes,School Fee Support,15000.0,4.248,0.284
156,19,Isiolo North Secondary,13,Boy,2,Q2 — Low,3,9.37,No access,0.0,Yes,-1.886,5,No,Low,1,2,0.314,Yes,No,Yes,1,Still enrolled,Academic Strugglers,6.886,2.268,0.514,1,1.0,Yes,Yes,Yes,School Fee Support,15000.0,3.691,0.862
157,6,Mombasa Coast Secondary,17,Girl,1,Q1 — Lowest,2,,Personal device,2.0,Yes,-2.557,4,No,High,28,1,0.289,Yes,No,Yes,1,Still enrolled,Health-Constrained,6.557,,0.539,84,2.0,No,Yes,No,School Fee Support,15000.0,4.297,0.6605
158,1,Kilimani Day Secondary,13,Boy,5,Q5 — Highest,1,20.0,Personal device,2.0,Yes,0.04,0,No,Moderate,9,2,0.228,No,No,Yes,1,Still enrolled,Stable Achievers,-0.04,1.2,0.278,18,2.0,Yes,No,No,,,,0.9783
159,1,Kilimani Day Secondary,15,Boy,2,Q2 — Low,4,3.05,Shared device,1.0,Yes,-2.245,3,Yes,Low,4,2,,No,No,Yes,1,Still enrolled,Academic Strugglers,5.245,1.453,,4,1.5,No,Yes,No,Academic Tutoring / Catch-up,8000.0,2.481,0.9411
160,6,Mombasa Coast Secondary,16,Boy,1,Q1 — Lowest,5,6.0,Shared device,1.0,Yes,-1.84,2,No,Low,3,0,0.265,No,No,Yes,1,Still enrolled,Academic Strugglers,3.84,1.8,0.515,3,1.5,No,No,No,School Fee Support,15000.0,3.199,0.9434
161,20,Busia Border Secondary,14,Boy,3,Q3 — Middle,2,6.65,Personal device,2.0,Yes,-1.052,1,No,Low,6,0,0.244,No,No,Yes,1,Still enrolled,Stable Achievers,2.052,0.932,0.394,6,2.0,No,No,No,,,,0.9607
162,6,Mombasa Coast Secondary,16,Girl,4,Q4 — High,6,4.5,Personal device,2.0,No,-0.771,2,No,Low,4,1,0.261,No,No,Yes,1,Still enrolled,Stable Achievers,2.771,0.625,0.361,4,1.0,No,No,No,,,,0.9358
163,3,Kisumu Lakeside Secondary,15,Girl,3,Q3 — Middle,4,18.77,Shared device,1.0,Yes,-1.64,3,No,Low,0,2,0.195,No,No,Yes,1,Still enrolled,Academic Strugglers,4.64,2.038,0.345,0,1.5,Yes,Yes,No,Academic Tutoring / Catch-up,8000.0,2.416,0.8586
164,14,Bungoma West Secondary,13,Boy,1,Q1 — Lowest,6,2.83,Shared device,1.0,Yes,-2.148,1,No,High,12,1,0.306,No,No,No,0,Health Related,Health-Constrained,3.148,1.641,0.556,36,1.5,No,No,No,School Fee Support,15000.0,3.354,0.8296
165,2,Nyandarua Mixed Secondary,17,Girl,2,Q2 — Low,5,4.09,No access,0.0,Yes,-1.62,2,Yes,Moderate,11,0,0.32,No,No,Yes,1,Still enrolled,Health-Constrained,3.62,2.004,0.52,22,1.0,No,No,Yes,School Fee Support,15000.0,3.184,0.8445
166,10,Nyeri Ridge Secondary,13,Girl,3,Q3 — Middle,8,8.04,No access,0.0,Yes,-3.02,4,Yes,Low,6,1,0.254,Yes,Yes,Yes,1,Still enrolled,Academic Strugglers,7.02,2.002,0.404,6,2.0,Yes,Yes,Yes,Academic Tutoring / Catch-up,8000.0,2.727,0.6781
167,2,Nyandarua Mixed Secondary,13,Boy,2,Q2 — Low,4,9.24,No access,0.0,Yes,-2.372,4,No,Low,2,0,0.206,Yes,,Yes,1,Still enrolled,Academic Strugglers,6.372,2.262,0.406,2,,Yes,Yes,Yes,Academic Tutoring / Catch-up,8000.0,2.649,0.6004
168,2,Nyandarua Mixed Secondary,16,Boy,1,Q1 — Lowest,4,4.55,Shared device,1.0,Yes,-1.338,2,Yes,Moderate,11,1,0.236,No,Yes,Yes,1,Still enrolled,Health-Constrained,3.338,1.727,0.486,22,2.5,No,No,No,School Fee Support,15000.0,2.554,0.8666
169,8,Thika Green Secondary,13,Boy,2,Q2 — Low,5,2.67,No access,0.0,Yes,-1.722,4,No,Low,4,2,0.289,Yes,No,Yes,1,Still enrolled,Academic Strugglers,5.722,1.934,0.489,4,1.0,No,Yes,Yes,School Fee Support,15000.0,3.152,0.8375
170,1,Kilimani Day Secondary,15,Boy,2,Q2 — Low,2,,Shared device,1.0,Yes,-1.636,3,No,Low,6,1,0.32,No,Yes,No,0,Financial Instability,Academic Strugglers,4.636,,0.52,6,2.5,No,Yes,No,School Fee Support,15000.0,3.306,0.9304
171,18,Narok Savannah Secondary,13,Girl,1,Q1 — Lowest,2,6.94,Shared device,1.0,No,0.304,0,No,Low,6,1,0.32,No,No,Yes,1,Still enrolled,Academic Strugglers,-0.304,1.847,0.57,6,0.5,No,No,No,School Fee Support,15000.0,2.841,0.9214
172,13,Meru Mountain Secondary,15,Girl,3,Q3 — Middle,7,7.89,No access,0.0,Yes,-1.84,3,No,Moderate,13,0,0.278,No,Yes,Yes,1,Still enrolled,Health-Constrained,4.84,1.995,0.428,26,2.0,No,Yes,Yes,Health & Attendance Support,5000.0,2.591,0.7853
173,19,Isiolo North Secondary,17,Girl,4,Q4 — High,2,8.99,No access,0.0,Yes,-1.112,1,No,Low,5,1,0.203,No,Yes,Yes,1,Still enrolled,Stable Achievers,2.112,1.849,0.303,5,2.0,Yes,No,Yes,,,,0.9746
174,10,Nyeri Ridge Secondary,13,Boy,1,Q1 — Lowest,1,,No access,0.0,No,-1.174,2,No,High,14,0,0.224,No,No,Yes,1,Still enrolled,Health-Constrained,3.174,,0.474,42,0.0,No,No,Yes,School Fee Support,15000.0,2.577,0.8226
175,12,Garissa Horizon Secondary,15,Girl,4,Q4 — High,3,8.56,Shared device,1.0,No,-0.423,2,No,Low,2,1,0.249,No,No,Yes,1,Still enrolled,Stable Achievers,2.423,1.328,0.349,2,0.5,Yes,No,No,,,,0.9565
176,13,Meru Mountain Secondary,17,Boy,2,Q2 — Low,3,2.82,No access,0.0,No,-2.506,4,No,Low,5,1,0.32,Yes,No,No,0,Academic Performance,Academic Strugglers,6.506,1.941,0.52,5,0.0,No,Yes,Yes,School Fee Support,15000.0,3.498,0.756
177,10,Nyeri Ridge Secondary,14,Girl,2,Q2 — Low,5,3.93,No access,0.0,Yes,-0.151,2,No,Low,6,1,0.317,No,No,No,0,Financial Instability,Academic Strugglers,2.151,1.997,0.517,6,1.0,No,No,Yes,School Fee Support,15000.0,2.725,0.8728
178,12,Garissa Horizon Secondary,14,Boy,3,Q3 — Middle,5,12.54,Personal device,2.0,Yes,-1.161,1,Yes,Low,5,1,0.222,No,Yes,Yes,1,Still enrolled,Stable Achievers,2.161,1.227,0.372,5,3.0,Yes,No,No,,,,0.9587
179,12,Garissa Horizon Secondary,15,Boy,1,Q1 — Lowest,8,7.64,Personal device,2.0,Yes,-1.497,2,No,Low,3,0,0.287,No,No,No,0,Household Pressure,Academic Strugglers,3.497,1.382,0.537,3,2.0,No,No,No,School Fee Support,15000.0,3.296,0.8348
180,18,Narok Savannah Secondary,14,Girl,2,Q2 — Low,4,4.29,No access,0.0,Yes,-2.948,4,No,Low,9,0,0.302,Yes,Yes,Yes,1,Still enrolled,Academic Strugglers,6.948,2.015,0.502,9,2.0,No,Yes,Yes,School Fee Support,15000.0,3.667,0.6966
181,7,Eldoret Highlands Secondary,13,Boy,4,Q4 — High,7,8.88,Shared device,1.0,No,-1.023,1,No,Low,5,1,0.239,No,Yes,Yes,1,Still enrolled,Stable Achievers,2.023,1.344,0.339,5,1.5,Yes,No,No,,,,0.9406
182,19,Isiolo North Secondary,15,Girl,2,Q2 — Low,4,8.8,No access,0.0,Yes,-1.882,3,Yes,Low,10,1,0.281,No,Yes,Yes,1,Still enrolled,Academic Strugglers,4.882,2.24,0.481,10,2.0,Yes,Yes,Yes,School Fee Support,15000.0,3.41,0.9382
183,4,Machakos Hilltop Secondary,17,Boy,5,Q5 — Highest,6,9.92,No access,0.0,Yes,-0.537,1,Yes,Low,3,2,0.18,No,Yes,Yes,1,Still enrolled,Stable Achievers,1.537,1.696,0.23,3,2.0,Yes,No,Yes,,,,0.9837
184,4,Machakos Hilltop Secondary,15,Boy,2,Q2 — Low,7,8.25,No access,0.0,No,0.194,1,No,Low,2,2,,No,Yes,Yes,1,Still enrolled,Academic Strugglers,0.806,2.213,,2,1.0,Yes,No,Yes,,,,0.9329
185,6,Mombasa Coast Secondary,14,Girl,1,Q1 — Lowest,7,15.6,No access,0.0,No,-1.992,2,No,Low,9,0,0.253,No,No,Yes,1,Still enrolled,Academic Strugglers,3.992,2.78,0.503,9,0.0,Yes,No,Yes,School Fee Support,15000.0,3.119,0.5896
186,19,Isiolo North Secondary,17,Boy,3,Q3 — Middle,4,6.4,Personal device,2.0,Yes,0.159,0,Yes,Low,9,1,0.272,No,,Yes,1,Still enrolled,Stable Achievers,-0.159,0.92,0.422,9,,No,No,No,,,,0.9688
187,5,Nakuru Valley Secondary,13,Boy,4,Q4 — High,2,6.06,No access,0.0,Yes,0.079,1,No,Low,6,1,0.204,No,No,Yes,1,Still enrolled,Stable Achievers,0.921,1.703,0.304,6,1.0,No,No,Yes,,,,0.9802
188,16,Kericho Highlands Secondary,14,Boy,4,Q4 — High,9,12.73,Shared device,1.0,No,-0.917,2,No,Low,5,1,0.271,No,,Yes,1,Still enrolled,Academic Strugglers,2.917,1.537,0.371,5,,Yes,No,No,,,,0.8371
189,12,Garissa Horizon Secondary,17,Girl,1,Q1 — Lowest,6,3.64,No access,0.0,Yes,-0.09,1,No,Low,5,2,0.263,No,,Yes,1,Still enrolled,Academic Strugglers,1.09,2.182,0.513,5,,No,No,Yes,,,,0.9704
190,13,Meru Mountain Secondary,13,Boy,1,Q1 — Lowest,5,18.59,No access,0.0,Yes,-3.035,5,No,Low,3,0,0.256,Yes,No,No,0,Academic Performance,Academic Strugglers,8.035,2.929,0.506,3,1.0,Yes,Yes,Yes,School Fee Support,15000.0,3.705,0.3378
191,2,Nyandarua Mixed Secondary,17,Boy,2,Q2 — Low,9,4.42,Shared device,1.0,Yes,-0.95,0,No,High,20,0,0.303,No,No,No,0,Health Related,Health-Constrained,0.95,1.521,0.503,60,1.5,No,No,No,School Fee Support,15000.0,2.864,0.8287
192,14,Bungoma West Secondary,13,Boy,2,Q2 — Low,4,0.6,No access,0.0,Yes,-0.881,2,No,Low,5,1,0.209,No,No,Yes,1,Still enrolled,Academic Strugglers,2.881,1.83,0.409,5,1.0,No,No,Yes,,,,0.9527
193,2,Nyandarua Mixed Secondary,14,Boy,1,Q1 — Lowest,6,11.84,No access,0.0,Yes,-3.221,4,No,Low,7,1,0.284,Yes,No,Yes,1,Still enrolled,Academic Strugglers,7.221,2.592,0.534,7,1.0,Yes,Yes,Yes,School Fee Support,15000.0,4.243,0.5802
194,11,Kitale Plains Secondary,16,Girl,1,Q1 — Lowest,8,1.88,No access,0.0,No,-1.165,0,No,Low,3,0,,No,Yes,Yes,1,Still enrolled,Academic Strugglers,1.165,2.094,,3,1.0,No,No,Yes,,,,0.9562
195,16,Kericho Highlands Secondary,16,Girl,4,Q4 — High,5,4.68,,,Yes,-1.371,3,No,Low,6,1,0.193,No,Yes,Yes,1,Still enrolled,Stable Achievers,4.371,,0.293,6,,No,Yes,No,,,,0.9319
196,19,Isiolo North Secondary,14,Boy,2,Q2 — Low,6,14.11,Shared device,1.0,Yes,-1.945,2,No,Low,6,2,0.32,No,No,Yes,1,Still enrolled,Academic Strugglers,3.945,2.006,0.52,6,1.5,Yes,No,No,School Fee Support,15000.0,3.601,0.8119
197,20,Busia Border Secondary,14,Girl,5,Q5 — Highest,2,3.27,Shared device,1.0,Yes,-0.748,2,No,Moderate,9,0,0.156,No,No,Yes,1,Still enrolled,Stable Achievers,2.748,0.864,0.206,18,1.5,No,No,No,,,,0.9863
198,5,Nakuru Valley Secondary,17,Girl,3,Q3 — Middle,4,7.55,Shared device,1.0,No,-2.127,2,No,Low,6,3,0.285,No,No,Yes,1,Still enrolled,Academic Strugglers,4.127,1.478,0.435,6,0.5,No,No,No,School Fee Support,15000.0,1.926,0.9428
199,16,Kericho Highlands Secondary,15,Girl,1,Q1 — Lowest,4,12.74,,,Yes,0.064,1,No,Low,6,0,0.223,No,No,Yes,1,Still enrolled,Academic Strugglers,0.936,,0.473,6,,Yes,No,No,School Fee Support,15000.0,2.345,0.8758
200,12,Garissa Horizon Secondary,13,Boy,3,Q3 — Middle,6,8.69,Shared device,1.0,No,-1.451,3,No,Low,4,3,0.204,No,No,Yes,1,Still enrolled,Academic Strugglers,4.451,1.535,0.354,4,0.5,Yes,Yes,No,,,,0.8802
201,15,Embu Sunrise Secondary,16,Girl,1,Q1 — Lowest,5,6.46,Shared device,1.0,Yes,-2.128,3,No,Low,8,1,0.32,No,No,Yes,1,Still enrolled,Academic Strugglers,5.128,1.823,0.57,8,1.5,No,Yes,No,School Fee Support,15000.0,3.791,0.8413
202,17,Malindi Shore Secondary,15,Girl,2,Q2 — Low,2,3.04,No access,0.0,Yes,-0.461,1,Yes,Low,3,2,0.205,No,No,Yes,1,Still enrolled,Academic Strugglers,1.461,1.952,0.405,3,1.0,No,No,Yes,,,,0.9657
203,10,Nyeri Ridge Secondary,13,Boy,2,Q2 — Low,5,12.88,No access,0.0,Yes,0.688,0,No,Low,3,3,0.232,No,Yes,Yes,1,Still enrolled,Academic Strugglers,-0.688,2.444,0.432,3,2.0,Yes,No,Yes,,,,0.9483
204,3,Kisumu Lakeside Secondary,16,Girl,1,Q1 — Lowest,5,3.23,No access,0.0,Yes,-1.546,1,No,Low,4,0,0.235,No,No,Yes,1,Still enrolled,Academic Strugglers,2.546,2.161,0.485,4,1.0,No,No,Yes,School Fee Support,15000.0,2.289,0.8008
205,16,Kericho Highlands Secondary,15,Boy,5,Q5 — Highest,6,1.92,Personal device,2.0,Yes,0.156,1,No,Moderate,12,0,0.184,No,No,No,0,Health Related,Stable Achievers,0.844,0.296,0.234,24,2.0,No,No,No,Health & Attendance Support,5000.0,0.63,0.975
206,13,Meru Mountain Secondary,15,Boy,2,Q2 — Low,7,16.71,Personal device,2.0,Yes,-0.306,2,Yes,Low,1,1,0.303,No,No,Yes,1,Still enrolled,Academic Strugglers,2.306,1.636,0.503,1,2.0,Yes,No,No,School Fee Support,15000.0,3.167,0.8947
207,3,Kisumu Lakeside Secondary,17,Boy,3,Q3 — Middle,5,5.29,No access,0.0,Yes,-2.272,1,No,Low,3,0,0.22,No,No,Yes,1,Still enrolled,Academic Strugglers,3.272,1.865,0.37,3,1.0,No,No,Yes,,,,0.884
208,9,Kakamega Forest Secondary,15,Girl,2,Q2 — Low,1,8.94,Shared device,1.0,Yes,-0.378,1,No,Low,5,1,,No,No,Yes,1,Still enrolled,Academic Strugglers,1.378,1.747,,5,1.5,Yes,No,No,,,,0.9646
209,3,Kisumu Lakeside Secondary,13,Girl,3,Q3 — Middle,4,3.94,Shared device,1.0,Yes,-2.328,4,No,Low,3,0,0.201,Yes,No,Yes,1,Still enrolled,Academic Strugglers,6.328,1.297,0.351,3,1.5,No,Yes,No,Academic Tutoring / Catch-up,8000.0,2.193,0.8651
210,16,Kericho Highlands Secondary,17,Girl,4,Q4 — High,3,,No access,0.0,Yes,-1.007,2,No,Low,3,3,0.181,No,Yes,Yes,1,Still enrolled,Stable Achievers,3.007,,0.281,3,2.0,No,No,Yes,,,,0.9281
211,7,Eldoret Highlands Secondary,14,Boy,1,Q1 — Lowest,9,,Personal device,2.0,No,-2.539,2,No,Low,4,1,0.273,No,No,No,0,Household Pressure,Academic Strugglers,4.539,,0.523,4,1.0,No,No,No,School Fee Support,15000.0,3.405,0.6911
212,2,Nyandarua Mixed Secondary,15,Girl,2,Q2 — Low,2,6.94,Personal device,2.0,Yes,-1.573,3,No,High,14,1,,No,Yes,Yes,1,Still enrolled,Health-Constrained,4.573,1.147,,42,3.0,No,Yes,No,Health & Attendance Support,5000.0,2.679,0.8891
213,6,Mombasa Coast Secondary,15,Girl,3,Q3 — Middle,8,8.44,No access,0.0,Yes,0.272,0,Yes,Low,6,3,0.208,No,No,Yes,1,Still enrolled,Stable Achievers,-0.272,2.022,0.358,6,1.0,Yes,No,Yes,,,,0.9885
214,13,Meru Mountain Secondary,17,Boy,1,Q1 — Lowest,9,7.95,No access,0.0,Yes,-0.267,1,No,Low,4,1,0.256,No,No,Yes,1,Still enrolled,Academic Strugglers,1.267,2.398,0.506,4,1.0,No,No,Yes,School Fee Support,15000.0,2.303,0.8919
215,12,Garissa Horizon Secondary,13,Boy,3,Q3 — Middle,8,3.1,Shared device,1.0,Yes,-1.24,3,No,Moderate,12,0,0.282,No,No,Yes,1,Still enrolled,Health-Constrained,4.24,1.255,0.432,24,1.5,No,Yes,No,Health & Attendance Support,5000.0,2.296,0.8052
216,18,Narok Savannah Secondary,14,Boy,5,Q5 — Highest,5,3.77,,,Yes,0.283,0,No,Low,2,0,0.195,No,Yes,Yes,1,Still enrolled,Stable Achievers,-0.283,,0.245,2,,No,No,No,,,,0.9873
217,8,Thika Green Secondary,14,Boy,4,Q4 — High,6,,Shared device,1.0,Yes,-1.771,3,No,High,21,1,0.257,No,No,Yes,1,Still enrolled,Health-Constrained,4.771,,0.357,63,1.5,No,Yes,No,Health & Attendance Support,5000.0,2.314,0.8174
218,13,Meru Mountain Secondary,15,Girl,3,Q3 — Middle,4,,No access,0.0,Yes,-1.488,3,No,Low,5,0,0.3,No,Yes,Yes,1,Still enrolled,Academic Strugglers,4.488,,0.45,5,2.0,No,Yes,Yes,School Fee Support,15000.0,2.386,0.8998
219,19,Isiolo North Secondary,14,Girl,1,Q1 — Lowest,6,20.0,No access,0.0,Yes,-1.943,1,No,Low,7,0,0.32,No,No,No,0,Commute Distance,Academic Strugglers,2.943,3.0,0.57,7,1.0,Yes,No,Yes,School Fee Support,15000.0,4.037,0.3143
220,7,Eldoret Highlands Secondary,16,Boy,1,Q1 — Lowest,9,11.29,Personal device,2.0,Yes,-2.604,2,No,Low,4,1,0.32,No,No,No,0,Household Pressure,Academic Strugglers,4.604,1.564,0.57,4,2.0,Yes,No,No,School Fee Support,15000.0,3.879,0.7092
221,1,Kilimani Day Secondary,13,Girl,4,Q4 — High,2,1.73,Personal device,2.0,Yes,0.195,1,No,Low,3,1,0.17,No,Yes,Yes,1,Still enrolled,Stable Achievers,0.805,0.486,0.27,3,3.0,No,No,No,,,,0.9859
222,14,Bungoma West Secondary,17,Girl,4,Q4 — High,4,20.0,Personal device,2.0,Yes,-0.17,0,No,Low,6,2,,No,Yes,Yes,1,Still enrolled,Stable Achievers,0.17,1.4,,6,3.0,Yes,No,No,,,,0.8664
223,13,Meru Mountain Secondary,17,Girl,4,Q4 — High,4,0.59,Shared device,1.0,No,-3.264,5,No,Low,7,1,0.241,Yes,Yes,Yes,1,Still enrolled,Stable Achievers,8.264,0.93,0.341,7,1.5,No,Yes,No,Academic Tutoring / Catch-up,8000.0,1.871,0.8464
224,7,Eldoret Highlands Secondary,13,Girl,2,Q2 — Low,9,6.16,No access,0.0,Yes,0.02,0,Yes,Moderate,15,0,0.222,No,No,Yes,1,Still enrolled,Health-Constrained,-0.02,2.108,0.422,30,1.0,No,No,Yes,,,,0.945
225,12,Garissa Horizon Secondary,16,Girl,1,Q1 — Lowest,4,8.26,No access,0.0,Yes,-3.365,4,No,Moderate,9,0,0.285,Yes,No,Yes,1,Still enrolled,Academic Strugglers,7.365,2.413,0.535,18,1.0,Yes,Yes,Yes,School Fee Support,15000.0,4.162,0.6881
226,14,Bungoma West Secondary,17,Boy,3,Q3 — Middle,5,2.33,No access,0.0,Yes,-1.021,2,No,Low,3,1,0.301,No,Yes,Yes,1,Still enrolled,Academic Strugglers,3.021,1.717,0.451,3,2.0,No,No,Yes,,,,0.9669
227,17,Malindi Shore Secondary,14,Girl,3,Q3 — Middle,3,7.36,Shared device,1.0,Yes,-1.062,1,No,Moderate,13,0,0.241,No,Yes,Yes,1,Still enrolled,Health-Constrained,2.062,1.468,0.391,26,2.5,No,No,No,,,,0.9448
228,3,Kisumu Lakeside Secondary,16,Girl,1,Q1 — Lowest,5,3.12,No access,0.0,Yes,-3.192,4,No,Low,6,1,0.289,Yes,No,Yes,1,Still enrolled,Academic Strugglers,7.192,2.156,0.539,6,1.0,No,Yes,Yes,School Fee Support,15000.0,3.85,0.7974
229,10,Nyeri Ridge Secondary,17,Boy,2,Q2 — Low,5,15.69,No access,0.0,Yes,-2.239,3,Yes,Low,2,1,0.213,No,No,Yes,1,Still enrolled,Academic Strugglers,5.239,2.584,0.413,2,1.0,Yes,Yes,Yes,Academic Tutoring / Catch-up,8000.0,2.766,0.7246
230,6,Mombasa Coast Secondary,17,Girl,3,Q3 — Middle,6,4.61,No access,0.0,Yes,-1.178,1,No,Low,6,1,0.256,No,No,Yes,1,Still enrolled,Academic Strugglers,2.178,1.83,0.406,6,1.0,No,No,Yes,,,,0.9194
231,7,Eldoret Highlands Secondary,15,Girl,1,Q1 — Lowest,4,,,,Yes,-4.0,6,No,Moderate,9,2,0.32,Yes,No,No,0,Academic Performance,Academic Strugglers,10.0,,0.57,18,,No,Yes,No,School Fee Support,15000.0,4.652,0.3524
232,1,Kilimani Day Secondary,16,Boy,2,Q2 — Low,3,13.36,No access,0.0,No,-0.551,1,No,Low,6,1,,No,Yes,Yes,1,Still enrolled,Academic Strugglers,1.551,2.468,,6,1.0,Yes,No,Yes,Transport / Boarding Support,6000.0,1.558,0.9411
233,9,Kakamega Forest Secondary,13,Boy,1,Q1 — Lowest,2,6.49,No access,0.0,No,-1.389,3,No,Low,5,1,0.226,No,No,Yes,1,Still enrolled,Academic Strugglers,4.389,2.325,0.476,5,0.0,No,Yes,Yes,School Fee Support,15000.0,2.614,0.7446
234,2,Nyandarua Mixed Secondary,15,Boy,4,Q4 — High,7,5.04,Shared device,1.0,No,-0.657,1,Yes,Low,3,1,0.175,No,Yes,Yes,1,Still enrolled,Stable Achievers,1.657,1.152,0.275,3,1.5,No,No,No,,,,0.9527
235,19,Isiolo North Secondary,16,Girl,2,Q2 — Low,3,5.72,No access,0.0,Yes,-1.045,1,No,Low,1,2,0.257,No,No,Yes,1,Still enrolled,Academic Strugglers,2.045,2.086,0.457,1,1.0,No,No,Yes,,,,0.9531
236,12,Garissa Horizon Secondary,16,Boy,3,Q3 — Middle,2,5.96,Personal device,2.0,No,-0.787,1,No,Low,8,1,0.24,No,No,Yes,1,Still enrolled,Stable Achievers,1.787,0.898,0.39,8,1.0,No,No,No,,,,0.9365
237,9,Kakamega Forest Secondary,14,Boy,2,Q2 — Low,3,6.5,Shared device,1.0,Yes,-2.81,3,No,Low,7,0,,No,,Yes,1,Still enrolled,Academic Strugglers,5.81,1.625,,7,,No,Yes,No,Academic Tutoring / Catch-up,8000.0,2.769,0.8105
238,5,Nakuru Valley Secondary,14,Girl,2,Q2 — Low,5,14.45,No access,0.0,Yes,-0.882,3,No,Moderate,12,0,0.227,No,No,No,0,Health Related,Health-Constrained,3.882,2.523,0.427,24,1.0,Yes,Yes,Yes,Health & Attendance Support,5000.0,2.699,0.721
239,19,Isiolo North Secondary,16,Girl,1,Q1 — Lowest,7,1.09,No access,0.0,Yes,-1.434,1,No,Low,4,0,0.318,No,No,Yes,1,Still enrolled,Academic Strugglers,2.434,2.055,0.568,4,1.0,No,No,Yes,School Fee Support,15000.0,3.0,0.9163
240,11,Kitale Plains Secondary,13,Girl,2,Q2 — Low,9,7.23,Shared device,1.0,Yes,-1.953,1,Yes,Low,6,0,0.286,No,No,Yes,1,Still enrolled,Academic Strugglers,2.953,1.662,0.486,6,1.5,No,No,No,School Fee Support,15000.0,2.99,0.9493
241,20,Busia Border Secondary,14,Girl,5,Q5 — Highest,4,1.67,No access,0.0,Yes,-0.136,0,Yes,Moderate,5,1,0.199,No,No,Yes,1,Still enrolled,Stable Achievers,0.136,1.283,0.249,10,1.0,No,No,Yes,,,,0.9949
242,14,Bungoma West Secondary,16,Girl,4,Q4 — High,5,10.92,No access,0.0,Yes,-0.87,2,No,Low,4,1,0.218,No,Yes,Yes,1,Still enrolled,Stable Achievers,2.87,1.946,0.318,4,2.0,Yes,No,Yes,,,,0.9422
243,20,Busia Border Secondary,16,Boy,3,Q3 — Middle,8,,No access,0.0,Yes,-2.958,4,No,High,14,1,0.29,Yes,No,Yes,1,Still enrolled,Health-Constrained,6.958,,0.44,42,1.0,No,Yes,Yes,Health & Attendance Support,5000.0,2.908,0.708
244,18,Narok Savannah Secondary,17,Boy,4,Q4 — High,8,3.89,No access,0.0,Yes,0.25,1,No,Low,6,0,0.226,No,,Yes,1,Still enrolled,Stable Achievers,0.75,1.595,0.326,6,,No,No,Yes,,,,0.9474
245,15,Embu Sunrise Secondary,16,Girl,1,Q1 — Lowest,3,15.9,No access,0.0,No,-2.367,2,No,Low,7,1,0.282,No,No,No,0,Financial Instability,Academic Strugglers,4.367,2.795,0.532,7,0.0,Yes,No,Yes,School Fee Support,15000.0,3.925,0.5923
246,8,Thika Green Secondary,17,Girl,4,Q4 — High,6,1.88,No access,0.0,No,1.007,1,No,Low,8,2,0.208,No,No,Yes,1,Still enrolled,Stable Achievers,-0.007,1.494,0.308,8,0.0,No,No,Yes,,,,0.9501
247,16,Kericho Highlands Secondary,14,Girl,4,Q4 — High,2,4.28,Shared device,1.0,Yes,0.309,0,No,Moderate,6,0,,No,Yes,Yes,1,Still enrolled,Stable Achievers,-0.309,1.114,,12,2.5,No,No,No,,,,0.9727
248,7,Eldoret Highlands Secondary,15,Boy,3,Q3 — Middle,5,2.03,Shared device,1.0,No,-1.325,2,No,Low,7,1,0.247,No,No,Yes,1,Still enrolled,Stable Achievers,3.325,1.201,0.397,7,0.5,No,No,No,,,,0.9502
249,18,Narok Savannah Secondary,16,Girl,5,Q5 — Highest,4,1.37,Shared device,1.0,No,0.292,1,No,High,16,0,0.239,No,No,Yes,1,Still enrolled,Health-Constrained,0.708,0.769,0.289,48,0.5,No,No,No,,,,0.9627
250,7,Eldoret Highlands Secondary,16,Boy,1,Q1 — Lowest,3,4.19,Personal device,2.0,Yes,-1.218,1,No,High,18,0,0.32,No,No,Yes,1,Still enrolled,Health-Constrained,2.218,1.21,0.57,54,2.0,No,No,No,School Fee Support,15000.0,3.399,0.8336
251,2,Nyandarua Mixed Secondary,14,Girl,1,Q1 — Lowest,1,8.59,Personal device,2.0,Yes,-1.467,2,No,Low,4,0,0.294,No,No,Yes,1,Still enrolled,Academic Strugglers,3.467,1.429,0.544,4,2.0,Yes,No,No,School Fee Support,15000.0,3.387,0.866
252,3,Kisumu Lakeside Secondary,16,Boy,5,Q5 — Highest,5,1.21,,,Yes,0.084,0,No,Low,4,0,0.218,No,,Yes,1,Still enrolled,Stable Achievers,-0.084,,0.268,4,,No,No,No,,,,0.9845
253,10,Nyeri Ridge Secondary,13,Boy,2,Q2 — Low,3,14.84,No access,0.0,No,-0.831,2,No,Low,4,0,0.242,No,Yes,Yes,1,Still enrolled,Academic Strugglers,2.831,2.542,0.442,4,1.0,Yes,No,Yes,School Fee Support,15000.0,1.992,0.7867
254,14,Bungoma West Secondary,14,Boy,5,Q5 — Highest,2,2.55,No access,0.0,Yes,0.765,0,No,Low,4,2,0.232,No,Yes,Yes,1,Still enrolled,Stable Achievers,-0.765,1.327,0.282,4,2.0,No,No,Yes,,,,0.9903
255,6,Mombasa Coast Secondary,16,Girl,2,Q2 — Low,7,11.49,Shared device,1.0,Yes,-0.436,1,No,Low,4,0,0.32,No,Yes,Yes,1,Still enrolled,Academic Strugglers,1.436,1.875,0.52,4,2.5,Yes,No,No,School Fee Support,15000.0,2.951,0.9045
256,17,Malindi Shore Secondary,16,Girl,2,Q2 — Low,2,3.35,Personal device,2.0,Yes,-1.728,2,No,High,13,1,0.32,No,Yes,Yes,1,Still enrolled,Health-Constrained,3.728,0.968,0.52,39,3.0,No,No,No,School Fee Support,15000.0,3.218,0.9002
257,6,Mombasa Coast Secondary,13,Girl,4,Q4 — High,8,1.3,Shared device,1.0,Yes,-1.589,3,No,High,19,1,,No,No,Yes,1,Still enrolled,Health-Constrained,4.589,0.965,,57,1.5,No,Yes,No,,,,0.8917
258,10,Nyeri Ridge Secondary,17,Girl,2,Q2 — Low,6,2.8,No access,0.0,No,-2.233,1,Yes,Low,5,2,0.216,No,No,Yes,1,Still enrolled,Academic Strugglers,3.233,1.94,0.416,5,0.0,No,No,Yes,,,,0.8228
259,7,Eldoret Highlands Secondary,16,Girl,1,Q1 — Lowest,8,3.13,No access,0.0,Yes,-1.987,3,No,Low,5,1,0.265,No,No,No,0,Household Pressure,Academic Strugglers,4.987,2.157,0.515,5,1.0,No,Yes,Yes,School Fee Support,15000.0,3.298,0.7481
260,12,Garissa Horizon Secondary,14,Boy,2,Q2 — Low,4,8.95,No access,0.0,Yes,-1.264,1,No,Moderate,9,0,0.235,No,No,Yes,1,Still enrolled,Academic Strugglers,2.264,2.248,0.435,18,1.0,Yes,No,Yes,School Fee Support,15000.0,1.831,0.8865
261,4,Machakos Hilltop Secondary,16,Girl,1,Q1 — Lowest,4,12.74,No access,0.0,Yes,-0.005,0,No,Low,5,3,0.268,No,,Yes,1,Still enrolled,Academic Strugglers,0.005,2.637,0.518,5,,Yes,No,Yes,School Fee Support,15000.0,2.847,0.9351
262,20,Busia Border Secondary,14,Girl,5,Q5 — Highest,3,3.19,No access,0.0,No,0.046,1,No,Low,4,1,0.212,No,No,Yes,1,Still enrolled,Stable Achievers,0.954,1.36,0.262,4,0.0,No,No,Yes,,,,0.9787
263,19,Isiolo North Secondary,13,Boy,4,Q4 — High,3,1.29,No access,0.0,No,-1.786,3,No,Moderate,10,0,0.208,No,No,Yes,1,Still enrolled,Stable Achievers,4.786,1.465,0.308,20,0.0,No,Yes,Yes,,,,0.9301
264,14,Bungoma West Secondary,15,Girl,1,Q1 — Lowest,3,,Shared device,1.0,No,-2.077,3,No,Low,7,2,0.32,No,No,Yes,1,Still enrolled,Academic Strugglers,5.077,,0.57,7,0.5,No,Yes,No,School Fee Support,15000.0,3.726,0.7722
265,11,Kitale Plains Secondary,17,Girl,2,Q2 — Low,4,4.32,Shared device,1.0,Yes,-0.092,1,No,Low,4,1,0.218,No,No,Yes,1,Still enrolled,Academic Strugglers,1.092,1.516,0.418,4,1.5,No,No,No,,,,0.9694
266,15,Embu Sunrise Secondary,17,Girl,4,Q4 — High,8,5.06,Personal device,2.0,Yes,-0.38,3,Yes,Low,4,0,0.246,No,No,Yes,1,Still enrolled,Stable Achievers,3.38,0.653,0.346,4,2.0,No,Yes,No,,,,0.97
267,10,Nyeri Ridge Secondary,13,Girl,1,Q1 — Lowest,3,4.11,No access,0.0,No,-3.089,4,No,Low,2,0,0.228,Yes,,No,0,Other,Academic Strugglers,7.089,2.206,0.478,2,,No,Yes,Yes,School Fee Support,15000.0,2.924,0.5668
268,18,Narok Savannah Secondary,16,Girl,1,Q1 — Lowest,8,8.05,No access,0.0,Yes,-1.118,2,No,Low,4,0,0.232,No,No,No,0,Household Pressure,Academic Strugglers,3.118,2.403,0.482,4,1.0,Yes,No,Yes,School Fee Support,15000.0,2.504,0.769
269,2,Nyandarua Mixed Secondary,13,Girl,1,Q1 — Lowest,4,3.64,No access,0.0,Yes,-2.702,4,No,Low,2,3,0.245,Yes,,No,0,Academic Performance,Academic Strugglers,6.702,2.182,0.495,2,,No,Yes,Yes,School Fee Support,15000.0,2.897,0.7406
270,5,Nakuru Valley Secondary,17,Girl,5,Q5 — Highest,4,4.43,Shared device,1.0,Yes,0.33,0,Yes,Low,4,2,0.155,No,No,Yes,1,Still enrolled,Stable Achievers,-0.33,0.921,0.205,4,1.5,No,No,No,,,,0.9945
271,10,Nyeri Ridge Secondary,15,Girl,2,Q2 — Low,3,,No access,0.0,Yes,-2.81,5,No,High,11,0,,Yes,Yes,No,0,Academic Performance,Health-Constrained,7.81,,,33,2.0,No,Yes,Yes,Academic Tutoring / Catch-up,8000.0,2.45,0.3028
272,14,Bungoma West Secondary,17,Boy,1,Q1 — Lowest,5,1.82,No access,0.0,Yes,-1.52,4,No,Low,2,0,0.306,Yes,,No,0,Financial Instability,Academic Strugglers,5.52,2.091,0.556,2,,No,Yes,Yes,School Fee Support,15000.0,3.406,0.8835
273,15,Embu Sunrise Secondary,15,Boy,1,Q1 — Lowest,6,14.99,No access,0.0,Yes,-1.807,1,No,High,15,1,0.32,No,No,No,0,Health Related,Health-Constrained,2.807,2.75,0.57,45,1.0,Yes,No,Yes,School Fee Support,15000.0,3.953,0.6117
274,15,Embu Sunrise Secondary,16,Girl,1,Q1 — Lowest,7,11.67,No access,0.0,No,-2.927,4,No,Low,5,0,,Yes,Yes,No,0,Academic Performance,Academic Strugglers,6.927,2.583,,5,1.0,Yes,Yes,Yes,Academic Tutoring / Catch-up,8000.0,3.324,0.5662
275,19,Isiolo North Secondary,13,Girl,3,Q3 — Middle,10,7.51,Personal device,2.0,No,-1.022,2,No,Moderate,11,1,0.204,No,,Yes,1,Still enrolled,Health-Constrained,3.022,0.976,0.354,22,,No,No,No,,,,0.894
276,17,Malindi Shore Secondary,16,Girl,1,Q1 — Lowest,5,10.61,Shared device,1.0,No,-1.956,1,No,Low,5,0,0.32,No,No,Yes,1,Still enrolled,Academic Strugglers,2.956,2.031,0.57,5,0.5,Yes,No,No,School Fee Support,15000.0,3.575,0.6914
277,19,Isiolo North Secondary,15,Girl,3,Q3 — Middle,5,2.31,No access,0.0,Yes,-0.343,0,No,Low,5,1,0.223,No,No,Yes,1,Still enrolled,Stable Achievers,0.343,1.715,0.373,5,1.0,No,No,Yes,,,,0.9804
278,7,Eldoret Highlands Secondary,13,Girl,5,Q5 — Highest,6,7.88,Shared device,1.0,No,-1.479,2,No,Low,8,2,0.168,No,Yes,Yes,1,Still enrolled,Stable Achievers,3.479,1.094,0.218,8,1.5,No,No,No,,,,0.8805
279,14,Bungoma West Secondary,15,Boy,3,Q3 — Middle,5,7.23,,,No,-1.603,3,No,Low,3,1,0.258,No,No,Yes,1,Still enrolled,Academic Strugglers,4.603,,0.408,3,,No,Yes,No,Academic Tutoring / Catch-up,8000.0,2.267,0.8085
280,14,Bungoma West Secondary,14,Boy,1,Q1 — Lowest,7,20.0,No access,0.0,Yes,-2.38,3,No,Low,8,0,0.231,No,Yes,No,0,Commute Distance,Academic Strugglers,5.38,3.0,0.481,8,2.0,Yes,Yes,Yes,School Fee Support,15000.0,3.381,0.4111
281,13,Meru Mountain Secondary,13,Girl,1,Q1 — Lowest,5,9.58,No access,0.0,Yes,-2.06,4,No,Low,4,0,0.258,Yes,No,Yes,1,Still enrolled,Academic Strugglers,6.06,2.479,0.508,4,1.0,Yes,Yes,Yes,School Fee Support,15000.0,3.083,0.7029
282,13,Meru Mountain Secondary,17,Boy,2,Q2 — Low,6,4.05,No access,0.0,Yes,-1.459,3,No,Moderate,10,0,0.32,No,No,Yes,1,Still enrolled,Health-Constrained,4.459,2.003,0.52,20,1.0,No,Yes,Yes,School Fee Support,15000.0,3.275,0.7706
283,11,Kitale Plains Secondary,16,Boy,2,Q2 — Low,4,4.26,No access,0.0,Yes,-1.754,2,No,Low,6,2,0.287,No,Yes,Yes,1,Still enrolled,Academic Strugglers,3.754,2.013,0.487,6,2.0,No,No,Yes,School Fee Support,15000.0,2.967,0.9568
284,9,Kakamega Forest Secondary,15,Girl,1,Q1 — Lowest,4,15.9,No access,0.0,Yes,-1.9,2,No,Moderate,8,1,0.245,No,No,Yes,1,Still enrolled,Academic Strugglers,3.9,2.795,0.495,16,1.0,Yes,No,Yes,School Fee Support,15000.0,3.064,0.5941
285,3,Kisumu Lakeside Secondary,14,Boy,1,Q1 — Lowest,6,10.88,No access,0.0,No,-1.358,1,No,Moderate,10,2,0.32,No,No,Yes,1,Still enrolled,Academic Strugglers,2.358,2.544,0.57,20,0.0,Yes,No,Yes,School Fee Support,15000.0,3.56,0.6734
286,3,Kisumu Lakeside Secondary,14,Girl,4,Q4 — High,1,3.09,Shared device,1.0,Yes,0.125,0,No,High,18,0,0.165,No,No,Yes,1,Still enrolled,Health-Constrained,-0.125,1.055,0.265,54,1.5,No,No,No,,,,0.9622
287,1,Kilimani Day Secondary,16,Girl,3,Q3 — Middle,6,6.92,Shared device,1.0,No,-1.33,2,No,Low,7,1,0.246,No,No,Yes,1,Still enrolled,Academic Strugglers,3.33,1.446,0.396,7,0.5,No,No,No,,,,0.9366
288,8,Thika Green Secondary,13,Boy,4,Q4 — High,3,5.94,No access,0.0,Yes,-0.202,1,No,Low,8,0,0.238,No,No,Yes,1,Still enrolled,Stable Achievers,1.202,1.697,0.338,8,1.0,No,No,Yes,,,,0.9706
289,8,Thika Green Secondary,15,Girl,2,Q2 — Low,6,3.73,,,No,-0.857,2,No,Low,3,0,0.316,No,No,No,0,Psychosocial,Academic Strugglers,2.857,,0.516,3,,No,No,No,School Fee Support,15000.0,2.806,0.8464
290,20,Busia Border Secondary,14,Girl,1,Q1 — Lowest,8,6.49,No access,0.0,Yes,-1.519,2,No,Low,3,1,0.32,No,Yes,Yes,1,Still enrolled,Academic Strugglers,3.519,2.324,0.57,3,2.0,No,No,Yes,School Fee Support,15000.0,3.398,0.8552
291,5,Nakuru Valley Secondary,13,Boy,3,Q3 — Middle,11,3.87,Shared device,1.0,Yes,-0.263,1,No,Low,6,1,0.236,No,No,Yes,1,Still enrolled,Academic Strugglers,1.263,1.293,0.386,6,1.5,No,No,No,,,,0.9491
292,5,Nakuru Valley Secondary,15,Girl,2,Q2 — Low,1,3.09,No access,0.0,Yes,-0.797,2,No,Low,7,1,0.21,No,,Yes,1,Still enrolled,Academic Strugglers,2.797,1.955,0.41,7,,No,No,Yes,,,,0.984
293,1,Kilimani Day Secondary,14,Boy,2,Q2 — Low,4,4.45,Shared device,1.0,Yes,0.723,0,No,Low,9,1,0.216,No,No,Yes,1,Still enrolled,Stable Achievers,-0.723,1.522,0.416,9,1.5,No,No,No,,,,0.9799
294,3,Kisumu Lakeside Secondary,17,Boy,4,Q4 — High,3,2.84,Personal device,2.0,Yes,0.968,1,No,High,12,2,0.167,No,No,Yes,1,Still enrolled,Stable Achievers,0.032,0.542,0.267,36,2.0,No,No,No,,,,0.9837
295,14,Bungoma West Secondary,16,Boy,5,Q5 — Highest,2,,Shared device,1.0,No,-0.217,0,No,Low,5,2,0.224,No,No,Yes,1,Still enrolled,Stable Achievers,0.217,,0.274,5,0.5,No,No,No,,,,0.9846
296,8,Thika Green Secondary,14,Boy,4,Q4 — High,4,0.51,No access,0.0,No,-1.169,2,No,Low,3,3,,No,No,Yes,1,Still enrolled,Stable Achievers,3.169,1.426,,3,0.0,No,No,Yes,,,,0.9667
297,13,Meru Mountain Secondary,17,Girl,4,Q4 — High,4,,Personal device,2.0,Yes,0.61,0,No,Low,5,2,0.279,No,Yes,Yes,1,Still enrolled,Stable Achievers,-0.61,,0.379,5,3.0,No,No,No,,,,0.9802
298,3,Kisumu Lakeside Secondary,16,Boy,3,Q3 — Middle,8,0.64,Personal device,2.0,Yes,-0.861,2,No,Low,5,1,0.21,No,No,Yes,1,Still enrolled,Stable Achievers,2.861,0.632,0.36,5,2.0,No,No,No,,,,0.9706
299,16,Kericho Highlands Secondary,15,Girl,2,Q2 — Low,6,8.28,Shared device,1.0,Yes,-0.888,2,No,Moderate,7,1,0.32,No,No,Yes,1,Still enrolled,Academic Strugglers,2.888,1.714,0.52,14,1.5,Yes,No,No,School Fee Support,15000.0,3.122,0.9054
300,6,Mombasa Coast Secondary,13,Girl,4,Q4 — High,3,3.46,No access,0.0,Yes,-0.577,0,Yes,Low,3,0,0.188,No,Yes,Yes,1,Still enrolled,Stable Achievers,0.577,1.573,0.288,3,2.0,No,No,Yes,,,,0.9853
301,2,Nyandarua Mixed Secondary,13,Girl,4,Q4 — High,5,2.44,No access,0.0,Yes,-0.587,1,No,Moderate,10,0,0.187,No,Yes,Yes,1,Still enrolled,Stable Achievers,1.587,1.522,0.287,20,2.0,No,No,Yes,,,,0.977
302,19,Isiolo North Secondary,17,Boy,1,Q1 — Lowest,1,,Shared device,1.0,No,-1.29,0,No,Low,9,0,0.3,No,No,Yes,1,Still enrolled,Academic Strugglers,1.29,,0.55,9,0.5,No,No,No,School Fee Support,15000.0,3.051,0.9403
303,8,Thika Green Secondary,15,Girl,5,Q5 — Highest,3,1.93,Personal device,2.0,No,-0.432,1,No,Low,11,0,0.149,No,No,Yes,1,Still enrolled,Stable Achievers,1.432,0.297,0.199,11,1.0,No,No,No,,,,0.9882
304,7,Eldoret Highlands Secondary,17,Girl,5,Q5 — Highest,5,1.85,No access,0.0,No,-0.517,2,No,Low,6,1,0.245,No,No,Yes,1,Still enrolled,Stable Achievers,2.517,1.293,0.295,6,0.0,No,No,Yes,,,,0.9104
305,1,Kilimani Day Secondary,15,Boy,2,Q2 — Low,9,5.5,No access,0.0,Yes,-1.76,1,Yes,Low,5,1,0.32,No,Yes,Yes,1,Still enrolled,Academic Strugglers,2.76,2.075,0.52,5,2.0,No,No,Yes,School Fee Support,15000.0,3.0,0.9399
306,12,Garissa Horizon Secondary,15,Girl,2,Q2 — Low,2,7.66,No access,0.0,Yes,-0.987,2,No,Low,3,1,0.226,No,No,Yes,1,Still enrolled,Academic Strugglers,2.987,2.183,0.426,3,1.0,No,No,Yes,,,,0.9242
307,6,Mombasa Coast Secondary,17,Boy,2,Q2 — Low,5,5.29,No access,0.0,Yes,-0.571,3,No,Low,8,1,0.222,No,No,Yes,1,Still enrolled,Academic Strugglers,3.571,2.064,0.422,8,1.0,No,Yes,Yes,Academic Tutoring / Catch-up,8000.0,1.896,0.8641
308,5,Nakuru Valley Secondary,15,Girl,3,Q3 — Middle,8,2.26,Shared device,1.0,Yes,-0.73,3,No,Low,4,1,0.253,No,No,Yes,1,Still enrolled,Academic Strugglers,3.73,1.213,0.403,4,1.5,No,Yes,No,,,,0.9486
309,14,Bungoma West Secondary,15,Girl,2,Q2 — Low,4,4.22,No access,0.0,Yes,-1.367,3,Yes,Low,3,2,0.203,No,Yes,Yes,1,Still enrolled,Academic Strugglers,4.367,2.011,0.403,3,2.0,No,Yes,Yes,,,,0.9403
310,14,Bungoma West Secondary,17,Girl,1,Q1 — Lowest,8,20.0,No access,0.0,Yes,-0.679,0,No,Low,9,0,0.259,No,No,Yes,1,Still enrolled,Academic Strugglers,0.679,3.0,0.509,9,1.0,Yes,No,Yes,School Fee Support,15000.0,2.81,0.6405
311,3,Kisumu Lakeside Secondary,14,Girl,5,Q5 — Highest,0,1.88,Shared device,1.0,Yes,-0.681,1,No,Low,6,2,0.182,No,No,Yes,1,Still enrolled,Stable Achievers,1.681,0.794,0.232,6,1.5,No,No,No,,,,0.9839
312,3,Kisumu Lakeside Secondary,14,Boy,3,Q3 — Middle,4,,No access,0.0,Yes,1.31,0,No,Low,10,0,0.231,No,No,No,0,Commute Distance,Stable Achievers,-1.31,,0.381,10,1.0,No,No,Yes,Psychosocial Counseling,4000.0,0.686,0.9139
313,5,Nakuru Valley Secondary,17,Girl,5,Q5 — Highest,1,,Shared device,1.0,Yes,-1.494,2,No,Low,2,1,0.203,No,No,Yes,1,Still enrolled,Stable Achievers,3.494,,0.253,2,1.5,No,No,No,,,,0.9754
314,16,Kericho Highlands Secondary,17,Boy,3,Q3 — Middle,5,,Shared device,1.0,Yes,0.501,1,No,Low,4,0,0.238,No,No,Yes,1,Still enrolled,Stable Achievers,0.499,,0.388,4,1.5,No,No,No,,,,0.9538
315,6,Mombasa Coast Secondary,17,Girl,2,Q2 — Low,7,17.75,Shared device,1.0,Yes,-0.768,1,No,Moderate,8,2,0.32,No,Yes,Yes,1,Still enrolled,Academic Strugglers,1.768,2.188,0.52,16,2.5,Yes,No,No,School Fee Support,15000.0,3.392,0.82
316,9,Kakamega Forest Secondary,17,Girl,4,Q4 — High,5,2.3,Personal device,2.0,No,-1.784,2,Yes,Low,5,0,,No,Yes,Yes,1,Still enrolled,Stable Achievers,3.784,0.515,,5,2.0,No,No,No,,,,0.9547
317,3,Kisumu Lakeside Secondary,13,Girl,1,Q1 — Lowest,5,7.33,No access,0.0,Yes,-0.816,1,No,Low,7,1,0.294,No,No,Yes,1,Still enrolled,Academic Strugglers,1.816,2.367,0.544,7,1.0,No,No,Yes,School Fee Support,15000.0,3.099,0.9022
318,4,Machakos Hilltop Secondary,17,Boy,5,Q5 — Highest,3,4.52,Shared device,1.0,Yes,2.908,0,Yes,Low,8,3,0.238,No,Yes,Yes,1,Still enrolled,Stable Achievers,-2.908,0.926,0.288,8,2.5,No,No,No,,,,0.9976
319,14,Bungoma West Secondary,13,Girl,2,Q2 — Low,7,5.76,,,Yes,0.313,0,Yes,Moderate,9,0,0.277,No,No,Yes,1,Still enrolled,Health-Constrained,-0.313,,0.477,18,,No,No,No,,,,0.9389
320,16,Kericho Highlands Secondary,17,Boy,2,Q2 — Low,7,2.76,No access,0.0,Yes,-0.811,1,No,Low,6,3,,No,No,Yes,1,Still enrolled,Academic Strugglers,1.811,1.938,,6,1.0,No,No,Yes,,,,0.921
321,18,Narok Savannah Secondary,16,Girl,3,Q3 — Middle,3,9.57,Shared device,1.0,Yes,-1.833,2,Yes,Moderate,10,1,,No,No,Yes,1,Still enrolled,Health-Constrained,3.833,1.579,,20,1.5,Yes,No,No,Health & Attendance Support,5000.0,1.904,0.8623
322,12,Garissa Horizon Secondary,15,Boy,2,Q2 — Low,4,9.87,Shared device,1.0,Yes,-1.7,4,No,Moderate,11,0,0.205,Yes,No,Yes,1,Still enrolled,Health-Constrained,5.7,1.794,0.405,22,1.5,Yes,Yes,No,Academic Tutoring / Catch-up,8000.0,2.164,0.6684
323,6,Mombasa Coast Secondary,15,Girl,2,Q2 — Low,4,,No access,0.0,Yes,-0.086,0,No,Low,9,0,0.237,No,Yes,Yes,1,Still enrolled,Academic Strugglers,0.086,,0.437,9,2.0,No,No,Yes,,,,0.9582
324,9,Kakamega Forest Secondary,16,Boy,2,Q2 — Low,3,1.84,No access,0.0,Yes,0.818,0,No,Low,6,0,0.28,No,No,Yes,1,Still enrolled,Academic Strugglers,-0.818,1.892,0.48,6,1.0,No,No,Yes,,,,0.9534
325,4,Machakos Hilltop Secondary,16,Boy,1,Q1 — Lowest,6,1.96,No access,0.0,No,-0.916,1,No,High,20,1,0.32,No,No,Yes,1,Still enrolled,Health-Constrained,1.916,2.098,0.57,60,0.0,No,No,Yes,School Fee Support,15000.0,3.273,0.9112
326,5,Nakuru Valley Secondary,15,Boy,3,Q3 — Middle,6,3.09,,,No,-1.384,4,No,Low,5,3,0.194,Yes,No,No,0,Academic Performance,Academic Strugglers,5.384,,0.344,5,,No,Yes,No,Academic Tutoring / Catch-up,8000.0,1.713,0.8935
327,10,Nyeri Ridge Secondary,13,Boy,3,Q3 — Middle,5,3.92,No access,0.0,No,-1.295,0,No,Low,7,0,0.22,No,No,Yes,1,Still enrolled,Academic Strugglers,1.295,1.796,0.37,7,0.0,No,No,Yes,,,,0.9293
328,16,Kericho Highlands Secondary,14,Boy,2,Q2 — Low,3,9.73,No access,0.0,Yes,-2.134,1,No,Low,4,0,0.232,No,No,No,0,Psychosocial,Academic Strugglers,3.134,2.286,0.432,4,1.0,Yes,No,Yes,School Fee Support,15000.0,1.906,0.847
329,6,Mombasa Coast Secondary,13,Boy,2,Q2 — Low,4,4.53,No access,0.0,No,-1.233,0,Yes,Low,1,1,0.32,No,Yes,Yes,1,Still enrolled,Academic Strugglers,1.233,2.026,0.52,1,1.0,No,No,Yes,,,,0.9478
330,8,Thika Green Secondary,17,Boy,1,Q1 — Lowest,5,3.03,No access,0.0,Yes,-2.829,5,No,Moderate,10,1,0.247,Yes,Yes,Yes,1,Still enrolled,Academic Strugglers,7.829,2.151,0.497,20,2.0,No,Yes,Yes,School Fee Support,15000.0,3.175,0.6258
331,1,Kilimani Day Secondary,17,Girl,2,Q2 — Low,5,2.64,No access,0.0,Yes,0.941,0,Yes,Low,2,1,0.291,No,No,Yes,1,Still enrolled,Academic Strugglers,-0.941,1.932,0.491,2,1.0,No,No,Yes,,,,0.9922
332,1,Kilimani Day Secondary,13,Girl,4,Q4 — High,5,3.07,No access,0.0,Yes,-2.727,1,No,Low,5,2,0.22,No,No,Yes,1,Still enrolled,Stable Achievers,3.727,1.554,0.32,5,1.0,No,No,Yes,,,,0.9678
333,11,Kitale Plains Secondary,16,Girl,2,Q2 — Low,6,2.59,No access,0.0,Yes,0.917,0,No,Low,7,1,0.235,No,No,Yes,1,Still enrolled,Academic Strugglers,-0.917,1.93,0.435,7,1.0,No,No,Yes,,,,0.9649
334,20,Busia Border Secondary,14,Boy,1,Q1 — Lowest,3,2.28,No access,0.0,Yes,-2.532,5,No,High,11,0,0.32,Yes,No,No,0,Academic Performance,Health-Constrained,7.532,2.114,0.57,33,1.0,No,Yes,Yes,School Fee Support,15000.0,4.058,0.8494
335,12,Garissa Horizon Secondary,15,Girl,1,Q1 — Lowest,9,4.57,No access,0.0,Yes,-0.905,0,No,Low,2,2,0.221,No,Yes,Yes,1,Still enrolled,Academic Strugglers,0.905,2.229,0.471,2,2.0,No,No,Yes,,,,0.9476
336,1,Kilimani Day Secondary,17,Girl,2,Q2 — Low,13,4.12,,,Yes,-1.11,2,No,Low,3,1,0.317,No,,Yes,1,Still enrolled,Academic Strugglers,3.11,,0.517,3,,No,No,No,School Fee Support,15000.0,2.884,0.9427
337,12,Garissa Horizon Secondary,15,Girl,2,Q2 — Low,3,1.51,No access,0.0,Yes,1.085,0,No,Low,0,1,0.283,No,No,Yes,1,Still enrolled,Academic Strugglers,-1.085,1.875,0.483,0,1.0,No,No,Yes,,,,0.9879
338,3,Kisumu Lakeside Secondary,17,Boy,2,Q2 — Low,6,,No access,0.0,Yes,-3.232,4,No,Low,6,0,,Yes,No,No,0,Academic Performance,Academic Strugglers,7.232,,,6,1.0,No,Yes,Yes,Academic Tutoring / Catch-up,8000.0,2.928,0.4123
339,14,Bungoma West Secondary,14,Boy,3,Q3 — Middle,7,7.36,Shared device,1.0,Yes,-1.083,0,No,Moderate,10,0,0.215,No,No,Yes,1,Still enrolled,Health-Constrained,1.083,1.468,0.365,20,1.5,No,No,No,,,,0.9281
340,10,Nyeri Ridge Secondary,14,Girl,2,Q2 — Low,6,14.3,Personal device,2.0,Yes,-1.225,2,No,Moderate,9,0,0.32,No,No,Yes,1,Still enrolled,Health-Constrained,3.225,1.515,0.52,18,2.0,Yes,No,No,School Fee Support,15000.0,3.512,0.8119
341,8,Thika Green Secondary,17,Girl,2,Q2 — Low,5,3.93,No access,0.0,Yes,-0.169,0,No,Low,3,2,0.233,No,,Yes,1,Still enrolled,Academic Strugglers,0.169,1.997,0.433,3,,No,No,Yes,,,,0.9886
342,5,Nakuru Valley Secondary,17,Girl,2,Q2 — Low,10,13.65,,,Yes,-1.903,2,Yes,Moderate,17,0,0.271,No,,Yes,1,Still enrolled,Health-Constrained,3.903,,0.471,34,,Yes,No,No,School Fee Support,15000.0,3.585,0.7693
343,4,Machakos Hilltop Secondary,16,Girl,3,Q3 — Middle,9,,Shared device,1.0,Yes,-0.214,2,No,Low,4,2,0.244,No,No,Yes,1,Still enrolled,Academic Strugglers,2.214,,0.394,4,1.5,No,No,No,,,,0.9537
344,7,Eldoret Highlands Secondary,17,Girl,1,Q1 — Lowest,5,10.1,No access,0.0,Yes,-3.53,3,Yes,Low,6,1,0.286,No,No,No,0,Academic Performance,Academic Strugglers,6.53,2.505,0.536,6,1.0,Yes,Yes,Yes,School Fee Support,15000.0,4.076,0.5393
345,10,Nyeri Ridge Secondary,15,Boy,3,Q3 — Middle,4,1.34,Shared device,1.0,Yes,-0.763,1,No,Moderate,11,0,,No,No,Yes,1,Still enrolled,Health-Constrained,1.763,1.167,,22,1.5,No,No,No,,,,0.9605
346,12,Garissa Horizon Secondary,16,Girl,4,Q4 — High,2,2.97,Personal device,2.0,No,0.809,0,No,Low,5,2,0.253,No,Yes,Yes,1,Still enrolled,Stable Achievers,-0.809,0.549,0.353,5,2.0,No,No,No,,,,0.9909
347,14,Bungoma West Secondary,13,Girl,2,Q2 — Low,4,7.53,Shared device,1.0,Yes,-3.282,5,Yes,Low,5,0,0.242,Yes,No,Yes,1,Still enrolled,Academic Strugglers,8.282,1.676,0.442,5,1.5,No,Yes,No,Academic Tutoring / Catch-up,8000.0,3.068,0.7801
348,20,Busia Border Secondary,15,Boy,1,Q1 — Lowest,7,7.8,No access,0.0,Yes,-1.051,2,No,Low,7,2,0.298,No,No,Yes,1,Still enrolled,Academic Strugglers,3.051,2.39,0.548,7,1.0,No,No,Yes,School Fee Support,15000.0,3.34,0.9196
349,1,Kilimani Day Secondary,16,Girl,3,Q3 — Middle,6,7.81,No access,0.0,Yes,-0.549,1,No,Low,2,3,0.229,No,No,Yes,1,Still enrolled,Academic Strugglers,1.549,1.991,0.379,2,1.0,No,No,Yes,,,,0.9825
350,19,Isiolo North Secondary,14,Girl,3,Q3 — Middle,8,16.63,No access,0.0,No,-0.48,1,No,Moderate,6,2,0.266,No,Yes,Yes,1,Still enrolled,Academic Strugglers,1.48,2.432,0.416,12,1.0,Yes,No,Yes,School Fee Support,15000.0,1.794,0.8491
351,12,Garissa Horizon Secondary,14,Boy,4,Q4 — High,3,7.23,Shared device,1.0,Yes,1.004,0,No,Low,4,1,0.255,No,Yes,Yes,1,Still enrolled,Stable Achievers,-1.004,1.261,0.355,4,2.5,No,No,No,,,,0.9927
352,2,Nyandarua Mixed Secondary,13,Boy,1,Q1 — Lowest,7,8.37,No access,0.0,Yes,-0.988,0,No,High,20,0,0.32,No,No,No,0,Health Related,Health-Constrained,0.988,2.418,0.57,60,1.0,Yes,No,Yes,School Fee Support,15000.0,3.427,0.5512
353,18,Narok Savannah Secondary,15,Boy,3,Q3 — Middle,2,,Shared device,1.0,No,-1.584,4,No,Low,6,0,0.282,Yes,No,Yes,1,Still enrolled,Academic Strugglers,5.584,,0.432,6,0.5,No,Yes,No,Academic Tutoring / Catch-up,8000.0,2.476,0.6136
354,18,Narok Savannah Secondary,14,Girl,2,Q2 — Low,10,10.95,No access,0.0,Yes,-0.913,1,Yes,Low,7,0,0.201,No,No,Yes,1,Still enrolled,Academic Strugglers,1.913,2.348,0.401,7,1.0,Yes,No,Yes,,,,0.801
355,6,Mombasa Coast Secondary,16,Boy,1,Q1 — Lowest,4,4.05,No access,0.0,Yes,-1.051,1,No,Moderate,15,0,0.264,No,No,Yes,1,Still enrolled,Health-Constrained,2.051,2.203,0.514,30,1.0,No,No,Yes,School Fee Support,15000.0,3.036,0.8492
356,4,Machakos Hilltop Secondary,14,Girl,3,Q3 — Middle,1,9.32,Personal device,2.0,No,0.426,0,No,Low,4,0,0.225,No,No,Yes,1,Still enrolled,Stable Achievers,-0.426,1.066,0.375,4,1.0,Yes,No,No,,,,0.9721
357,7,Eldoret Highlands Secondary,16,Girl,3,Q3 — Middle,5,2.14,No access,0.0,Yes,0.238,0,No,Moderate,10,0,0.195,No,No,Yes,1,Still enrolled,Stable Achievers,-0.238,1.707,0.345,20,1.0,No,No,Yes,,,,0.9598
358,17,Malindi Shore Secondary,13,Boy,4,Q4 — High,3,0.31,Shared device,1.0,Yes,-0.902,1,No,Low,5,1,0.179,No,Yes,Yes,1,Still enrolled,Stable Achievers,1.902,0.916,0.279,5,2.5,No,No,No,,,,0.9885
359,19,Isiolo North Secondary,17,Girl,2,Q2 — Low,3,,No access,0.0,Yes,-0.639,0,No,Low,8,0,0.21,No,No,Yes,1,Still enrolled,Academic Strugglers,0.639,,0.41,8,1.0,No,No,Yes,,,,0.9249
360,6,Mombasa Coast Secondary,13,Boy,2,Q2 — Low,8,7.94,Personal device,2.0,Yes,-0.848,2,No,Moderate,15,0,0.32,No,No,Yes,1,Still enrolled,Health-Constrained,2.848,1.197,0.52,30,2.0,No,No,No,School Fee Support,15000.0,3.269,0.7947
361,10,Nyeri Ridge Secondary,14,Girl,2,Q2 — Low,2,3.33,Shared device,1.0,No,-3.295,6,No,Moderate,12,1,0.32,Yes,Yes,No,0,Academic Performance,Health-Constrained,9.295,1.466,0.52,24,1.5,No,Yes,No,School Fee Support,15000.0,4.148,0.47
362,15,Embu Sunrise Secondary,14,Boy,2,Q2 — Low,6,10.22,No access,0.0,No,0.694,0,No,Low,4,0,0.32,No,No,Yes,1,Still enrolled,Academic Strugglers,-0.694,2.311,0.52,4,0.0,Yes,No,Yes,School Fee Support,15000.0,2.646,0.9652
363,4,Machakos Hilltop Secondary,16,Girl,2,Q2 — Low,7,3.83,No access,0.0,Yes,0.253,0,No,Low,5,1,0.313,No,No,Yes,1,Still enrolled,Academic Strugglers,-0.253,1.991,0.513,5,1.0,No,No,Yes,,,,0.9252
364,15,Embu Sunrise Secondary,15,Girl,1,Q1 — Lowest,9,15.66,No access,0.0,Yes,-1.35,2,No,Low,5,0,0.239,No,No,No,0,Household Pressure,Academic Strugglers,3.35,2.783,0.489,5,1.0,Yes,No,Yes,School Fee Support,15000.0,2.877,0.7406
365,5,Nakuru Valley Secondary,16,Boy,5,Q5 — Highest,2,4.44,Personal device,2.0,Yes,0.332,0,Yes,Low,7,1,0.198,No,No,Yes,1,Still enrolled,Stable Achievers,-0.332,0.422,0.248,7,2.0,No,No,No,,,,0.989
366,18,Narok Savannah Secondary,16,Boy,4,Q4 — High,1,3.11,Personal device,2.0,Yes,-3.223,4,No,High,14,0,0.19,Yes,,Yes,1,Still enrolled,Health-Constrained,7.223,0.556,0.29,42,,No,Yes,No,Health & Attendance Support,5000.0,2.234,0.7993
367,3,Kisumu Lakeside Secondary,16,Boy,4,Q4 — High,5,4.73,Shared device,1.0,Yes,0.842,0,No,Low,5,2,,No,No,Yes,1,Still enrolled,Stable Achievers,-0.842,1.136,,5,1.5,No,No,No,,,,0.9889
368,20,Busia Border Secondary,15,Girl,2,Q2 — Low,3,18.73,Shared device,1.0,No,-0.228,0,No,Low,5,2,0.25,No,No,Yes,1,Still enrolled,Academic Strugglers,0.228,2.236,0.45,5,0.5,Yes,No,No,School Fee Support,15000.0,2.322,0.9367
369,15,Embu Sunrise Secondary,15,Boy,2,Q2 — Low,2,2.16,Shared device,1.0,Yes,0.603,0,No,High,12,0,0.247,No,Yes,Yes,1,Still enrolled,Health-Constrained,-0.603,1.408,0.447,36,2.5,No,No,No,,,,0.9838
370,6,Mombasa Coast Secondary,15,Girl,4,Q4 — High,3,6.37,No access,0.0,Yes,0.407,1,No,Low,5,0,0.161,No,No,Yes,1,Still enrolled,Stable Achievers,0.593,1.719,0.261,5,1.0,No,No,Yes,,,,0.9791
371,17,Malindi Shore Secondary,16,Boy,5,Q5 — Highest,3,1.21,No access,0.0,Yes,0.412,1,No,Low,6,2,0.159,No,No,Yes,1,Still enrolled,Stable Achievers,0.588,1.26,0.209,6,1.0,No,No,Yes,,,,0.9783
372,13,Meru Mountain Secondary,16,Boy,4,Q4 — High,3,5.91,Personal device,2.0,Yes,-0.163,1,Yes,Low,8,1,0.278,No,Yes,Yes,1,Still enrolled,Stable Achievers,1.163,0.695,0.378,8,3.0,No,No,No,,,,0.9638
373,10,Nyeri Ridge Secondary,15,Girl,1,Q1 — Lowest,9,13.76,Shared device,1.0,Yes,-2.319,4,No,High,18,0,0.253,Yes,No,Yes,1,Still enrolled,Health-Constrained,6.319,2.188,0.503,54,1.5,Yes,Yes,No,School Fee Support,15000.0,3.521,0.4286
374,15,Embu Sunrise Secondary,17,Girl,4,Q4 — High,4,5.13,No access,0.0,No,0.306,1,Yes,Low,4,2,0.263,No,No,Yes,1,Still enrolled,Stable Achievers,0.694,1.656,0.363,4,0.0,No,No,Yes,,,,0.9761
375,14,Bungoma West Secondary,13,Boy,2,Q2 — Low,5,8.89,Shared device,1.0,Yes,-3.789,3,No,Moderate,13,0,0.246,No,,No,0,Academic Performance,Health-Constrained,6.789,1.744,0.446,26,,Yes,Yes,No,Health & Attendance Support,5000.0,3.122,0.6557
376,2,Nyandarua Mixed Secondary,15,Girl,1,Q1 — Lowest,4,2.07,No access,0.0,Yes,-1.646,2,No,Moderate,7,1,0.319,No,,Yes,1,Still enrolled,Academic Strugglers,3.646,2.104,0.569,14,,No,No,Yes,School Fee Support,15000.0,3.311,0.9391
377,5,Nakuru Valley Secondary,16,Boy,2,Q2 — Low,5,2.59,No access,0.0,Yes,-0.593,1,No,High,13,0,,No,No,Yes,1,Still enrolled,Health-Constrained,1.593,1.93,,39,1.0,No,No,Yes,,,,0.9473
378,14,Bungoma West Secondary,16,Girl,5,Q5 — Highest,4,5.49,Shared device,1.0,No,0.429,0,No,Moderate,10,2,0.226,No,Yes,Yes,1,Still enrolled,Stable Achievers,-0.429,0.974,0.276,20,1.5,No,No,No,,,,0.9879
379,9,Kakamega Forest Secondary,15,Boy,2,Q2 — Low,3,12.18,No access,0.0,Yes,-1.069,3,No,Low,2,1,0.32,No,No,Yes,1,Still enrolled,Academic Strugglers,4.069,2.409,0.52,2,1.0,Yes,Yes,Yes,School Fee Support,15000.0,3.382,0.7186
380,7,Eldoret Highlands Secondary,17,Boy,4,Q4 — High,5,9.35,Personal device,2.0,No,-1.203,2,No,Low,7,1,0.265,No,Yes,Yes,1,Still enrolled,Stable Achievers,3.203,0.868,0.365,7,2.0,Yes,No,No,,,,0.9259
381,11,Kitale Plains Secondary,13,Girl,2,Q2 — Low,10,2.21,No access,0.0,Yes,-1.23,2,No,Low,2,1,0.32,No,No,Yes,1,Still enrolled,Academic Strugglers,3.23,1.91,0.52,2,1.0,No,No,Yes,School Fee Support,15000.0,2.819,0.9138
382,4,Machakos Hilltop Secondary,13,Boy,1,Q1 — Lowest,6,12.37,No access,0.0,Yes,-1.254,1,No,Low,2,2,0.32,No,Yes,Yes,1,Still enrolled,Academic Strugglers,2.254,2.619,0.57,2,2.0,Yes,No,Yes,School Fee Support,15000.0,3.432,0.8813
383,20,Busia Border Secondary,15,Boy,3,Q3 — Middle,4,2.23,No access,0.0,No,-0.778,2,No,Moderate,8,1,0.212,No,No,Yes,1,Still enrolled,Stable Achievers,2.778,1.711,0.362,16,0.0,No,No,Yes,,,,0.9283
384,11,Kitale Plains Secondary,16,Boy,2,Q2 — Low,3,,No access,0.0,No,-0.903,1,No,Low,7,0,0.268,No,Yes,No,0,Commute Distance,Academic Strugglers,1.903,,0.468,7,1.0,No,No,Yes,School Fee Support,15000.0,2.627,0.8744
385,1,Kilimani Day Secondary,15,Girl,1,Q1 — Lowest,5,7.07,No access,0.0,Yes,-1.441,1,No,Low,7,1,0.258,No,No,Yes,1,Still enrolled,Academic Strugglers,2.441,2.353,0.508,7,1.0,No,No,Yes,School Fee Support,15000.0,2.554,0.9229
386,10,Nyeri Ridge Secondary,16,Girl,3,Q3 — Middle,4,3.52,No access,0.0,No,-0.302,1,No,High,12,0,0.25,No,No,Yes,1,Still enrolled,Health-Constrained,1.302,1.776,0.4,36,0.0,No,No,Yes,,,,0.9009
387,15,Embu Sunrise Secondary,16,Boy,3,Q3 — Middle,2,,Personal device,2.0,No,-2.007,1,No,Moderate,9,1,0.185,No,No,Yes,1,Still enrolled,Stable Achievers,3.007,,0.335,18,1.0,No,No,No,,,,0.9305
388,12,Garissa Horizon Secondary,15,Boy,1,Q1 — Lowest,2,17.05,No access,0.0,Yes,-2.448,3,Yes,Low,3,1,0.263,No,No,Yes,1,Still enrolled,Academic Strugglers,5.448,2.853,0.513,3,1.0,Yes,Yes,Yes,School Fee Support,15000.0,3.975,0.7068
389,11,Kitale Plains Secondary,14,Girl,1,Q1 — Lowest,2,6.66,Shared device,1.0,No,-0.043,0,No,Low,4,1,0.32,No,No,Yes,1,Still enrolled,Academic Strugglers,0.043,1.833,0.57,4,0.5,No,No,No,School Fee Support,15000.0,2.795,0.9685
390,13,Meru Mountain Secondary,16,Boy,4,Q4 — High,2,7.49,No access,0.0,No,-0.973,1,Yes,High,19,1,0.279,No,No,Yes,1,Still enrolled,Health-Constrained,1.973,1.775,0.379,57,0.0,No,No,Yes,,,,0.9188
391,1,Kilimani Day Secondary,15,Boy,3,Q3 — Middle,4,4.47,Shared device,1.0,No,-0.765,2,No,Moderate,11,2,0.214,No,No,Yes,1,Still enrolled,Stable Achievers,2.765,1.323,0.364,22,0.5,No,No,No,,,,0.9659
392,10,Nyeri Ridge Secondary,17,Girl,1,Q1 — Lowest,6,7.59,No access,0.0,No,-2.414,3,No,Low,4,0,0.221,No,Yes,Yes,1,Still enrolled,Academic Strugglers,5.414,2.38,0.471,4,1.0,No,Yes,Yes,School Fee Support,15000.0,2.812,0.5221
393,9,Kakamega Forest Secondary,14,Girl,4,Q4 — High,5,3.58,Personal device,2.0,No,0.237,0,No,Low,1,2,0.245,No,No,Yes,1,Still enrolled,Stable Achievers,-0.237,0.579,0.345,1,1.0,No,No,No,,,,0.9847
394,19,Isiolo North Secondary,16,Boy,2,Q2 — Low,7,1.65,,,Yes,-0.703,1,No,Low,5,3,0.32,No,No,Yes,1,Still enrolled,Academic Strugglers,1.703,,0.52,5,,No,No,No,,,,0.975
395,12,Garissa Horizon Secondary,16,Girl,4,Q4 — High,6,4.24,No access,0.0,Yes,-1.238,2,No,Low,2,1,0.245,No,No,Yes,1,Still enrolled,Stable Achievers,3.238,1.612,0.345,2,1.0,No,No,Yes,,,,0.942
396,4,Machakos Hilltop Secondary,15,Boy,4,Q4 — High,5,1.68,Personal device,2.0,Yes,-2.27,3,No,Low,7,0,0.26,No,No,Yes,1,Still enrolled,Stable Achievers,5.27,0.484,0.36,7,2.0,No,Yes,No,,,,0.9246
397,18,Narok Savannah Secondary,17,Boy,1,Q1 — Lowest,3,7.16,No access,0.0,Yes,-1.775,4,No,High,8,1,0.288,Yes,No,Yes,1,Still enrolled,Health-Constrained,5.775,2.358,0.538,24,1.0,No,Yes,Yes,School Fee Support,15000.0,3.749,0.6803
398,6,Mombasa Coast Secondary,16,Boy,2,Q2 — Low,4,2.03,No access,0.0,Yes,-2.35,5,No,Moderate,7,3,0.259,Yes,No,Yes,1,Still enrolled,Academic Strugglers,7.35,1.901,0.459,14,1.0,No,Yes,Yes,School Fee Support,15000.0,2.788,0.8005
399,20,Busia Border Secondary,17,Girl,4,Q4 — High,4,20.0,Shared device,1.0,No,0.137,1,No,Moderate,13,0,0.197,No,,Yes,1,Still enrolled,Stable Achievers,0.863,1.9,0.297,26,,Yes,No,No,,,,0.8478
400,8,Thika Green Secondary,16,Boy,5,Q5 — Highest,4,2.17,Shared device,1.0,Yes,0.666,0,No,Low,5,2,0.164,No,No,Yes,1,Still enrolled,Stable Achievers,-0.666,0.808,0.214,5,1.5,No,No,No,,,,0.9914
401,17,Malindi Shore Secondary,14,Girl,3,Q3 — Middle,6,7.28,No access,0.0,Yes,-0.339,1,No,Low,7,0,0.287,No,No,Yes,1,Still enrolled,Academic Strugglers,1.339,1.964,0.437,7,1.0,No,No,Yes,,,,0.9577
402,16,Kericho Highlands Secondary,14,Boy,3,Q3 — Middle,6,3.16,No access,0.0,No,-0.733,1,Yes,Low,1,1,0.281,No,Yes,Yes,1,Still enrolled,Academic Strugglers,1.733,1.758,0.431,1,1.0,No,No,Yes,,,,0.9411
403,15,Embu Sunrise Secondary,17,Boy,5,Q5 — Highest,4,2.14,No access,0.0,Yes,0.453,0,Yes,High,10,1,0.198,No,No,Yes,1,Still enrolled,Stable Achievers,-0.453,1.307,0.248,30,1.0,No,No,Yes,,,,0.9903
404,14,Bungoma West Secondary,13,Boy,1,Q1 — Lowest,6,10.91,No access,0.0,No,0.413,0,No,Low,3,0,0.319,No,,Yes,1,Still enrolled,Academic Strugglers,-0.413,2.546,0.569,3,,Yes,No,Yes,School Fee Support,15000.0,2.949,0.892
405,1,Kilimani Day Secondary,17,Girl,3,Q3 — Middle,2,17.66,,,Yes,-0.011,1,No,Low,4,1,0.256,No,No,Yes,1,Still enrolled,Stable Achievers,1.011,,0.406,4,,Yes,No,No,,,,0.9403
406,5,Nakuru Valley Secondary,17,Girl,3,Q3 — Middle,6,5.23,No access,0.0,No,-1.619,2,No,Low,3,0,0.246,No,No,Yes,1,Still enrolled,Academic Strugglers,3.619,1.862,0.396,3,0.0,No,No,Yes,,,,0.9137
407,18,Narok Savannah Secondary,17,Girl,2,Q2 — Low,4,6.1,Shared device,1.0,Yes,-0.857,0,No,Low,3,0,0.253,No,No,Yes,1,Still enrolled,Academic Strugglers,0.857,1.605,0.453,3,1.5,No,No,No,,,,0.9594
408,15,Embu Sunrise Secondary,15,Girl,3,Q3 — Middle,4,10.56,No access,0.0,Yes,-1.004,1,No,Low,3,2,0.181,No,Yes,Yes,1,Still enrolled,Stable Achievers,2.004,2.128,0.331,3,2.0,Yes,No,Yes,,,,0.9683
409,10,Nyeri Ridge Secondary,16,Girl,2,Q2 — Low,8,5.61,No access,0.0,Yes,-0.603,2,No,Moderate,9,2,0.265,No,,Yes,1,Still enrolled,Academic Strugglers,2.603,2.08,0.465,18,,No,No,Yes,School Fee Support,15000.0,2.733,0.8619
410,16,Kericho Highlands Secondary,14,Boy,1,Q1 — Lowest,6,8.71,No access,0.0,Yes,-0.424,2,No,Low,4,2,0.32,No,,No,0,Financial Instability,Academic Strugglers,2.424,2.435,0.57,4,,Yes,No,Yes,School Fee Support,15000.0,3.273,0.6795
411,14,Bungoma West Secondary,13,Boy,2,Q2 — Low,6,13.72,Personal device,2.0,Yes,-0.873,0,No,Moderate,15,1,0.243,No,Yes,No,0,Health Related,Health-Constrained,0.873,1.486,0.443,30,3.0,Yes,No,No,Health & Attendance Support,5000.0,2.406,0.8784
412,16,Kericho Highlands Secondary,14,Girl,1,Q1 — Lowest,5,6.11,No access,0.0,Yes,-1.721,3,No,High,13,0,0.28,No,No,No,0,Health Related,Health-Constrained,4.721,2.306,0.53,39,1.0,No,Yes,Yes,School Fee Support,15000.0,3.613,0.7156
413,11,Kitale Plains Secondary,17,Girl,3,Q3 — Middle,5,1.83,Personal device,2.0,Yes,-1.245,1,No,Moderate,8,1,0.269,No,Yes,Yes,1,Still enrolled,Stable Achievers,2.245,0.692,0.419,16,3.0,No,No,No,,,,0.9857
414,2,Nyandarua Mixed Secondary,14,Boy,4,Q4 — High,4,,Personal device,2.0,No,-0.804,1,No,Low,6,1,0.186,No,Yes,Yes,1,Still enrolled,Stable Achievers,1.804,,0.286,6,2.0,No,No,No,,,,0.904
415,9,Kakamega Forest Secondary,16,Girl,1,Q1 — Lowest,6,2.41,No access,0.0,Yes,-3.809,5,No,Moderate,10,1,0.318,Yes,No,No,0,Academic Performance,Academic Strugglers,8.809,2.121,0.568,20,1.0,No,Yes,Yes,School Fee Support,15000.0,4.323,0.551
416,5,Nakuru Valley Secondary,15,Girl,4,Q4 — High,5,20.0,Shared device,1.0,Yes,0.001,3,No,Low,7,2,0.188,No,No,Yes,1,Still enrolled,Stable Achievers,2.999,1.9,0.288,7,1.5,Yes,Yes,No,,,,0.9321
417,18,Narok Savannah Secondary,17,Girl,1,Q1 — Lowest,6,5.82,No access,0.0,Yes,-0.383,2,No,Moderate,13,1,0.267,No,No,Yes,1,Still enrolled,Health-Constrained,2.383,2.291,0.517,26,1.0,No,No,Yes,School Fee Support,15000.0,3.089,0.6343
418,18,Narok Savannah Secondary,15,Boy,1,Q1 — Lowest,8,8.26,No access,0.0,Yes,-1.133,1,No,Low,2,0,,No,No,No,0,Household Pressure,Academic Strugglers,2.133,2.413,,2,1.0,Yes,No,Yes,School Fee Support,15000.0,1.459,0.8228
419,5,Nakuru Valley Secondary,15,Girl,2,Q2 — Low,6,1.79,No access,0.0,Yes,-2.181,3,No,Low,3,0,0.277,No,Yes,Yes,1,Still enrolled,Academic Strugglers,5.181,1.89,0.477,3,2.0,No,Yes,Yes,School Fee Support,15000.0,2.992,0.9333
420,18,Narok Savannah Secondary,14,Girl,2,Q2 — Low,5,14.49,No access,0.0,Yes,-0.693,0,Yes,Low,4,0,0.292,No,Yes,Yes,1,Still enrolled,Academic Strugglers,0.693,2.524,0.492,4,2.0,Yes,No,Yes,School Fee Support,15000.0,2.866,0.7371
421,7,Eldoret Highlands Secondary,16,Girl,4,Q4 — High,5,5.33,Shared device,1.0,Yes,0.35,0,Yes,High,11,2,0.178,No,No,Yes,1,Still enrolled,Stable Achievers,-0.35,1.166,0.278,33,1.5,No,No,No,,,,0.9842
422,5,Nakuru Valley Secondary,13,Girl,3,Q3 — Middle,5,7.19,Personal device,2.0,Yes,-0.326,1,No,Low,3,1,0.243,No,No,Yes,1,Still enrolled,Stable Achievers,1.326,0.96,0.393,3,2.0,No,No,No,,,,0.9861
423,6,Mombasa Coast Secondary,17,Girl,1,Q1 — Lowest,3,14.4,,,Yes,-0.301,1,No,Low,5,0,,No,No,No,0,Financial Instability,Academic Strugglers,1.301,,,5,,Yes,No,No,Transport / Boarding Support,6000.0,1.761,0.8023
424,12,Garissa Horizon Secondary,17,Girl,1,Q1 — Lowest,10,2.31,Shared device,1.0,Yes,-0.862,1,No,Low,4,0,0.273,No,No,Yes,1,Still enrolled,Academic Strugglers,1.862,1.615,0.523,4,1.5,No,No,No,School Fee Support,15000.0,2.724,0.9061
425,5,Nakuru Valley Secondary,13,Boy,4,Q4 — High,4,6.02,No access,0.0,Yes,-0.458,1,No,High,11,1,0.181,No,Yes,Yes,1,Still enrolled,Stable Achievers,1.458,1.701,0.281,33,2.0,No,No,Yes,,,,0.9709
426,6,Mombasa Coast Secondary,13,Girl,2,Q2 — Low,9,9.5,No access,0.0,Yes,-1.373,3,No,Low,3,2,0.227,No,Yes,Yes,1,Still enrolled,Academic Strugglers,4.373,2.275,0.427,3,2.0,Yes,Yes,Yes,Academic Tutoring / Catch-up,8000.0,2.103,0.829
427,14,Bungoma West Secondary,17,Girl,3,Q3 — Middle,1,6.44,Shared device,1.0,Yes,-1.122,2,No,High,14,0,0.231,No,No,Yes,1,Still enrolled,Health-Constrained,3.122,1.422,0.381,42,1.5,No,No,No,,,,0.8647
428,9,Kakamega Forest Secondary,17,Boy,1,Q1 — Lowest,5,8.24,No access,0.0,Yes,-1.862,2,No,Low,3,2,0.294,No,No,Yes,1,Still enrolled,Academic Strugglers,3.862,2.412,0.544,3,1.0,Yes,No,Yes,School Fee Support,15000.0,3.439,0.8162
429,14,Bungoma West Secondary,15,Boy,3,Q3 — Middle,9,5.07,No access,0.0,Yes,-0.764,1,No,Low,5,2,0.196,No,No,Yes,1,Still enrolled,Academic Strugglers,1.764,1.854,0.346,5,1.0,No,No,Yes,,,,0.9522
430,1,Kilimani Day Secondary,13,Boy,2,Q2 — Low,5,4.91,Shared device,1.0,Yes,-0.624,3,No,Moderate,17,1,0.305,No,No,Yes,1,Still enrolled,Health-Constrained,3.624,1.545,0.505,34,1.5,No,Yes,No,School Fee Support,15000.0,3.208,0.9011
431,2,Nyandarua Mixed Secondary,13,Girl,1,Q1 — Lowest,9,2.68,No access,0.0,Yes,-1.996,3,No,Low,4,0,0.32,No,No,No,0,Household Pressure,Academic Strugglers,4.996,2.134,0.57,4,1.0,No,Yes,Yes,School Fee Support,15000.0,3.505,0.7275
432,6,Mombasa Coast Secondary,15,Boy,2,Q2 — Low,5,14.59,Shared device,1.0,Yes,-3.409,6,No,Low,8,1,0.3,Yes,,No,0,Academic Performance,Academic Strugglers,9.409,2.03,0.5,8,,Yes,Yes,No,School Fee Support,15000.0,4.504,0.2689
433,8,Thika Green Secondary,17,Boy,3,Q3 — Middle,4,16.48,Shared device,1.0,Yes,-1.979,2,No,Low,6,1,0.306,No,No,Yes,1,Still enrolled,Academic Strugglers,3.979,1.924,0.456,6,1.5,Yes,No,No,School Fee Support,15000.0,2.795,0.7547
434,6,Mombasa Coast Secondary,16,Boy,3,Q3 — Middle,2,5.77,No access,0.0,Yes,-0.682,2,No,Low,3,2,0.214,No,,Yes,1,Still enrolled,Stable Achievers,2.682,1.889,0.364,3,,No,No,Yes,,,,0.9449
435,8,Thika Green Secondary,13,Girl,2,Q2 — Low,1,20.0,No access,0.0,Yes,-2.046,4,No,Low,6,1,,Yes,No,No,0,Commute Distance,Academic Strugglers,6.046,2.8,,6,1.0,Yes,Yes,Yes,Academic Tutoring / Catch-up,8000.0,3.24,0.5139
436,19,Isiolo North Secondary,16,Boy,2,Q2 — Low,3,8.03,Personal device,2.0,Yes,-2.791,4,No,High,17,1,0.269,Yes,No,No,0,Health Related,Health-Constrained,6.791,1.202,0.469,51,2.0,Yes,Yes,No,School Fee Support,15000.0,3.825,0.858
437,10,Nyeri Ridge Secondary,17,Girl,2,Q2 — Low,1,0.35,,,Yes,-0.57,3,No,Low,3,1,0.32,No,Yes,Yes,1,Still enrolled,Academic Strugglers,3.57,,0.52,3,,No,Yes,No,School Fee Support,15000.0,2.758,0.9254
438,12,Garissa Horizon Secondary,16,Girl,2,Q2 — Low,8,3.19,No access,0.0,Yes,0.441,0,No,Low,3,2,0.288,No,Yes,Yes,1,Still enrolled,Academic Strugglers,-0.441,1.96,0.488,3,2.0,No,No,Yes,,,,0.9768
439,16,Kericho Highlands Secondary,15,Boy,4,Q4 — High,1,13.89,No access,0.0,No,-1.464,1,No,Moderate,10,1,0.214,No,Yes,Yes,1,Still enrolled,Stable Achievers,2.464,2.095,0.314,20,1.0,Yes,No,Yes,,,,0.8392
440,4,Machakos Hilltop Secondary,13,Boy,3,Q3 — Middle,7,4.02,,,Yes,-0.887,0,No,Low,7,0,0.198,No,No,Yes,1,Still enrolled,Stable Achievers,0.887,,0.348,7,,No,No,No,,,,0.9311
441,3,Kisumu Lakeside Secondary,16,Girl,2,Q2 — Low,7,4.1,No access,0.0,No,-4.0,7,No,High,18,1,0.221,Yes,No,No,0,Academic Performance,Health-Constrained,11.0,2.005,0.421,54,0.0,No,Yes,Yes,Health & Attendance Support,5000.0,3.479,0.1472
442,9,Kakamega Forest Secondary,17,Boy,1,Q1 — Lowest,6,3.1,,,Yes,-1.062,1,No,Low,9,0,0.32,No,No,Yes,1,Still enrolled,Academic Strugglers,2.062,,0.57,9,,No,No,No,School Fee Support,15000.0,3.121,0.8941
443,13,Meru Mountain Secondary,15,Girl,1,Q1 — Lowest,4,4.42,No access,0.0,Yes,-0.744,1,No,Low,3,0,,No,Yes,No,0,Financial Instability,Academic Strugglers,1.744,2.221,,3,2.0,No,No,Yes,School Fee Support,15000.0,1.339,0.9485
444,10,Nyeri Ridge Secondary,16,Girl,4,Q4 — High,7,7.26,,,Yes,0.872,0,No,Low,2,1,0.174,No,No,Yes,1,Still enrolled,Stable Achievers,-0.872,,0.274,2,,No,No,No,,,,0.9715
445,3,Kisumu Lakeside Secondary,13,Girl,2,Q2 — Low,2,14.06,No access,0.0,Yes,-2.277,4,Yes,Low,5,1,0.245,Yes,Yes,Yes,1,Still enrolled,Academic Strugglers,6.277,2.503,0.445,5,2.0,Yes,Yes,Yes,Academic Tutoring / Catch-up,8000.0,3.012,0.7942
446,13,Meru Mountain Secondary,17,Girl,3,Q3 — Middle,1,16.25,Personal device,2.0,Yes,-0.875,2,No,Low,5,1,0.253,No,No,Yes,1,Still enrolled,Stable Achievers,2.875,1.413,0.403,5,2.0,Yes,No,No,Transport / Boarding Support,6000.0,1.713,0.8777
447,19,Isiolo North Secondary,14,Girl,1,Q1 — Lowest,7,5.49,No access,0.0,Yes,-1.049,2,No,Low,6,1,0.246,No,No,Yes,1,Still enrolled,Academic Strugglers,3.049,2.274,0.496,6,1.0,No,No,Yes,School Fee Support,15000.0,2.482,0.8907
448,11,Kitale Plains Secondary,17,Boy,1,Q1 — Lowest,1,4.88,Shared device,1.0,Yes,-2.095,4,No,Low,6,1,0.297,Yes,Yes,Yes,1,Still enrolled,Academic Strugglers,6.095,1.744,0.547,6,2.5,No,Yes,No,School Fee Support,15000.0,3.718,0.8865
449,18,Narok Savannah Secondary,13,Boy,4,Q4 — High,5,6.96,Shared device,1.0,Yes,0.39,0,Yes,Low,1,1,0.216,No,No,Yes,1,Still enrolled,Stable Achievers,-0.39,1.248,0.316,1,1.5,No,No,No,,,,0.9893
450,9,Kakamega Forest Secondary,16,Girl,3,Q3 — Middle,7,2.61,No access,0.0,Yes,-0.309,2,No,Moderate,8,1,0.216,No,,Yes,1,Still enrolled,Health-Constrained,2.309,1.73,0.366,16,,No,No,Yes,,,,0.9467
451,9,Kakamega Forest Secondary,16,Girl,1,Q1 — Lowest,6,12.25,No access,0.0,Yes,-0.582,1,No,Moderate,10,1,0.291,No,No,Yes,1,Still enrolled,Academic Strugglers,1.582,2.613,0.541,20,1.0,Yes,No,Yes,School Fee Support,15000.0,3.317,0.8117
452,7,Eldoret Highlands Secondary,17,Girl,5,Q5 — Highest,3,,Personal device,2.0,Yes,-0.106,1,No,Moderate,13,1,0.241,No,No,Yes,1,Still enrolled,Stable Achievers,1.106,,0.291,26,2.0,No,No,No,,,,0.9727
453,11,Kitale Plains Secondary,14,Boy,4,Q4 — High,3,5.42,Shared device,1.0,Yes,-1.613,3,No,Moderate,5,1,0.164,No,No,Yes,1,Still enrolled,Stable Achievers,4.613,1.171,0.264,10,1.5,No,Yes,No,,,,0.9541
454,12,Garissa Horizon Secondary,17,Girl,3,Q3 — Middle,6,10.88,Shared device,1.0,Yes,-0.035,1,No,Moderate,13,0,0.284,No,No,No,0,Health Related,Health-Constrained,1.035,1.644,0.434,26,1.5,Yes,No,No,Health & Attendance Support,5000.0,2.137,0.8813
455,3,Kisumu Lakeside Secondary,15,Boy,2,Q2 — Low,5,13.87,No access,0.0,Yes,-1.826,2,No,Moderate,8,0,0.32,No,Yes,Yes,1,Still enrolled,Academic Strugglers,3.826,2.494,0.52,16,2.0,Yes,No,Yes,School Fee Support,15000.0,3.607,0.7276
456,20,Busia Border Secondary,16,Boy,1,Q1 — Lowest,7,13.03,No access,0.0,Yes,-1.395,2,No,Moderate,12,1,0.32,No,No,Yes,1,Still enrolled,Academic Strugglers,3.395,2.651,0.57,24,1.0,Yes,No,Yes,School Fee Support,15000.0,3.857,0.8143
457,4,Machakos Hilltop Secondary,13,Boy,2,Q2 — Low,4,3.99,Personal device,2.0,No,-2.514,4,No,Low,5,1,0.32,Yes,No,Yes,1,Still enrolled,Academic Strugglers,6.514,0.999,0.52,5,1.0,No,Yes,No,School Fee Support,15000.0,3.552,0.8184
458,12,Garissa Horizon Secondary,16,Girl,3,Q3 — Middle,6,15.41,Personal device,2.0,Yes,-0.882,3,No,Low,5,1,0.243,No,Yes,No,0,Commute Distance,Stable Achievers,3.882,1.37,0.393,5,3.0,Yes,Yes,No,Transport / Boarding Support,6000.0,1.712,0.9208
459,7,Eldoret Highlands Secondary,14,Girl,1,Q1 — Lowest,4,6.69,No access,0.0,No,-0.275,0,No,Low,4,0,0.304,No,No,Yes,1,Still enrolled,Academic Strugglers,0.275,2.335,0.554,4,0.0,No,No,Yes,School Fee Support,15000.0,2.778,0.8797
460,18,Narok Savannah Secondary,15,Boy,4,Q4 — High,7,6.74,Personal device,2.0,Yes,-0.33,1,No,Low,6,1,0.27,No,No,Yes,1,Still enrolled,Stable Achievers,1.33,0.737,0.37,6,2.0,No,No,No,,,,0.914
461,13,Meru Mountain Secondary,16,Boy,5,Q5 — Highest,2,1.24,Shared device,1.0,No,-1.671,3,No,High,9,1,0.147,No,No,Yes,1,Still enrolled,Stable Achievers,4.671,0.762,0.197,27,0.5,No,Yes,No,,,,0.9489
462,1,Kilimani Day Secondary,15,Girl,4,Q4 — High,5,1.76,Personal device,2.0,Yes,0.041,0,No,High,14,0,0.245,No,No,Yes,1,Still enrolled,Health-Constrained,-0.041,0.488,0.345,42,2.0,No,No,No,,,,0.9899
463,1,Kilimani Day Secondary,13,Girl,1,Q1 — Lowest,8,20.0,Shared device,1.0,Yes,-0.591,2,No,Low,6,0,0.32,No,Yes,Yes,1,Still enrolled,Academic Strugglers,2.591,2.5,0.57,6,2.5,Yes,No,No,School Fee Support,15000.0,3.861,0.5396
464,5,Nakuru Valley Secondary,16,Girl,2,Q2 — Low,9,4.65,Personal device,2.0,Yes,-1.694,2,No,Low,2,0,0.269,No,No,Yes,1,Still enrolled,Academic Strugglers,3.694,1.032,0.469,2,2.0,No,No,No,School Fee Support,15000.0,2.806,0.9243
465,17,Malindi Shore Secondary,14,Boy,1,Q1 — Lowest,10,14.97,,,Yes,-0.977,1,No,Low,4,0,0.32,No,No,Yes,1,Still enrolled,Academic Strugglers,1.977,,0.57,4,,Yes,No,No,School Fee Support,15000.0,3.529,0.7403
466,18,Narok Savannah Secondary,16,Boy,3,Q3 — Middle,2,4.72,Personal device,2.0,No,-0.852,1,No,Low,5,2,0.25,No,Yes,Yes,1,Still enrolled,Stable Achievers,1.852,0.836,0.4,5,2.0,No,No,No,,,,0.9525
467,12,Garissa Horizon Secondary,16,Boy,2,Q2 — Low,9,6.6,No access,0.0,Yes,-0.28,0,No,Low,1,2,,No,No,Yes,1,Still enrolled,Academic Strugglers,0.28,2.13,,1,1.0,No,No,Yes,,,,0.939
468,12,Garissa Horizon Secondary,13,Girl,2,Q2 — Low,7,8.2,Shared device,1.0,Yes,0.314,1,No,Low,1,1,0.233,No,No,Yes,1,Still enrolled,Academic Strugglers,0.686,1.71,0.433,1,1.5,Yes,No,No,,,,0.9621
469,13,Meru Mountain Secondary,14,Girl,1,Q1 — Lowest,8,9.1,No access,0.0,Yes,-2.927,3,No,Moderate,12,0,,No,,No,0,Academic Performance,Health-Constrained,5.927,2.455,,24,,Yes,Yes,Yes,Health & Attendance Support,5000.0,3.228,0.4953
470,10,Nyeri Ridge Secondary,13,Boy,3,Q3 — Middle,5,3.77,Personal device,2.0,Yes,-1.509,2,No,Low,5,1,0.256,No,No,Yes,1,Still enrolled,Stable Achievers,3.509,0.789,0.406,5,2.0,No,No,No,,,,0.9415
471,11,Kitale Plains Secondary,16,Girl,3,Q3 — Middle,9,2.84,Shared device,1.0,Yes,-1.19,1,No,Moderate,10,0,0.274,No,,Yes,1,Still enrolled,Health-Constrained,2.19,1.242,0.424,20,,No,No,No,,,,0.9646
472,8,Thika Green Secondary,15,Boy,3,Q3 — Middle,8,3.33,No access,0.0,Yes,-0.466,1,Yes,High,16,0,0.264,No,No,Yes,1,Still enrolled,Health-Constrained,1.466,1.766,0.414,48,1.0,No,No,Yes,,,,0.9413
473,10,Nyeri Ridge Secondary,13,Girl,1,Q1 — Lowest,5,10.59,Shared device,1.0,Yes,-0.768,1,No,Low,5,0,0.32,No,No,Yes,1,Still enrolled,Academic Strugglers,1.768,2.03,0.57,5,1.5,Yes,No,No,School Fee Support,15000.0,3.307,0.8774
474,6,Mombasa Coast Secondary,14,Girl,3,Q3 — Middle,8,7.12,No access,0.0,No,-0.669,0,No,Low,2,2,0.223,No,No,Yes,1,Still enrolled,Academic Strugglers,0.669,1.956,0.373,2,0.0,No,No,Yes,,,,0.92
475,15,Embu Sunrise Secondary,17,Boy,5,Q5 — Highest,2,,No access,0.0,No,-0.069,0,No,Moderate,14,1,0.204,No,Yes,Yes,1,Still enrolled,Stable Achievers,0.069,,0.254,28,1.0,No,No,Yes,,,,0.9755
476,14,Bungoma West Secondary,16,Boy,5,Q5 — Highest,4,,Personal device,2.0,Yes,-0.091,1,No,Low,4,1,0.148,No,No,Yes,1,Still enrolled,Stable Achievers,1.091,,0.198,4,2.0,No,No,No,,,,0.9794
477,15,Embu Sunrise Secondary,14,Girl,5,Q5 — Highest,2,3.64,Personal device,2.0,No,0.804,0,No,Moderate,8,3,0.224,No,Yes,Yes,1,Still enrolled,Stable Achievers,-0.804,0.382,0.274,16,2.0,No,No,No,,,,0.9907
478,8,Thika Green Secondary,17,Boy,4,Q4 — High,2,11.45,No access,0.0,Yes,-0.896,1,No,Low,6,0,0.248,No,Yes,Yes,1,Still enrolled,Stable Achievers,1.896,1.972,0.348,6,2.0,Yes,No,Yes,,,,0.9568
479,8,Thika Green Secondary,16,Boy,3,Q3 — Middle,11,7.67,No access,0.0,Yes,-1.984,3,No,Low,3,0,0.19,No,Yes,No,0,Household Pressure,Academic Strugglers,4.984,1.984,0.34,3,2.0,No,Yes,Yes,Academic Tutoring / Catch-up,8000.0,2.102,0.8893
480,9,Kakamega Forest Secondary,14,Girl,1,Q1 — Lowest,4,9.19,No access,0.0,Yes,-1.638,1,No,Low,7,1,0.32,No,Yes,Yes,1,Still enrolled,Academic Strugglers,2.638,2.459,0.57,7,2.0,Yes,No,Yes,School Fee Support,15000.0,3.482,0.8799
481,13,Meru Mountain Secondary,13,Boy,5,Q5 — Highest,5,5.74,Personal device,2.0,Yes,-1.593,2,No,Low,7,2,0.244,No,Yes,Yes,1,Still enrolled,Stable Achievers,3.593,0.487,0.294,7,3.0,No,No,No,,,,0.9608
482,16,Kericho Highlands Secondary,17,Girl,1,Q1 — Lowest,6,7.25,No access,0.0,Yes,-1.846,2,No,Low,5,1,0.276,No,No,No,0,Financial Instability,Academic Strugglers,3.846,2.362,0.526,5,1.0,No,No,Yes,School Fee Support,15000.0,3.351,0.7748
483,1,Kilimani Day Secondary,14,Boy,2,Q2 — Low,10,5.81,No access,0.0,No,-2.005,1,No,Low,8,0,0.314,No,No,Yes,1,Still enrolled,Academic Strugglers,3.005,2.09,0.514,8,0.0,No,No,Yes,School Fee Support,15000.0,3.109,0.7451
484,19,Isiolo North Secondary,14,Girl,5,Q5 — Highest,6,7.75,No access,0.0,Yes,0.412,0,Yes,Low,6,3,,No,,Yes,1,Still enrolled,Stable Achievers,-0.412,1.588,,6,,No,No,Yes,,,,0.9867
485,18,Narok Savannah Secondary,14,Girl,5,Q5 — Highest,4,,Shared device,1.0,No,0.347,0,Yes,Low,8,0,0.21,No,Yes,Yes,1,Still enrolled,Stable Achievers,-0.347,,0.26,8,1.5,No,No,No,,,,0.9718
486,20,Busia Border Secondary,16,Girl,2,Q2 — Low,4,7.94,Personal device,2.0,No,-1.609,3,No,Low,3,1,0.32,No,No,No,0,Financial Instability,Academic Strugglers,4.609,1.197,0.52,3,1.0,No,Yes,No,School Fee Support,15000.0,3.334,0.9014
487,6,Mombasa Coast Secondary,13,Boy,5,Q5 — Highest,3,1.14,Shared device,1.0,Yes,0.546,0,No,Low,1,2,0.219,No,Yes,Yes,1,Still enrolled,Stable Achievers,-0.546,0.757,0.269,1,2.5,No,No,No,,,,0.9952
488,10,Nyeri Ridge Secondary,13,Boy,1,Q1 — Lowest,7,3.13,Shared device,1.0,Yes,-2.164,2,No,Low,8,3,0.317,No,No,Yes,1,Still enrolled,Academic Strugglers,4.164,1.657,0.567,8,1.5,No,No,No,School Fee Support,15000.0,3.487,0.8286
489,11,Kitale Plains Secondary,15,Boy,1,Q1 — Lowest,8,1.02,No access,0.0,Yes,-1.761,2,No,Moderate,10,0,0.32,No,No,Yes,1,Still enrolled,Academic Strugglers,3.761,2.051,0.57,20,1.0,No,No,Yes,School Fee Support,15000.0,3.356,0.8876
490,3,Kisumu Lakeside Secondary,16,Girl,1,Q1 — Lowest,7,14.34,Personal device,2.0,Yes,-2.585,3,No,Moderate,11,1,0.274,No,No,Yes,1,Still enrolled,Health-Constrained,5.585,1.717,0.524,22,2.0,Yes,Yes,No,School Fee Support,15000.0,4.107,0.618
491,8,Thika Green Secondary,16,Girl,3,Q3 — Middle,8,0.94,,,Yes,-0.788,1,No,Low,2,2,0.263,No,Yes,Yes,1,Still enrolled,Academic Strugglers,1.788,,0.413,2,,No,No,No,,,,0.9656
492,1,Kilimani Day Secondary,15,Girl,1,Q1 — Lowest,4,8.33,No access,0.0,Yes,-2.118,2,No,Low,10,0,0.262,No,No,Yes,1,Still enrolled,Academic Strugglers,4.118,2.416,0.512,10,1.0,Yes,No,Yes,School Fee Support,15000.0,3.506,0.8499
493,3,Kisumu Lakeside Secondary,14,Girl,3,Q3 — Middle,7,9.5,Shared device,1.0,Yes,-2.27,4,No,High,13,1,0.216,Yes,No,Yes,1,Still enrolled,Health-Constrained,6.27,1.575,0.366,39,1.5,Yes,Yes,No,Health & Attendance Support,5000.0,2.623,0.5404
494,10,Nyeri Ridge Secondary,17,Boy,2,Q2 — Low,6,4.98,No access,0.0,Yes,-0.518,1,No,High,19,0,0.214,No,No,No,0,Health Related,Health-Constrained,1.518,2.049,0.414,57,1.0,No,No,Yes,Health & Attendance Support,5000.0,2.099,0.8303
495,7,Eldoret Highlands Secondary,17,Boy,2,Q2 — Low,1,6.88,No access,0.0,Yes,-1.344,2,Yes,Low,9,1,0.22,No,No,Yes,1,Still enrolled,Academic Strugglers,3.344,2.144,0.42,9,1.0,No,No,Yes,School Fee Support,15000.0,1.837,0.9486
496,2,Nyandarua Mixed Secondary,13,Boy,4,Q4 — High,4,3.65,Shared device,1.0,Yes,-0.695,1,No,Low,2,1,0.239,No,No,Yes,1,Still enrolled,Stable Achievers,1.695,1.083,0.339,2,1.5,No,No,No,,,,0.966
497,17,Malindi Shore Secondary,14,Boy,3,Q3 — Middle,7,11.88,Shared device,1.0,No,-0.372,1,No,Low,3,0,0.301,No,Yes,Yes,1,Still enrolled,Academic Strugglers,1.372,1.694,0.451,3,1.5,Yes,No,No,,,,0.8464
498,3,Kisumu Lakeside Secondary,15,Boy,2,Q2 — Low,9,4.07,No access,0.0,No,-2.569,3,No,Moderate,11,1,0.203,No,Yes,Yes,1,Still enrolled,Health-Constrained,5.569,2.004,0.403,22,1.0,No,Yes,Yes,Academic Tutoring / Catch-up,8000.0,2.013,0.7304
499,5,Nakuru Valley Secondary,15,Girl,1,Q1 — Lowest,5,10.53,,,Yes,-0.49,1,No,Low,3,0,0.293,No,No,Yes,1,Still enrolled,Academic Strugglers,1.49,,0.543,3,,Yes,No,No,School Fee Support,15000.0,3.075,0.9357
500,5,Nakuru Valley Secondary,17,Girl,4,Q4 — High,2,7.4,Personal device,2.0,Yes,-0.443,2,No,Moderate,11,0,0.257,No,No,Yes,1,Still enrolled,Stable Achievers,2.443,0.77,0.357,22,2.0,No,No,No,,,,0.9563
501,11,Kitale Plains Secondary,17,Boy,3,Q3 — Middle,1,6.82,No access,0.0,Yes,0.087,1,No,Low,3,0,0.202,No,,Yes,1,Still enrolled,Stable Achievers,0.913,1.941,0.352,3,,No,No,Yes,,,,0.9742
502,20,Busia Border Secondary,16,Girl,5,Q5 — Highest,1,0.79,Personal device,2.0,Yes,-0.462,1,No,Low,15,0,0.248,No,No,Yes,1,Still enrolled,Stable Achievers,1.462,0.239,0.298,15,2.0,No,No,No,,,,0.9904
503,1,Kilimani Day Secondary,14,Boy,1,Q1 — Lowest,7,11.5,Shared device,1.0,Yes,-1.311,1,No,Moderate,10,2,0.287,No,No,Yes,1,Still enrolled,Academic Strugglers,2.311,2.075,0.537,20,1.5,Yes,No,No,School Fee Support,15000.0,3.427,0.8493
504,4,Machakos Hilltop Secondary,13,Boy,5,Q5 — Highest,6,5.7,,,No,-1.198,2,Yes,Low,3,2,0.23,No,Yes,No,0,Other,Stable Achievers,3.198,,0.28,3,,No,No,No,Academic Tutoring / Catch-up,8000.0,0.647,0.9798
505,7,Eldoret Highlands Secondary,16,Boy,5,Q5 — Highest,8,4.49,Personal device,2.0,Yes,-0.341,2,Yes,Moderate,8,0,0.154,No,Yes,Yes,1,Still enrolled,Stable Achievers,2.341,0.424,0.204,16,3.0,No,No,No,,,,0.9762
506,3,Kisumu Lakeside Secondary,17,Girl,5,Q5 — Highest,4,2.58,No access,0.0,No,-0.546,2,No,High,13,1,0.155,No,No,Yes,1,Still enrolled,Stable Achievers,2.546,1.329,0.205,39,0.0,No,No,Yes,,,,0.8933
507,1,Kilimani Day Secondary,17,Boy,2,Q2 — Low,3,8.29,Personal device,2.0,Yes,-0.824,1,No,Low,3,2,0.221,No,No,Yes,1,Still enrolled,Stable Achievers,1.824,1.214,0.421,3,2.0,Yes,No,No,,,,0.9621
508,19,Isiolo North Secondary,14,Girl,4,Q4 — High,3,8.47,Personal device,2.0,Yes,0.272,0,No,High,13,0,0.184,No,Yes,Yes,1,Still enrolled,Stable Achievers,-0.272,0.824,0.284,39,3.0,Yes,No,No,,,,0.9811
509,5,Nakuru Valley Secondary,16,Boy,2,Q2 — Low,2,3.18,No access,0.0,Yes,-0.465,0,No,Low,4,2,0.289,No,No,Yes,1,Still enrolled,Academic Strugglers,0.465,1.959,0.489,4,1.0,No,No,Yes,,,,0.988
510,13,Meru Mountain Secondary,13,Boy,4,Q4 — High,3,,Shared device,1.0,Yes,-1.752,3,No,Low,2,3,0.164,No,No,Yes,1,Still enrolled,Stable Achievers,4.752,,0.264,2,1.5,No,Yes,No,,,,0.9511
511,18,Narok Savannah Secondary,17,Boy,2,Q2 — Low,7,17.9,Shared device,1.0,Yes,-2.11,1,Yes,High,12,0,0.319,No,No,No,0,Health Related,Health-Constrained,3.11,2.195,0.519,36,1.5,Yes,No,No,School Fee Support,15000.0,3.784,0.6161
512,15,Embu Sunrise Secondary,13,Girl,4,Q4 — High,3,5.23,Personal device,2.0,No,-0.78,2,No,Low,5,1,0.278,No,No,Yes,1,Still enrolled,Stable Achievers,2.78,0.661,0.378,5,1.0,No,No,No,,,,0.9493
513,1,Kilimani Day Secondary,16,Girl,1,Q1 — Lowest,7,,No access,0.0,Yes,-1.831,3,No,Low,8,0,0.318,No,No,Yes,1,Still enrolled,Academic Strugglers,4.831,,0.568,8,1.0,No,Yes,Yes,School Fee Support,15000.0,3.682,0.6557
514,8,Thika Green Secondary,16,Girl,2,Q2 — Low,2,5.92,No access,0.0,Yes,-0.969,0,No,Low,5,1,0.303,No,No,Yes,1,Still enrolled,Academic Strugglers,0.969,2.096,0.503,5,1.0,No,No,Yes,School Fee Support,15000.0,2.614,0.9682
515,2,Nyandarua Mixed Secondary,15,Girl,2,Q2 — Low,8,14.11,No access,0.0,Yes,-0.228,1,No,Low,6,0,0.202,No,,Yes,1,Still enrolled,Academic Strugglers,1.228,2.505,0.402,6,,Yes,No,Yes,,,,0.8198
516,19,Isiolo North Secondary,17,Boy,1,Q1 — Lowest,3,,Shared device,1.0,No,-3.331,4,No,Moderate,11,1,0.252,Yes,No,Yes,1,Still enrolled,Health-Constrained,7.331,,0.502,22,0.5,No,Yes,No,School Fee Support,15000.0,3.283,0.6881
517,10,Nyeri Ridge Secondary,13,Girl,2,Q2 — Low,7,13.34,No access,0.0,Yes,-1.732,2,No,Low,3,0,0.32,No,No,Yes,1,Still enrolled,Academic Strugglers,3.732,2.467,0.52,3,1.0,Yes,No,Yes,School Fee Support,15000.0,3.454,0.6704
518,20,Busia Border Secondary,17,Girl,3,Q3 — Middle,7,8.21,No access,0.0,No,-2.189,2,No,Low,7,1,0.298,No,No,No,0,Academic Performance,Academic Strugglers,4.189,2.01,0.448,7,0.0,Yes,No,Yes,School Fee Support,15000.0,2.009,0.8709
519,9,Kakamega Forest Secondary,14,Girl,3,Q3 — Middle,4,13.93,No access,0.0,Yes,-1.84,3,No,Low,9,1,,No,No,Yes,1,Still enrolled,Academic Strugglers,4.84,2.296,,9,1.0,Yes,Yes,Yes,Academic Tutoring / Catch-up,8000.0,2.652,0.6935
520,12,Garissa Horizon Secondary,16,Girl,4,Q4 — High,4,1.3,Shared device,1.0,No,-0.291,0,Yes,Low,2,2,0.22,No,No,Yes,1,Still enrolled,Stable Achievers,0.291,0.965,0.32,2,0.5,No,No,No,,,,0.9881
521,2,Nyandarua Mixed Secondary,13,Girl,5,Q5 — Highest,5,2.36,Personal device,2.0,No,-0.245,2,No,Low,9,2,0.207,No,No,Yes,1,Still enrolled,Stable Achievers,2.245,0.318,0.257,9,1.0,No,No,No,,,,0.9181
522,20,Busia Border Secondary,17,Girl,2,Q2 — Low,7,1.99,No access,0.0,Yes,-1.6,3,No,Moderate,12,0,0.22,No,,Yes,1,Still enrolled,Health-Constrained,4.6,1.9,0.42,24,,No,Yes,Yes,Health & Attendance Support,5000.0,2.34,0.8998
523,18,Narok Savannah Secondary,13,Girl,4,Q4 — High,7,3.49,Personal device,2.0,Yes,0.387,0,Yes,Low,5,3,0.215,No,No,Yes,1,Still enrolled,Stable Achievers,-0.387,0.575,0.315,5,2.0,No,No,No,,,,0.9837
524,11,Kitale Plains Secondary,17,Girl,1,Q1 — Lowest,8,8.16,Shared device,1.0,Yes,-1.718,2,No,Low,5,0,0.32,No,No,Yes,1,Still enrolled,Academic Strugglers,3.718,1.908,0.57,5,1.5,Yes,No,No,School Fee Support,15000.0,3.561,0.8256
525,5,Nakuru Valley Secondary,14,Boy,3,Q3 — Middle,6,3.69,No access,0.0,Yes,-0.526,1,No,Low,11,0,,No,No,Yes,1,Still enrolled,Academic Strugglers,1.526,1.784,,11,1.0,No,No,Yes,,,,0.9571
526,9,Kakamega Forest Secondary,15,Boy,1,Q1 — Lowest,6,5.9,No access,0.0,Yes,-1.195,2,No,Moderate,9,2,0.3,No,No,Yes,1,Still enrolled,Academic Strugglers,3.195,2.295,0.55,18,1.0,No,No,Yes,School Fee Support,15000.0,3.339,0.9338
527,9,Kakamega Forest Secondary,16,Boy,1,Q1 — Lowest,4,1.34,Shared device,1.0,Yes,-1.578,1,No,Low,3,2,0.258,No,No,Yes,1,Still enrolled,Academic Strugglers,2.578,1.567,0.508,3,1.5,No,No,No,School Fee Support,15000.0,2.292,0.9656
528,16,Kericho Highlands Secondary,16,Boy,4,Q4 — High,6,11.45,Shared device,1.0,Yes,-0.585,2,No,Moderate,11,0,0.225,No,Yes,Yes,1,Still enrolled,Stable Achievers,2.585,1.472,0.325,22,2.5,Yes,No,No,,,,0.8968
529,6,Mombasa Coast Secondary,15,Girl,4,Q4 — High,4,5.79,No access,0.0,No,-0.465,1,No,Moderate,7,1,0.239,No,Yes,Yes,1,Still enrolled,Stable Achievers,1.465,1.69,0.339,14,1.0,No,No,Yes,,,,0.9528
530,13,Meru Mountain Secondary,17,Boy,2,Q2 — Low,4,3.29,No access,0.0,Yes,-1.498,1,No,Low,4,1,0.244,No,Yes,Yes,1,Still enrolled,Academic Strugglers,2.498,1.964,0.444,4,2.0,No,No,Yes,,,,0.9437
531,17,Malindi Shore Secondary,16,Girl,4,Q4 — High,7,6.28,Personal device,2.0,Yes,-0.446,1,No,Low,7,1,0.228,No,,Yes,1,Still enrolled,Stable Achievers,1.446,0.714,0.328,7,,No,No,No,,,,0.9471
532,5,Nakuru Valley Secondary,15,Boy,2,Q2 — Low,8,16.15,No access,0.0,Yes,-1.992,3,No,Low,5,0,0.253,No,No,No,0,Commute Distance,Academic Strugglers,4.992,2.607,0.453,5,1.0,Yes,Yes,Yes,School Fee Support,15000.0,2.942,0.6131
533,16,Kericho Highlands Secondary,13,Girl,3,Q3 — Middle,4,,Shared device,1.0,Yes,0.424,1,No,Low,4,0,0.307,No,Yes,Yes,1,Still enrolled,Stable Achievers,0.576,,0.457,4,2.5,No,No,No,,,,0.9741
534,11,Kitale Plains Secondary,14,Girl,4,Q4 — High,5,1.62,Personal device,2.0,Yes,-0.421,1,No,Low,3,1,0.192,No,Yes,Yes,1,Still enrolled,Stable Achievers,1.421,0.481,0.292,3,3.0,No,No,No,,,,0.9952
535,5,Nakuru Valley Secondary,15,Boy,1,Q1 — Lowest,2,6.84,No access,0.0,Yes,-1.543,3,No,Low,7,1,0.254,No,No,Yes,1,Still enrolled,Academic Strugglers,4.543,2.342,0.504,7,1.0,No,Yes,Yes,School Fee Support,15000.0,2.799,0.8603
536,1,Kilimani Day Secondary,17,Boy,2,Q2 — Low,0,8.97,No access,0.0,No,-0.349,2,No,Low,4,1,0.23,No,No,Yes,1,Still enrolled,Academic Strugglers,2.349,2.249,0.43,4,0.0,Yes,No,Yes,,,,0.9431
537,18,Narok Savannah Secondary,15,Boy,2,Q2 — Low,4,4.87,,,Yes,-3.314,6,No,Moderate,16,1,0.32,Yes,Yes,No,0,Academic Performance,Health-Constrained,9.314,,0.52,32,,No,Yes,No,School Fee Support,15000.0,4.308,0.3496
538,18,Narok Savannah Secondary,13,Girl,3,Q3 — Middle,4,2.79,Shared device,1.0,Yes,0.292,0,No,Low,1,1,0.308,No,,Yes,1,Still enrolled,Stable Achievers,-0.292,1.24,0.458,1,,No,No,No,,,,0.9593
539,2,Nyandarua Mixed Secondary,14,Boy,1,Q1 — Lowest,4,7.46,No access,0.0,Yes,-2.649,4,No,Low,3,1,,Yes,No,No,0,Academic Performance,Academic Strugglers,6.649,2.373,,3,1.0,No,Yes,Yes,Academic Tutoring / Catch-up,8000.0,3.079,0.5669
540,11,Kitale Plains Secondary,15,Boy,3,Q3 — Middle,7,3.58,No access,0.0,No,-1.051,1,Yes,Low,6,0,0.255,No,Yes,Yes,1,Still enrolled,Academic Strugglers,2.051,1.779,0.405,6,1.0,No,No,Yes,,,,0.9447
541,2,Nyandarua Mixed Secondary,13,Girl,4,Q4 — High,7,1.99,Shared device,1.0,No,0.715,0,No,Low,3,1,,No,No,Yes,1,Still enrolled,Stable Achievers,-0.715,1.0,,3,0.5,No,No,No,,,,0.9719
542,1,Kilimani Day Secondary,17,Girl,1,Q1 — Lowest,7,1.65,No access,0.0,Yes,-0.276,1,No,Low,6,1,0.286,No,No,Yes,1,Still enrolled,Academic Strugglers,1.276,2.083,0.536,6,1.0,No,No,Yes,School Fee Support,15000.0,2.664,0.9663
543,2,Nyandarua Mixed Secondary,14,Boy,2,Q2 — Low,8,2.97,No access,0.0,No,-3.298,4,No,Moderate,15,1,0.222,Yes,No,No,0,Academic Performance,Health-Constrained,7.298,1.948,0.422,30,0.0,No,Yes,Yes,Health & Attendance Support,5000.0,2.881,0.5848
544,19,Isiolo North Secondary,16,Boy,1,Q1 — Lowest,8,3.84,No access,0.0,Yes,-2.654,2,No,High,15,0,0.304,No,Yes,Yes,1,Still enrolled,Health-Constrained,4.654,2.192,0.554,45,2.0,No,No,Yes,School Fee Support,15000.0,3.718,0.808
545,11,Kitale Plains Secondary,16,Boy,3,Q3 — Middle,4,15.35,,,Yes,-1.618,4,No,Low,3,1,0.287,Yes,No,Yes,1,Still enrolled,Academic Strugglers,5.618,,0.437,3,,Yes,Yes,No,Academic Tutoring / Catch-up,8000.0,2.811,0.7475
546,20,Busia Border Secondary,16,Boy,3,Q3 — Middle,5,0.61,No access,0.0,Yes,-1.552,2,No,Low,3,0,0.271,No,,Yes,1,Still enrolled,Academic Strugglers,3.552,1.63,0.421,3,,No,No,Yes,,,,0.9672
547,16,Kericho Highlands Secondary,15,Boy,3,Q3 — Middle,3,15.69,Shared device,1.0,No,-0.981,2,No,Low,7,2,0.302,No,No,No,0,Commute Distance,Academic Strugglers,2.981,1.885,0.452,7,0.5,Yes,No,No,School Fee Support,15000.0,2.578,0.6886
548,15,Embu Sunrise Secondary,15,Boy,3,Q3 — Middle,2,8.96,No access,0.0,No,-1.973,4,No,Moderate,10,1,,Yes,No,Yes,1,Still enrolled,Health-Constrained,5.973,2.048,,20,0.0,Yes,Yes,Yes,Academic Tutoring / Catch-up,8000.0,2.107,0.6533
549,3,Kisumu Lakeside Secondary,13,Boy,4,Q4 — High,6,5.83,No access,0.0,Yes,-1.207,1,No,Low,4,0,0.265,No,Yes,Yes,1,Still enrolled,Stable Achievers,2.207,1.691,0.365,4,2.0,No,No,Yes,,,,0.9597
550,9,Kakamega Forest Secondary,14,Girl,4,Q4 — High,3,2.29,Personal device,2.0,No,-0.962,1,No,High,10,1,0.201,No,Yes,Yes,1,Still enrolled,Stable Achievers,1.962,0.515,0.301,30,2.0,No,No,No,,,,0.9846
551,12,Garissa Horizon Secondary,15,Girl,1,Q1 — Lowest,10,4.18,No access,0.0,Yes,-2.096,3,No,Low,11,1,0.318,No,No,No,0,Household Pressure,Academic Strugglers,5.096,2.209,0.568,11,1.0,No,Yes,Yes,School Fee Support,15000.0,3.735,0.7528
552,12,Garissa Horizon Secondary,15,Girl,3,Q3 — Middle,4,20.0,Shared device,1.0,No,-1.503,3,No,Moderate,10,0,0.278,No,No,No,0,Commute Distance,Health-Constrained,4.503,2.1,0.428,20,0.5,Yes,Yes,No,School Fee Support,15000.0,2.343,0.5994
553,3,Kisumu Lakeside Secondary,17,Boy,3,Q3 — Middle,4,15.86,Shared device,1.0,Yes,-0.786,2,No,High,18,0,0.271,No,No,Yes,1,Still enrolled,Health-Constrained,2.786,1.893,0.421,54,1.5,Yes,No,No,Health & Attendance Support,5000.0,2.629,0.597
554,1,Kilimani Day Secondary,16,Boy,2,Q2 — Low,2,11.54,No access,0.0,Yes,-1.76,1,No,High,16,0,0.305,No,No,No,0,Health Related,Health-Constrained,2.76,2.377,0.505,48,1.0,Yes,No,Yes,School Fee Support,15000.0,3.442,0.7128
555,13,Meru Mountain Secondary,17,Boy,2,Q2 — Low,5,2.14,No access,0.0,Yes,-1.83,3,No,Moderate,5,2,0.284,No,,Yes,1,Still enrolled,Academic Strugglers,4.83,1.907,0.484,10,,No,Yes,Yes,School Fee Support,15000.0,3.005,0.8337
556,3,Kisumu Lakeside Secondary,15,Boy,1,Q1 — Lowest,4,18.95,Shared device,1.0,Yes,-1.071,1,No,Low,8,2,0.291,No,Yes,Yes,1,Still enrolled,Academic Strugglers,2.071,2.447,0.541,8,2.5,Yes,No,No,School Fee Support,15000.0,3.683,0.6789
557,19,Isiolo North Secondary,15,Girl,4,Q4 — High,5,0.48,Shared device,1.0,Yes,0.46,0,No,Low,1,2,0.259,No,,Yes,1,Still enrolled,Stable Achievers,-0.46,0.924,0.359,1,,No,No,No,,,,0.9968
558,7,Eldoret Highlands Secondary,16,Boy,1,Q1 — Lowest,2,,,,No,-1.397,2,No,Low,3,1,0.298,No,No,Yes,1,Still enrolled,Academic Strugglers,3.397,,0.548,3,,No,No,No,School Fee Support,15000.0,3.239,0.3764
559,19,Isiolo North Secondary,15,Boy,3,Q3 — Middle,6,1.62,Shared device,1.0,Yes,-2.715,5,No,Low,11,1,0.222,Yes,No,No,0,Academic Performance,Academic Strugglers,7.715,1.181,0.372,11,1.5,No,Yes,No,Academic Tutoring / Catch-up,8000.0,2.526,0.8758
560,9,Kakamega Forest Secondary,17,Girl,5,Q5 — Highest,4,2.35,Shared device,1.0,No,0.085,2,No,High,18,0,0.148,No,No,Yes,1,Still enrolled,Health-Constrained,1.915,0.817,0.198,54,0.5,No,No,No,,,,0.9684
561,9,Kakamega Forest Secondary,15,Boy,4,Q4 — High,6,0.43,Shared device,1.0,Yes,0.049,1,No,Moderate,11,0,0.171,No,No,Yes,1,Still enrolled,Stable Achievers,0.951,0.921,0.271,22,1.5,No,No,No,,,,0.977
562,16,Kericho Highlands Secondary,16,Girl,1,Q1 — Lowest,3,2.76,No access,0.0,Yes,0.838,0,No,Moderate,7,0,0.27,No,No,Yes,1,Still enrolled,Academic Strugglers,-0.838,2.138,0.52,14,1.0,No,No,Yes,,,,0.9529
563,18,Narok Savannah Secondary,17,Boy,4,Q4 — High,4,4.91,No access,0.0,No,-0.327,1,No,Low,4,0,0.243,No,No,Yes,1,Still enrolled,Stable Achievers,1.327,1.645,0.343,4,0.0,No,No,Yes,,,,0.9352
564,4,Machakos Hilltop Secondary,16,Girl,3,Q3 — Middle,5,8.78,No access,0.0,No,-0.565,0,No,Low,4,2,0.257,No,No,Yes,1,Still enrolled,Academic Strugglers,0.565,2.039,0.407,4,0.0,Yes,No,Yes,,,,0.959
565,9,Kakamega Forest Secondary,14,Boy,4,Q4 — High,4,4.64,Personal device,2.0,Yes,0.142,1,No,Low,3,2,0.256,No,No,Yes,1,Still enrolled,Stable Achievers,0.858,0.632,0.356,3,2.0,No,No,No,,,,0.9762
566,3,Kisumu Lakeside Secondary,17,Girl,2,Q2 — Low,4,10.44,No access,0.0,Yes,-0.764,1,No,Low,4,2,0.263,No,No,Yes,1,Still enrolled,Academic Strugglers,1.764,2.322,0.463,4,1.0,Yes,No,Yes,School Fee Support,15000.0,2.719,0.8624
567,15,Embu Sunrise Secondary,17,Girl,5,Q5 — Highest,2,,Shared device,1.0,Yes,-0.62,2,No,Low,4,3,0.236,No,No,Yes,1,Still enrolled,Stable Achievers,2.62,,0.286,4,1.5,No,No,No,,,,0.9743
568,14,Bungoma West Secondary,15,Boy,3,Q3 — Middle,4,9.65,Personal device,2.0,No,0.623,1,No,Low,8,1,,No,No,Yes,1,Still enrolled,Stable Achievers,0.377,1.082,,8,1.0,Yes,No,No,,,,0.9661
569,3,Kisumu Lakeside Secondary,17,Girl,1,Q1 — Lowest,5,,Shared device,1.0,Yes,-0.809,1,No,Moderate,12,2,0.315,No,No,Yes,1,Still enrolled,Health-Constrained,1.809,,0.565,24,1.5,No,No,No,School Fee Support,15000.0,3.226,0.8642
570,18,Narok Savannah Secondary,14,Girl,2,Q2 — Low,4,3.38,Shared device,1.0,Yes,-1.034,1,No,Low,0,2,0.283,No,,Yes,1,Still enrolled,Academic Strugglers,2.034,1.469,0.483,0,,No,No,No,,,,0.92
571,20,Busia Border Secondary,15,Boy,1,Q1 — Lowest,7,11.01,No access,0.0,Yes,-2.839,4,No,Low,2,1,0.299,Yes,No,Yes,1,Still enrolled,Academic Strugglers,6.839,2.55,0.549,2,1.0,Yes,Yes,Yes,School Fee Support,15000.0,4.084,0.6286
572,18,Narok Savannah Secondary,16,Boy,1,Q1 — Lowest,2,3.44,No access,0.0,Yes,-2.636,4,No,Low,6,0,0.32,Yes,No,No,0,Academic Performance,Academic Strugglers,6.636,2.172,0.57,6,1.0,No,Yes,Yes,School Fee Support,15000.0,3.876,0.7394
573,17,Malindi Shore Secondary,13,Boy,1,Q1 — Lowest,5,7.23,Shared device,1.0,Yes,-1.491,2,No,Moderate,10,1,0.23,No,Yes,Yes,1,Still enrolled,Health-Constrained,3.491,1.861,0.48,20,2.5,No,No,No,School Fee Support,15000.0,2.642,0.8244
574,15,Embu Sunrise Secondary,17,Girl,1,Q1 — Lowest,3,11.21,No access,0.0,Yes,-1.073,0,Yes,Moderate,10,0,0.32,No,Yes,Yes,1,Still enrolled,Academic Strugglers,1.073,2.561,0.57,20,2.0,Yes,No,Yes,School Fee Support,15000.0,3.36,0.8798
575,6,Mombasa Coast Secondary,17,Girl,4,Q4 — High,7,1.8,Shared device,1.0,Yes,-0.392,0,Yes,Low,7,1,0.237,No,Yes,Yes,1,Still enrolled,Stable Achievers,0.392,0.99,0.337,7,2.5,No,No,No,,,,0.9787
576,20,Busia Border Secondary,17,Boy,3,Q3 — Middle,5,4.47,Shared device,1.0,Yes,-0.128,0,No,High,12,0,0.289,No,No,Yes,1,Still enrolled,Health-Constrained,0.128,1.323,0.439,36,1.5,No,No,No,,,,0.9698
577,7,Eldoret Highlands Secondary,13,Boy,2,Q2 — Low,4,14.7,No access,0.0,Yes,-1.878,3,No,Moderate,8,1,0.261,No,Yes,No,0,Commute Distance,Academic Strugglers,4.878,2.535,0.461,16,2.0,Yes,Yes,Yes,School Fee Support,15000.0,3.538,0.6568
578,11,Kitale Plains Secondary,13,Girl,3,Q3 — Middle,6,3.93,Shared device,1.0,Yes,-1.656,3,No,High,6,2,0.23,No,No,Yes,1,Still enrolled,Health-Constrained,4.656,1.297,0.38,18,1.5,No,Yes,No,,,,0.9312
579,15,Embu Sunrise Secondary,14,Boy,5,Q5 — Highest,4,4.85,Personal device,2.0,Yes,-0.942,2,Yes,Low,0,2,0.247,No,Yes,Yes,1,Still enrolled,Stable Achievers,2.942,0.442,0.297,0,3.0,No,No,No,,,,0.9865
580,16,Kericho Highlands Secondary,15,Boy,2,Q2 — Low,7,,No access,0.0,Yes,-1.662,1,No,Low,7,1,0.263,No,Yes,Yes,1,Still enrolled,Academic Strugglers,2.662,,0.463,7,2.0,No,No,Yes,School Fee Support,15000.0,2.778,0.9149
581,7,Eldoret Highlands Secondary,15,Boy,2,Q2 — Low,9,8.89,Shared device,1.0,Yes,-1.816,3,No,Low,5,1,,No,No,Yes,1,Still enrolled,Academic Strugglers,4.816,1.744,,5,1.5,Yes,Yes,No,Academic Tutoring / Catch-up,8000.0,2.637,0.8356
582,9,Kakamega Forest Secondary,13,Boy,1,Q1 — Lowest,3,5.42,No access,0.0,Yes,-3.909,7,No,High,13,0,0.229,Yes,No,Yes,1,Still enrolled,Health-Constrained,10.909,2.271,0.479,39,1.0,No,Yes,Yes,School Fee Support,15000.0,3.701,0.4882
583,10,Nyeri Ridge Secondary,16,Girl,1,Q1 — Lowest,4,1.99,No access,0.0,No,-0.299,0,No,Low,6,2,0.263,No,No,Yes,1,Still enrolled,Academic Strugglers,0.299,2.1,0.513,6,0.0,No,No,Yes,,,,0.9185
584,8,Thika Green Secondary,15,Boy,1,Q1 — Lowest,7,11.06,No access,0.0,No,-1.648,2,No,Moderate,5,0,0.309,No,No,Yes,1,Still enrolled,Academic Strugglers,3.648,2.553,0.559,10,0.0,Yes,No,Yes,School Fee Support,15000.0,3.626,0.731
585,7,Eldoret Highlands Secondary,14,Girl,3,Q3 — Middle,2,5.16,Personal device,2.0,No,-1.063,2,No,High,12,1,0.231,No,Yes,Yes,1,Still enrolled,Health-Constrained,3.063,0.858,0.381,36,2.0,No,No,No,,,,0.9112
586,19,Isiolo North Secondary,15,Boy,3,Q3 — Middle,3,10.27,No access,0.0,No,-2.498,5,No,Low,4,1,0.277,Yes,No,Yes,1,Still enrolled,Academic Strugglers,7.498,2.113,0.427,4,0.0,Yes,Yes,Yes,Academic Tutoring / Catch-up,8000.0,2.89,0.646
587,5,Nakuru Valley Secondary,15,Boy,3,Q3 — Middle,2,4.73,,,Yes,-1.824,2,No,High,16,1,0.295,No,No,No,0,Health Related,Health-Constrained,3.824,,0.445,48,,No,No,No,Health & Attendance Support,5000.0,2.461,0.9365
588,9,Kakamega Forest Secondary,14,Boy,4,Q4 — High,3,5.29,Shared device,1.0,Yes,-0.356,1,Yes,Moderate,11,1,0.265,No,No,No,0,Other,Stable Achievers,1.356,1.165,0.365,22,1.5,No,No,No,Health & Attendance Support,5000.0,0.816,0.9745
589,3,Kisumu Lakeside Secondary,16,Boy,1,Q1 — Lowest,10,5.89,Shared device,1.0,Yes,0.42,1,No,High,14,1,0.235,No,Yes,No,0,Health Related,Health-Constrained,0.58,1.794,0.485,42,2.5,No,No,No,School Fee Support,15000.0,2.278,0.8681
590,15,Embu Sunrise Secondary,17,Girl,3,Q3 — Middle,2,5.15,Personal device,2.0,Yes,-1.006,0,No,Low,3,2,0.191,No,No,Yes,1,Still enrolled,Stable Achievers,1.006,0.858,0.341,3,2.0,No,No,No,,,,0.9777
591,17,Malindi Shore Secondary,14,Girl,5,Q5 — Highest,6,5.31,Shared device,1.0,No,0.649,1,Yes,High,12,2,0.183,No,Yes,Yes,1,Still enrolled,Stable Achievers,0.351,0.966,0.233,36,1.5,No,No,No,,,,0.9768
592,10,Nyeri Ridge Secondary,16,Girl,3,Q3 — Middle,3,11.74,Shared device,1.0,Yes,-1.26,2,No,Low,6,0,0.236,No,No,Yes,1,Still enrolled,Academic Strugglers,3.26,1.687,0.386,6,1.5,Yes,No,No,Academic Tutoring / Catch-up,8000.0,1.464,0.8319
593,2,Nyandarua Mixed Secondary,13,Boy,4,Q4 — High,2,10.36,No access,0.0,Yes,-0.074,2,No,Low,6,2,0.177,No,Yes,Yes,1,Still enrolled,Stable Achievers,2.074,1.918,0.277,6,2.0,Yes,No,Yes,,,,0.9417
594,3,Kisumu Lakeside Secondary,14,Boy,3,Q3 — Middle,5,,Shared device,1.0,No,-0.588,2,No,High,12,0,0.239,No,No,Yes,1,Still enrolled,Health-Constrained,2.588,,0.389,36,0.5,No,No,No,,,,0.8389
595,6,Mombasa Coast Secondary,15,Girl,1,Q1 — Lowest,10,3.59,No access,0.0,No,-0.244,1,No,Moderate,6,2,0.256,No,No,Yes,1,Still enrolled,Academic Strugglers,1.244,2.18,0.506,12,0.0,No,No,Yes,,,,0.9091
596,3,Kisumu Lakeside Secondary,16,Girl,5,Q5 — Highest,3,3.9,Personal device,2.0,Yes,-0.924,2,No,Moderate,11,2,0.177,No,No,Yes,1,Still enrolled,Stable Achievers,2.924,0.395,0.227,22,2.0,No,No,No,,,,0.9728
597,5,Nakuru Valley Secondary,14,Girl,2,Q2 — Low,2,5.37,No access,0.0,No,-2.702,3,No,Low,7,0,0.292,No,No,No,0,Academic Performance,Academic Strugglers,5.702,2.069,0.492,7,0.0,No,Yes,Yes,School Fee Support,15000.0,3.422,0.7871
598,11,Kitale Plains Secondary,14,Girl,1,Q1 — Lowest,6,7.04,No access,0.0,Yes,-1.576,1,No,High,15,1,0.269,No,No,Yes,1,Still enrolled,Health-Constrained,2.576,2.352,0.519,45,1.0,No,No,Yes,School Fee Support,15000.0,3.315,0.8355
599,12,Garissa Horizon Secondary,17,Girl,3,Q3 — Middle,1,4.2,Shared device,1.0,Yes,-1.644,3,No,Low,5,1,0.253,No,Yes,Yes,1,Still enrolled,Stable Achievers,4.644,1.31,0.403,5,2.5,No,Yes,No,Academic Tutoring / Catch-up,8000.0,1.744,0.97
600,15,Embu Sunrise Secondary,14,Girl,1,Q1 — Lowest,8,13.15,No access,0.0,Yes,-1.3,1,Yes,Low,5,0,0.319,No,Yes,Yes,1,Still enrolled,Academic Strugglers,2.3,2.657,0.569,5,2.0,Yes,No,Yes,School Fee Support,15000.0,3.538,0.8466
601,19,Isiolo North Secondary,14,Boy,2,Q2 — Low,10,,Shared device,1.0,No,-1.39,3,No,Low,6,0,0.215,No,Yes,Yes,1,Still enrolled,Academic Strugglers,4.39,,0.415,6,1.5,No,Yes,No,Academic Tutoring / Catch-up,8000.0,1.992,0.9176
602,15,Embu Sunrise Secondary,16,Girl,3,Q3 — Middle,4,3.39,No access,0.0,No,-0.216,1,No,Low,3,0,0.271,No,No,No,0,Psychosocial,Academic Strugglers,1.216,1.769,0.421,3,0.0,No,No,Yes,School Fee Support,15000.0,0.998,0.9544
603,10,Nyeri Ridge Secondary,13,Girl,1,Q1 — Lowest,4,17.15,,,Yes,-3.177,4,No,Moderate,8,3,0.319,Yes,No,No,0,Academic Performance,Academic Strugglers,7.177,,0.569,16,,Yes,Yes,No,School Fee Support,15000.0,4.651,0.3912
604,7,Eldoret Highlands Secondary,16,Girl,4,Q4 — High,1,14.83,Personal device,2.0,No,-0.521,1,No,Moderate,9,0,0.234,No,Yes,Yes,1,Still enrolled,Stable Achievers,1.521,1.141,0.334,18,2.0,Yes,No,No,,,,0.8758
605,18,Narok Savannah Secondary,15,Girl,1,Q1 — Lowest,8,1.5,Shared device,1.0,No,-2.814,2,No,Moderate,11,0,0.269,No,No,No,0,Household Pressure,Health-Constrained,4.814,1.575,0.519,22,0.5,No,No,No,School Fee Support,15000.0,3.407,0.6662
606,1,Kilimani Day Secondary,16,Girl,3,Q3 — Middle,2,15.61,No access,0.0,Yes,-2.074,4,Yes,Low,6,1,0.192,Yes,No,Yes,1,Still enrolled,Academic Strugglers,6.074,2.381,0.342,6,1.0,Yes,Yes,Yes,Academic Tutoring / Catch-up,8000.0,2.601,0.7041
607,15,Embu Sunrise Secondary,17,Girl,3,Q3 — Middle,6,2.0,No access,0.0,Yes,-0.441,1,No,Moderate,9,0,0.246,No,No,Yes,1,Still enrolled,Health-Constrained,1.441,1.7,0.396,18,1.0,No,No,Yes,,,,0.965
608,11,Kitale Plains Secondary,14,Girl,2,Q2 — Low,9,5.25,Shared device,1.0,Yes,-2.335,4,No,Low,6,0,0.2,Yes,No,Yes,1,Still enrolled,Academic Strugglers,6.335,1.563,0.4,6,1.5,No,Yes,No,Academic Tutoring / Catch-up,8000.0,2.543,0.8562
609,10,Nyeri Ridge Secondary,14,Girl,5,Q5 — Highest,2,1.12,No access,0.0,No,-0.369,0,No,Low,4,1,0.184,No,No,Yes,1,Still enrolled,Stable Achievers,0.369,1.256,0.234,4,0.0,No,No,Yes,,,,0.9824
610,4,Machakos Hilltop Secondary,13,Girl,4,Q4 — High,7,7.24,Personal device,2.0,Yes,-2.116,3,No,Low,6,1,0.205,No,No,Yes,1,Still enrolled,Stable Achievers,5.116,0.762,0.305,6,2.0,No,Yes,No,,,,0.9034
611,6,Mombasa Coast Secondary,16,Girl,3,Q3 — Middle,8,8.12,Personal device,2.0,Yes,0.254,1,Yes,Low,3,1,0.195,No,No,Yes,1,Still enrolled,Stable Achievers,0.746,1.006,0.345,3,2.0,Yes,No,No,,,,0.9647
612,7,Eldoret Highlands Secondary,15,Girl,3,Q3 — Middle,3,3.93,No access,0.0,Yes,-0.065,0,No,Low,7,1,0.308,No,Yes,Yes,1,Still enrolled,Stable Achievers,0.065,1.797,0.458,7,2.0,No,No,Yes,,,,0.9599
613,1,Kilimani Day Secondary,17,Girl,4,Q4 — High,2,0.22,Shared device,1.0,No,-0.617,2,No,Moderate,10,0,0.179,No,Yes,Yes,1,Still enrolled,Stable Achievers,2.617,0.911,0.279,20,1.5,No,No,No,,,,0.9709
614,12,Garissa Horizon Secondary,16,Boy,1,Q1 — Lowest,6,7.35,,,No,-0.713,2,No,Low,5,1,0.32,No,No,Yes,1,Still enrolled,Academic Strugglers,2.713,,0.57,5,,No,No,No,School Fee Support,15000.0,3.298,0.8726
615,12,Garissa Horizon Secondary,17,Boy,4,Q4 — High,6,4.72,No access,0.0,Yes,0.519,0,Yes,Moderate,10,2,0.18,No,Yes,Yes,1,Still enrolled,Stable Achievers,-0.519,1.636,0.28,20,2.0,No,No,Yes,,,,0.984
616,8,Thika Green Secondary,17,Boy,2,Q2 — Low,5,,No access,0.0,Yes,-1.785,2,No,Low,3,0,0.218,No,No,Yes,1,Still enrolled,Academic Strugglers,3.785,,0.418,3,1.0,No,No,Yes,Academic Tutoring / Catch-up,8000.0,1.776,0.9446
617,19,Isiolo North Secondary,17,Girl,1,Q1 — Lowest,7,12.78,No access,0.0,Yes,-1.405,1,No,High,15,2,0.254,No,No,Yes,1,Still enrolled,Health-Constrained,2.405,2.639,0.504,45,1.0,Yes,No,Yes,School Fee Support,15000.0,2.888,0.7986
618,10,Nyeri Ridge Secondary,17,Girl,2,Q2 — Low,7,5.17,,,Yes,-3.076,4,No,Low,2,1,0.312,Yes,No,Yes,1,Still enrolled,Academic Strugglers,7.076,,0.512,2,,No,Yes,No,School Fee Support,15000.0,3.631,0.7
619,2,Nyandarua Mixed Secondary,17,Girl,2,Q2 — Low,5,14.14,Shared device,1.0,Yes,-0.856,1,No,Moderate,7,0,0.297,No,No,Yes,1,Still enrolled,Academic Strugglers,1.856,2.007,0.497,14,1.5,Yes,No,No,School Fee Support,15000.0,3.125,0.8012
620,2,Nyandarua Mixed Secondary,17,Boy,5,Q5 — Highest,2,4.77,Shared device,1.0,Yes,0.103,1,No,Low,8,1,0.163,No,No,Yes,1,Still enrolled,Stable Achievers,0.897,0.938,0.213,8,1.5,No,No,No,,,,0.9865
621,8,Thika Green Secondary,14,Boy,2,Q2 — Low,12,1.75,No access,0.0,Yes,0.464,2,Yes,High,7,0,0.217,No,No,Yes,1,Still enrolled,Health-Constrained,1.536,1.888,0.417,21,1.0,No,No,Yes,,,,0.9322
622,4,Machakos Hilltop Secondary,14,Girl,2,Q2 — Low,7,2.37,,,Yes,-1.091,1,Yes,Low,10,1,0.282,No,Yes,Yes,1,Still enrolled,Academic Strugglers,2.091,,0.482,10,,No,No,No,School Fee Support,15000.0,2.645,0.9633
623,18,Narok Savannah Secondary,15,Boy,4,Q4 — High,4,5.34,No access,0.0,Yes,-1.77,3,No,Moderate,14,0,0.239,No,No,No,0,Other,Health-Constrained,4.77,1.667,0.339,28,1.0,No,Yes,Yes,Health & Attendance Support,5000.0,2.104,0.8855
624,17,Malindi Shore Secondary,17,Girl,4,Q4 — High,4,5.05,Shared device,1.0,No,-1.133,1,No,Low,7,0,0.175,No,No,Yes,1,Still enrolled,Stable Achievers,2.133,1.153,0.275,7,0.5,No,No,No,,,,0.94
625,20,Busia Border Secondary,13,Boy,2,Q2 — Low,5,6.74,No access,0.0,Yes,-2.097,3,No,Low,5,1,0.286,No,No,Yes,1,Still enrolled,Academic Strugglers,5.097,2.137,0.486,5,1.0,No,Yes,Yes,School Fee Support,15000.0,3.281,0.9057
626,11,Kitale Plains Secondary,17,Girl,4,Q4 — High,3,11.94,Shared device,1.0,No,-0.787,1,No,Low,3,2,0.268,No,No,Yes,1,Still enrolled,Stable Achievers,1.787,1.497,0.368,3,0.5,Yes,No,No,,,,0.9591
627,10,Nyeri Ridge Secondary,14,Girl,1,Q1 — Lowest,4,,Personal device,2.0,Yes,-1.306,2,No,Low,5,2,0.306,No,No,Yes,1,Still enrolled,Academic Strugglers,3.306,,0.556,5,2.0,No,No,No,School Fee Support,15000.0,3.295,0.7658
628,18,Narok Savannah Secondary,14,Boy,4,Q4 — High,3,19.93,Shared device,1.0,Yes,-0.052,1,No,Low,3,0,0.162,No,No,Yes,1,Still enrolled,Stable Achievers,1.052,1.897,0.262,3,1.5,Yes,No,No,,,,0.8356
629,13,Meru Mountain Secondary,14,Boy,1,Q1 — Lowest,6,8.07,Shared device,1.0,Yes,-3.921,5,No,Low,3,1,0.257,Yes,No,Yes,1,Still enrolled,Academic Strugglers,8.921,1.904,0.507,3,1.5,Yes,Yes,No,School Fee Support,15000.0,3.479,0.482
630,18,Narok Savannah Secondary,13,Girl,1,Q1 — Lowest,1,9.02,No access,0.0,Yes,-3.795,5,No,Low,2,2,0.32,Yes,No,No,0,Academic Performance,Academic Strugglers,8.795,2.451,0.57,2,1.0,Yes,Yes,Yes,School Fee Support,15000.0,4.452,0.5389
631,4,Machakos Hilltop Secondary,14,Girl,5,Q5 — Highest,7,8.37,Shared device,1.0,Yes,-0.082,1,No,Low,3,3,0.167,No,No,Yes,1,Still enrolled,Stable Achievers,1.082,1.119,0.217,3,1.5,Yes,No,No,,,,0.9842
632,4,Machakos Hilltop Secondary,13,Girl,5,Q5 — Highest,1,12.93,Shared device,1.0,Yes,1.118,0,No,Low,7,3,0.186,No,Yes,Yes,1,Still enrolled,Stable Achievers,-1.118,1.347,0.236,7,2.5,Yes,No,No,,,,0.99
633,2,Nyandarua Mixed Secondary,17,Boy,3,Q3 — Middle,4,2.29,Personal device,2.0,No,-1.297,0,No,Low,4,2,0.271,No,No,Yes,1,Still enrolled,Stable Achievers,1.297,0.714,0.421,4,1.0,No,No,No,,,,0.9477
634,8,Thika Green Secondary,16,Boy,2,Q2 — Low,5,5.81,Shared device,1.0,Yes,-0.936,2,No,Low,6,1,0.235,No,No,Yes,1,Still enrolled,Academic Strugglers,2.936,1.591,0.435,6,1.5,No,No,No,School Fee Support,15000.0,1.745,0.9243
635,16,Kericho Highlands Secondary,16,Boy,4,Q4 — High,5,0.8,No access,0.0,Yes,-2.219,3,No,Moderate,8,1,0.273,No,No,Yes,1,Still enrolled,Health-Constrained,5.219,1.44,0.373,16,1.0,No,Yes,Yes,,,,0.9041
636,11,Kitale Plains Secondary,17,Girl,2,Q2 — Low,4,13.75,No access,0.0,Yes,-1.123,1,No,High,15,0,0.275,No,No,No,0,Health Related,Health-Constrained,2.123,2.488,0.475,45,1.0,Yes,No,Yes,School Fee Support,15000.0,3.239,0.8257
637,11,Kitale Plains Secondary,13,Girl,3,Q3 — Middle,7,8.49,Shared device,1.0,Yes,-2.133,2,No,Low,6,0,0.262,No,No,Yes,1,Still enrolled,Academic Strugglers,4.133,1.524,0.412,6,1.5,Yes,No,No,School Fee Support,15000.0,1.886,0.8428
638,2,Nyandarua Mixed Secondary,14,Girl,1,Q1 — Lowest,7,5.44,No access,0.0,Yes,-2.067,4,No,Low,6,0,0.277,Yes,No,No,0,Academic Performance,Academic Strugglers,6.067,2.272,0.527,6,1.0,No,Yes,Yes,School Fee Support,15000.0,3.646,0.5825
639,3,Kisumu Lakeside Secondary,17,Girl,3,Q3 — Middle,7,6.2,No access,0.0,No,0.254,1,Yes,Moderate,10,0,0.215,No,No,No,0,Psychosocial,Health-Constrained,0.746,1.91,0.365,20,0.0,No,No,Yes,Health & Attendance Support,5000.0,1.314,0.8937
640,2,Nyandarua Mixed Secondary,17,Girl,1,Q1 — Lowest,4,20.0,Shared device,1.0,Yes,-1.7,2,No,Low,4,1,0.285,No,No,No,0,Commute Distance,Academic Strugglers,3.7,2.5,0.535,4,1.5,Yes,No,No,School Fee Support,15000.0,3.912,0.5529
641,8,Thika Green Secondary,14,Boy,2,Q2 — Low,6,5.05,No access,0.0,No,-1.322,4,No,Low,3,1,0.274,Yes,No,No,0,Academic Performance,Academic Strugglers,5.322,2.053,0.474,3,0.0,No,Yes,Yes,School Fee Support,15000.0,3.083,0.7576
642,17,Malindi Shore Secondary,14,Boy,1,Q1 — Lowest,2,14.56,No access,0.0,Yes,-1.427,2,No,Low,5,1,0.32,No,Yes,Yes,1,Still enrolled,Academic Strugglers,3.427,2.728,0.57,5,2.0,Yes,No,Yes,School Fee Support,15000.0,3.783,0.795
643,15,Embu Sunrise Secondary,13,Girl,4,Q4 — High,6,5.89,No access,0.0,Yes,-1.26,3,No,Low,2,2,0.272,No,No,Yes,1,Still enrolled,Academic Strugglers,4.26,1.694,0.372,2,1.0,No,Yes,Yes,,,,0.9234
644,17,Malindi Shore Secondary,16,Girl,3,Q3 — Middle,4,6.51,No access,0.0,Yes,-0.466,0,No,Low,7,0,0.205,No,,Yes,1,Still enrolled,Stable Achievers,0.466,1.925,0.355,7,,No,No,Yes,,,,0.9622
645,6,Mombasa Coast Secondary,16,Girl,4,Q4 — High,2,0.95,Personal device,2.0,Yes,-0.075,0,No,High,13,1,0.164,No,No,Yes,1,Still enrolled,Stable Achievers,0.075,0.448,0.264,39,2.0,No,No,No,,,,0.9881
646,8,Thika Green Secondary,13,Boy,4,Q4 — High,3,2.51,Personal device,2.0,No,-1.776,3,No,Low,7,1,0.193,No,No,Yes,1,Still enrolled,Stable Achievers,4.776,0.526,0.293,7,1.0,No,Yes,No,,,,0.9717
647,20,Busia Border Secondary,16,Girl,1,Q1 — Lowest,5,0.66,Shared device,1.0,No,-3.764,6,No,Moderate,8,0,0.26,Yes,No,No,0,Academic Performance,Academic Strugglers,9.764,1.533,0.51,16,0.5,No,Yes,No,School Fee Support,15000.0,4.079,0.5114
648,15,Embu Sunrise Secondary,16,Girl,5,Q5 — Highest,2,5.17,No access,0.0,Yes,0.546,1,No,High,17,0,0.158,No,No,Yes,1,Still enrolled,Stable Achievers,0.454,1.459,0.208,51,1.0,No,No,Yes,,,,0.9689
649,14,Bungoma West Secondary,14,Girl,4,Q4 — High,3,,Shared device,1.0,No,-0.26,1,Yes,Low,5,1,0.163,No,No,Yes,1,Still enrolled,Stable Achievers,1.26,,0.263,5,0.5,No,No,No,,,,0.9371
650,11,Kitale Plains Secondary,13,Girl,2,Q2 — Low,3,1.16,No access,0.0,Yes,-1.303,1,Yes,Moderate,18,0,,No,No,Yes,1,Still enrolled,Health-Constrained,2.303,1.858,,36,1.0,No,No,Yes,Health & Attendance Support,5000.0,2.233,0.9428
651,3,Kisumu Lakeside Secondary,14,Boy,3,Q3 — Middle,3,15.58,No access,0.0,Yes,0.69,0,Yes,Low,7,1,,No,No,Yes,1,Still enrolled,Stable Achievers,-0.69,2.379,,7,1.0,Yes,No,Yes,,,,0.9093
652,15,Embu Sunrise Secondary,15,Girl,1,Q1 — Lowest,6,6.91,No access,0.0,Yes,-1.255,2,No,Low,5,0,0.313,No,No,Yes,1,Still enrolled,Academic Strugglers,3.255,2.345,0.563,5,1.0,No,No,Yes,School Fee Support,15000.0,3.37,0.7535
653,8,Thika Green Secondary,15,Boy,1,Q1 — Lowest,5,,No access,0.0,Yes,-1.456,4,No,Low,4,1,0.271,Yes,Yes,Yes,1,Still enrolled,Academic Strugglers,5.456,,0.521,4,2.0,No,Yes,Yes,School Fee Support,15000.0,3.454,0.8809
654,7,Eldoret Highlands Secondary,14,Boy,2,Q2 — Low,5,2.16,No access,0.0,Yes,-2.243,3,No,Moderate,11,0,0.317,No,,Yes,1,Still enrolled,Health-Constrained,5.243,1.908,0.517,22,,No,Yes,Yes,School Fee Support,15000.0,3.376,0.7739
655,15,Embu Sunrise Secondary,15,Boy,3,Q3 — Middle,5,19.48,Shared device,1.0,Yes,-0.006,1,No,Low,6,2,0.238,No,No,Yes,1,Still enrolled,Academic Strugglers,1.006,2.074,0.388,6,1.5,Yes,No,No,,,,0.8848
656,10,Nyeri Ridge Secondary,16,Girl,1,Q1 — Lowest,6,14.58,No access,0.0,Yes,-1.252,3,Yes,Moderate,10,0,0.292,No,No,No,0,Financial Instability,Academic Strugglers,4.252,2.729,0.542,20,1.0,Yes,Yes,Yes,School Fee Support,15000.0,3.878,0.5912
657,4,Machakos Hilltop Secondary,17,Girl,5,Q5 — Highest,4,3.56,Personal device,2.0,Yes,-0.131,1,Yes,Low,7,1,0.185,No,No,Yes,1,Still enrolled,Stable Achievers,1.131,0.378,0.235,7,2.0,No,No,No,,,,0.9759
658,18,Narok Savannah Secondary,17,Girl,5,Q5 — Highest,2,6.64,,,Yes,0.382,0,No,Low,2,0,0.209,No,No,Yes,1,Still enrolled,Stable Achievers,-0.382,,0.259,2,,No,No,No,,,,0.9324
659,8,Thika Green Secondary,16,Boy,2,Q2 — Low,4,1.74,No access,0.0,Yes,-1.697,3,No,Moderate,12,0,0.252,No,No,Yes,1,Still enrolled,Health-Constrained,4.697,1.887,0.452,24,1.0,No,Yes,Yes,School Fee Support,15000.0,2.468,0.8688
660,17,Malindi Shore Secondary,14,Boy,4,Q4 — High,7,1.37,Shared device,1.0,Yes,-0.943,2,No,Moderate,7,2,0.205,No,No,Yes,1,Still enrolled,Stable Achievers,2.943,0.969,0.305,14,1.5,No,No,No,,,,0.9573
661,9,Kakamega Forest Secondary,14,Boy,3,Q3 — Middle,4,4.95,Personal device,2.0,Yes,0.01,1,No,Low,4,1,0.215,No,No,No,0,Psychosocial,Stable Achievers,0.99,0.848,0.365,4,2.0,No,No,No,School Fee Support,15000.0,0.298,0.9722
662,7,Eldoret Highlands Secondary,17,Girl,1,Q1 — Lowest,2,8.1,,,Yes,-1.57,3,No,Low,3,1,0.238,No,No,Yes,1,Still enrolled,Academic Strugglers,4.57,,0.488,3,,Yes,Yes,No,School Fee Support,15000.0,2.719,0.8052
663,17,Malindi Shore Secondary,14,Boy,3,Q3 — Middle,7,4.6,Personal device,2.0,No,-0.092,1,No,Low,5,1,0.263,No,No,Yes,1,Still enrolled,Stable Achievers,1.092,0.83,0.413,5,1.0,No,No,No,,,,0.9437
664,18,Narok Savannah Secondary,15,Girl,1,Q1 — Lowest,4,12.41,Shared device,1.0,Yes,-1.172,1,No,Low,5,0,0.289,No,No,Yes,1,Still enrolled,Academic Strugglers,2.172,2.121,0.539,5,1.5,Yes,No,No,School Fee Support,15000.0,3.34,0.7672
665,7,Eldoret Highlands Secondary,17,Boy,3,Q3 — Middle,5,1.52,Shared device,1.0,Yes,-2.087,4,No,Low,5,2,0.207,Yes,No,Yes,1,Still enrolled,Academic Strugglers,6.087,1.176,0.357,5,1.5,No,Yes,No,,,,0.8193
666,8,Thika Green Secondary,14,Girl,4,Q4 — High,3,3.09,Shared device,1.0,No,-1.724,4,No,Moderate,7,1,0.278,Yes,No,Yes,1,Still enrolled,Stable Achievers,5.724,1.054,0.378,14,0.5,No,Yes,No,,,,0.8901
667,12,Garissa Horizon Secondary,16,Girl,1,Q1 — Lowest,8,17.65,No access,0.0,Yes,-0.935,1,No,Low,2,1,0.32,No,No,Yes,1,Still enrolled,Academic Strugglers,1.935,2.882,0.57,2,1.0,Yes,No,Yes,School Fee Support,15000.0,3.598,0.6848
668,14,Bungoma West Secondary,14,Girl,1,Q1 — Lowest,4,,No access,0.0,Yes,-2.354,4,No,Low,3,1,0.265,Yes,No,Yes,1,Still enrolled,Academic Strugglers,6.354,,0.515,3,1.0,No,Yes,Yes,School Fee Support,15000.0,3.606,0.7119
669,11,Kitale Plains Secondary,14,Girl,2,Q2 — Low,0,11.49,,,Yes,-1.604,2,No,Low,9,2,0.32,No,Yes,Yes,1,Still enrolled,Academic Strugglers,3.604,,0.52,9,,Yes,No,No,School Fee Support,15000.0,3.471,0.9246
670,15,Embu Sunrise Secondary,13,Boy,1,Q1 — Lowest,5,13.28,No access,0.0,Yes,-0.99,1,No,Low,5,3,0.32,No,Yes,Yes,1,Still enrolled,Academic Strugglers,1.99,2.664,0.57,5,2.0,Yes,No,Yes,School Fee Support,15000.0,3.478,0.8721
671,17,Malindi Shore Secondary,17,Boy,1,Q1 — Lowest,3,5.64,No access,0.0,Yes,-1.07,1,No,Low,5,1,0.228,No,No,Yes,1,Still enrolled,Academic Strugglers,2.07,2.282,0.478,5,1.0,No,No,Yes,School Fee Support,15000.0,2.281,0.9145
672,9,Kakamega Forest Secondary,13,Girl,4,Q4 — High,6,6.93,Shared device,1.0,Yes,-0.455,1,No,Low,4,2,0.248,No,No,Yes,1,Still enrolled,Stable Achievers,1.455,1.246,0.348,4,1.5,No,No,No,,,,0.9645
673,17,Malindi Shore Secondary,17,Girl,1,Q1 — Lowest,2,4.1,No access,0.0,Yes,-0.325,1,No,Low,4,2,0.298,No,No,Yes,1,Still enrolled,Academic Strugglers,1.325,2.205,0.548,4,1.0,No,No,Yes,School Fee Support,15000.0,2.793,0.9188
674,17,Malindi Shore Secondary,17,Girl,4,Q4 — High,1,8.35,No access,0.0,Yes,0.754,1,No,High,11,2,0.225,No,No,Yes,1,Still enrolled,Stable Achievers,0.246,1.818,0.325,33,1.0,Yes,No,Yes,,,,0.9739
675,20,Busia Border Secondary,13,Girl,2,Q2 — Low,2,,,,Yes,0.23,1,No,Low,2,3,0.248,No,Yes,Yes,1,Still enrolled,Academic Strugglers,0.77,,0.448,2,,No,No,No,,,,0.9733
676,10,Nyeri Ridge Secondary,13,Girl,2,Q2 — Low,5,2.22,Shared device,1.0,Yes,-1.786,3,No,High,17,0,0.32,No,No,Yes,1,Still enrolled,Health-Constrained,4.786,1.411,0.52,51,1.5,No,Yes,No,School Fee Support,15000.0,3.416,0.747
677,17,Malindi Shore Secondary,17,Boy,4,Q4 — High,3,1.17,No access,0.0,No,-0.454,0,Yes,Low,6,0,0.259,No,No,Yes,1,Still enrolled,Stable Achievers,0.454,1.458,0.359,6,0.0,No,No,Yes,,,,0.9625
678,20,Busia Border Secondary,16,Boy,5,Q5 — Highest,1,5.78,Personal device,2.0,Yes,-0.066,0,No,Low,3,1,0.165,No,No,Yes,1,Still enrolled,Stable Achievers,0.066,0.489,0.215,3,2.0,No,No,No,,,,0.9959
679,19,Isiolo North Secondary,15,Girl,2,Q2 — Low,8,5.39,Personal device,2.0,No,-0.255,0,No,Low,7,0,0.305,No,Yes,Yes,1,Still enrolled,Academic Strugglers,0.255,1.07,0.505,7,2.0,No,No,No,,,,0.9486
680,19,Isiolo North Secondary,16,Boy,2,Q2 — Low,4,,No access,0.0,No,-0.918,1,No,Low,5,1,0.283,No,No,No,0,Commute Distance,Academic Strugglers,1.918,,0.483,5,0.0,No,No,Yes,School Fee Support,15000.0,2.656,0.9007
681,8,Thika Green Secondary,16,Boy,3,Q3 — Middle,7,11.03,No access,0.0,Yes,-0.996,1,No,Low,7,1,0.225,No,No,Yes,1,Still enrolled,Academic Strugglers,1.996,2.152,0.375,7,1.0,Yes,No,Yes,,,,0.9376
682,19,Isiolo North Secondary,15,Boy,1,Q1 — Lowest,7,3.16,,,No,-0.018,1,No,Low,4,0,0.24,No,No,Yes,1,Still enrolled,Academic Strugglers,1.018,,0.49,4,,No,No,No,,,,0.8992
683,9,Kakamega Forest Secondary,16,Girl,1,Q1 — Lowest,3,1.99,No access,0.0,Yes,-1.003,0,Yes,Low,9,0,0.268,No,No,Yes,1,Still enrolled,Academic Strugglers,1.003,2.1,0.518,9,1.0,No,No,Yes,School Fee Support,15000.0,2.674,0.9607
684,19,Isiolo North Secondary,15,Boy,1,Q1 — Lowest,4,2.94,No access,0.0,No,-2.504,2,No,High,19,0,0.32,No,,Yes,1,Still enrolled,Health-Constrained,4.504,2.147,0.57,57,,No,No,Yes,School Fee Support,15000.0,3.803,0.8214
685,17,Malindi Shore Secondary,13,Boy,2,Q2 — Low,4,11.71,Personal device,2.0,No,0.007,1,Yes,High,12,0,0.289,No,No,Yes,1,Still enrolled,Health-Constrained,0.993,1.385,0.489,36,1.0,Yes,No,No,School Fee Support,15000.0,2.894,0.9098
686,3,Kisumu Lakeside Secondary,13,Boy,3,Q3 — Middle,5,3.38,No access,0.0,Yes,-0.191,0,No,Low,9,1,0.192,No,No,Yes,1,Still enrolled,Stable Achievers,0.191,1.769,0.342,9,1.0,No,No,Yes,,,,0.9407
687,3,Kisumu Lakeside Secondary,16,Girl,3,Q3 — Middle,3,8.83,Personal device,2.0,Yes,-1.246,3,No,High,25,0,0.19,No,No,Yes,1,Still enrolled,Health-Constrained,4.246,1.042,0.34,75,2.0,Yes,Yes,No,Health & Attendance Support,5000.0,2.4,0.7032
688,13,Meru Mountain Secondary,13,Boy,5,Q5 — Highest,2,3.49,Shared device,1.0,Yes,0.415,0,Yes,Low,9,0,0.194,No,No,Yes,1,Still enrolled,Stable Achievers,-0.415,0.875,0.244,9,1.5,No,No,No,,,,0.9857
689,5,Nakuru Valley Secondary,13,Boy,2,Q2 — Low,6,,Personal device,2.0,Yes,-0.952,2,No,Moderate,11,1,0.216,No,No,Yes,1,Still enrolled,Health-Constrained,2.952,,0.416,22,2.0,No,No,No,Health & Attendance Support,5000.0,1.759,0.9551
690,15,Embu Sunrise Secondary,16,Girl,4,Q4 — High,2,2.58,Personal device,2.0,Yes,-2.991,4,No,Low,7,1,0.204,Yes,No,Yes,1,Still enrolled,Stable Achievers,6.991,0.529,0.304,7,2.0,No,Yes,No,,,,0.8918
691,16,Kericho Highlands Secondary,13,Girl,3,Q3 — Middle,4,8.48,Personal device,2.0,Yes,-1.213,2,No,Moderate,8,2,0.202,No,No,Yes,1,Still enrolled,Stable Achievers,3.213,1.024,0.352,16,2.0,Yes,No,No,,,,0.9086
692,11,Kitale Plains Secondary,17,Girl,5,Q5 — Highest,4,0.39,No access,0.0,Yes,0.029,1,Yes,Low,4,0,0.162,No,No,Yes,1,Still enrolled,Stable Achievers,0.971,1.219,0.212,4,1.0,No,No,Yes,,,,0.9928
693,16,Kericho Highlands Secondary,14,Girl,5,Q5 — Highest,5,7.61,Shared device,1.0,No,0.803,0,No,Low,5,1,0.244,No,No,Yes,1,Still enrolled,Stable Achievers,-0.803,1.081,0.294,5,0.5,No,No,No,,,,0.9429
694,11,Kitale Plains Secondary,15,Boy,2,Q2 — Low,6,13.32,No access,0.0,No,-1.675,2,No,Low,1,1,0.28,No,,Yes,1,Still enrolled,Academic Strugglers,3.675,2.466,0.48,1,,Yes,No,Yes,School Fee Support,15000.0,3.218,0.8958
695,12,Garissa Horizon Secondary,15,Girl,2,Q2 — Low,5,10.82,Personal device,2.0,Yes,-0.925,2,No,Low,5,1,,No,No,Yes,1,Still enrolled,Academic Strugglers,2.925,1.341,,5,2.0,Yes,No,No,Academic Tutoring / Catch-up,8000.0,1.595,0.9082
696,5,Nakuru Valley Secondary,14,Boy,4,Q4 — High,5,4.99,Personal device,2.0,Yes,-0.165,2,No,Low,3,1,0.195,No,Yes,Yes,1,Still enrolled,Stable Achievers,2.165,0.65,0.295,3,3.0,No,No,No,,,,0.9934
697,12,Garissa Horizon Secondary,16,Girl,1,Q1 — Lowest,3,6.83,,,No,-0.174,0,Yes,Low,0,0,0.237,No,No,Yes,1,Still enrolled,Academic Strugglers,0.174,,0.487,0,,No,No,No,,,,0.9594
698,4,Machakos Hilltop Secondary,17,Boy,4,Q4 — High,5,4.16,,,No,0.26,1,No,Low,3,2,0.188,No,No,Yes,1,Still enrolled,Stable Achievers,0.74,,0.288,3,,No,No,No,,,,0.9818
699,13,Meru Mountain Secondary,14,Girl,4,Q4 — High,5,2.06,,,Yes,-1.506,2,Yes,Moderate,5,2,0.183,No,Yes,Yes,1,Still enrolled,Stable Achievers,3.506,,0.283,10,,No,No,No,,,,0.9784
700,16,Kericho Highlands Secondary,13,Boy,4,Q4 — High,4,0.34,No access,0.0,Yes,-0.561,1,No,Low,2,3,0.259,No,Yes,Yes,1,Still enrolled,Stable Achievers,1.561,1.417,0.359,2,2.0,No,No,Yes,,,,0.9803
701,16,Kericho Highlands Secondary,16,Boy,1,Q1 — Lowest,3,6.11,Shared device,1.0,Yes,-0.775,2,No,Moderate,12,0,0.32,No,,Yes,1,Still enrolled,Health-Constrained,2.775,1.806,0.57,24,,No,No,No,School Fee Support,15000.0,3.407,0.8712
702,3,Kisumu Lakeside Secondary,15,Boy,3,Q3 — Middle,3,,No access,0.0,Yes,-0.601,2,No,Low,3,1,0.233,No,No,Yes,1,Still enrolled,Academic Strugglers,2.601,,0.383,3,1.0,No,No,Yes,,,,0.9563
703,16,Kericho Highlands Secondary,15,Boy,2,Q2 — Low,6,9.42,,,Yes,-2.315,2,No,Low,5,3,0.262,No,No,Yes,1,Still enrolled,Academic Strugglers,4.315,,0.462,5,,Yes,No,No,School Fee Support,15000.0,3.191,0.845
704,15,Embu Sunrise Secondary,17,Boy,1,Q1 — Lowest,5,5.95,No access,0.0,Yes,-1.434,1,No,Low,7,1,0.32,No,No,Yes,1,Still enrolled,Academic Strugglers,2.434,2.297,0.57,7,1.0,No,No,Yes,School Fee Support,15000.0,3.29,0.9265
705,3,Kisumu Lakeside Secondary,14,Boy,4,Q4 — High,4,8.36,Shared device,1.0,No,0.067,2,No,Low,4,2,0.235,No,No,Yes,1,Still enrolled,Stable Achievers,1.933,1.318,0.335,4,0.5,Yes,No,No,,,,0.9012
706,2,Nyandarua Mixed Secondary,15,Boy,2,Q2 — Low,4,1.84,Shared device,1.0,Yes,-2.509,3,No,Low,6,1,0.276,No,Yes,Yes,1,Still enrolled,Academic Strugglers,5.509,1.392,0.476,6,2.5,No,Yes,No,School Fee Support,15000.0,3.13,0.9028
707,14,Bungoma West Secondary,17,Boy,3,Q3 — Middle,9,1.24,Shared device,1.0,No,-1.146,2,No,Low,5,2,0.307,No,Yes,Yes,1,Still enrolled,Academic Strugglers,3.146,1.162,0.457,5,1.5,No,No,No,,,,0.9162
708,9,Kakamega Forest Secondary,14,Boy,2,Q2 — Low,2,2.24,Personal device,2.0,Yes,-2.218,2,No,Low,5,2,0.201,No,Yes,Yes,1,Still enrolled,Stable Achievers,4.218,0.912,0.401,5,3.0,No,No,No,,,,0.9623
709,10,Nyeri Ridge Secondary,17,Girl,2,Q2 — Low,4,0.54,No access,0.0,Yes,0.082,0,No,High,18,2,0.224,No,No,Yes,1,Still enrolled,Health-Constrained,-0.082,1.827,0.424,54,1.0,No,No,Yes,,,,0.9372
710,1,Kilimani Day Secondary,14,Boy,4,Q4 — High,4,0.79,Shared device,1.0,No,-1.567,4,No,Low,6,0,0.234,Yes,Yes,Yes,1,Still enrolled,Stable Achievers,5.567,0.94,0.334,6,1.5,No,Yes,No,,,,0.964
711,5,Nakuru Valley Secondary,16,Girl,4,Q4 — High,2,4.94,Personal device,2.0,No,0.465,1,No,Low,4,1,0.279,No,No,Yes,1,Still enrolled,Stable Achievers,0.535,0.647,0.379,4,1.0,No,No,No,,,,0.9829
712,14,Bungoma West Secondary,15,Girl,1,Q1 — Lowest,3,20.0,No access,0.0,Yes,-1.116,2,No,Low,3,1,0.32,No,No,No,0,Commute Distance,Academic Strugglers,3.116,3.0,0.57,3,1.0,Yes,No,Yes,School Fee Support,15000.0,3.915,0.6734
713,13,Meru Mountain Secondary,16,Boy,3,Q3 — Middle,4,6.53,No access,0.0,Yes,-0.855,0,No,Low,4,1,0.298,No,No,Yes,1,Still enrolled,Academic Strugglers,0.855,1.927,0.448,4,1.0,No,No,Yes,,,,0.9635
714,6,Mombasa Coast Secondary,17,Boy,1,Q1 — Lowest,8,15.58,No access,0.0,No,-2.75,3,No,Low,7,0,0.29,No,Yes,Yes,1,Still enrolled,Academic Strugglers,5.75,2.779,0.54,7,1.0,Yes,Yes,Yes,School Fee Support,15000.0,4.187,0.4574
715,7,Eldoret Highlands Secondary,13,Boy,1,Q1 — Lowest,5,,No access,0.0,Yes,-1.017,1,No,Moderate,10,1,0.32,No,No,Yes,1,Still enrolled,Academic Strugglers,2.017,,0.57,20,1.0,No,No,Yes,School Fee Support,15000.0,3.252,0.9047
716,10,Nyeri Ridge Secondary,16,Boy,1,Q1 — Lowest,3,,No access,0.0,Yes,-1.152,1,No,Low,4,0,,No,No,Yes,1,Still enrolled,Academic Strugglers,2.152,,,4,1.0,No,No,Yes,School Fee Support,15000.0,1.426,0.8189
717,7,Eldoret Highlands Secondary,15,Boy,4,Q4 — High,2,2.53,Personal device,2.0,Yes,0.139,0,No,Low,8,0,0.189,No,Yes,Yes,1,Still enrolled,Stable Achievers,-0.139,0.526,0.289,8,3.0,No,No,No,,,,0.9928
718,6,Mombasa Coast Secondary,14,Girl,4,Q4 — High,1,3.2,Shared device,1.0,No,-0.266,0,No,Low,6,2,0.247,No,Yes,Yes,1,Still enrolled,Stable Achievers,0.266,1.06,0.347,6,1.5,No,No,No,,,,0.9857
719,7,Eldoret Highlands Secondary,16,Boy,2,Q2 — Low,6,8.91,Personal device,2.0,Yes,0.198,0,No,Moderate,10,0,,No,No,Yes,1,Still enrolled,Health-Constrained,-0.198,1.246,,20,2.0,Yes,No,No,,,,0.9164
720,11,Kitale Plains Secondary,14,Girl,1,Q1 — Lowest,7,7.45,,,Yes,-0.79,2,No,Low,3,1,0.276,No,,Yes,1,Still enrolled,Academic Strugglers,2.79,,0.526,3,,No,No,No,School Fee Support,15000.0,3.081,0.9164
721,12,Garissa Horizon Secondary,13,Girl,1,Q1 — Lowest,6,14.43,No access,0.0,Yes,-2.347,2,No,Low,6,2,0.32,No,No,Yes,1,Still enrolled,Academic Strugglers,4.347,2.722,0.57,6,1.0,Yes,No,Yes,School Fee Support,15000.0,4.006,0.7724
722,14,Bungoma West Secondary,16,Girl,1,Q1 — Lowest,4,3.33,No access,0.0,Yes,-1.354,1,No,Low,3,2,0.258,No,No,Yes,1,Still enrolled,Academic Strugglers,2.354,2.167,0.508,3,1.0,No,No,Yes,School Fee Support,15000.0,2.327,0.9376
723,5,Nakuru Valley Secondary,17,Boy,5,Q5 — Highest,3,10.72,Personal device,2.0,No,0.557,0,Yes,Moderate,6,0,0.25,No,Yes,Yes,1,Still enrolled,Stable Achievers,-0.557,0.736,0.3,12,2.0,Yes,No,No,,,,0.9836
724,4,Machakos Hilltop Secondary,16,Girl,2,Q2 — Low,8,9.45,No access,0.0,No,-0.372,1,No,Low,6,0,,No,No,Yes,1,Still enrolled,Academic Strugglers,1.372,2.273,,6,0.0,Yes,No,Yes,,,,0.8948
725,7,Eldoret Highlands Secondary,14,Boy,1,Q1 — Lowest,9,3.32,No access,0.0,Yes,-0.357,0,No,Low,7,1,0.256,No,No,Yes,1,Still enrolled,Academic Strugglers,0.357,2.166,0.506,7,1.0,No,No,Yes,,,,0.9343
726,16,Kericho Highlands Secondary,13,Boy,5,Q5 — Highest,2,11.37,No access,0.0,Yes,0.751,0,Yes,Low,3,3,0.167,No,Yes,Yes,1,Still enrolled,Stable Achievers,-0.751,1.769,0.217,3,2.0,Yes,No,Yes,,,,0.982
727,17,Malindi Shore Secondary,14,Girl,5,Q5 — Highest,8,2.49,Personal device,2.0,No,-0.503,1,No,Low,2,0,0.212,No,Yes,Yes,1,Still enrolled,Stable Achievers,1.503,0.324,0.262,2,2.0,No,No,No,,,,0.9788
728,16,Kericho Highlands Secondary,15,Girl,2,Q2 — Low,7,4.15,No access,0.0,No,-1.718,2,No,Low,4,0,0.32,No,No,Yes,1,Still enrolled,Academic Strugglers,3.718,2.008,0.52,4,0.0,No,No,Yes,School Fee Support,15000.0,3.059,0.8098
729,8,Thika Green Secondary,14,Boy,2,Q2 — Low,2,3.95,Shared device,1.0,No,-0.911,2,No,Low,5,0,0.3,No,Yes,Yes,1,Still enrolled,Academic Strugglers,2.911,1.498,0.5,5,1.5,No,No,No,School Fee Support,15000.0,2.802,0.9216
730,19,Isiolo North Secondary,16,Girl,1,Q1 — Lowest,6,19.79,Personal device,2.0,Yes,-0.283,1,No,Moderate,8,1,0.252,No,No,Yes,1,Still enrolled,Academic Strugglers,1.283,1.989,0.502,16,2.0,Yes,No,No,School Fee Support,15000.0,2.808,0.8742
731,12,Garissa Horizon Secondary,14,Boy,3,Q3 — Middle,10,2.14,,,No,-0.605,4,No,High,23,0,,Yes,No,Yes,1,Still enrolled,Health-Constrained,4.605,,,69,,No,Yes,No,Health & Attendance Support,5000.0,2.353,0.6604
732,8,Thika Green Secondary,13,Girl,1,Q1 — Lowest,10,6.76,Shared device,1.0,Yes,-1.941,4,No,Low,6,0,0.32,Yes,No,Yes,1,Still enrolled,Academic Strugglers,5.941,1.838,0.57,6,1.5,No,Yes,No,School Fee Support,15000.0,3.87,0.7835
733,12,Garissa Horizon Secondary,16,Boy,1,Q1 — Lowest,5,14.8,No access,0.0,Yes,-0.835,1,No,High,15,1,0.224,No,No,Yes,1,Still enrolled,Health-Constrained,1.835,2.74,0.474,45,1.0,Yes,No,Yes,School Fee Support,15000.0,2.744,0.7884
734,18,Narok Savannah Secondary,16,Boy,5,Q5 — Highest,4,4.01,Shared device,1.0,Yes,0.277,0,Yes,Low,7,2,0.219,No,Yes,Yes,1,Still enrolled,Stable Achievers,-0.277,0.901,0.269,7,2.5,No,No,No,,,,0.9875
735,9,Kakamega Forest Secondary,17,Girl,1,Q1 — Lowest,6,4.72,Personal device,2.0,Yes,-0.954,1,No,Low,4,1,0.262,No,No,Yes,1,Still enrolled,Academic Strugglers,1.954,1.236,0.512,4,2.0,No,No,No,School Fee Support,15000.0,2.802,0.9012
736,2,Nyandarua Mixed Secondary,13,Boy,1,Q1 — Lowest,9,,No access,0.0,Yes,-2.654,3,No,Low,4,0,0.254,No,No,No,0,Household Pressure,Academic Strugglers,5.654,,0.504,4,1.0,No,Yes,Yes,School Fee Support,15000.0,2.914,0.5929
737,7,Eldoret Highlands Secondary,17,Boy,1,Q1 — Lowest,7,6.36,No access,0.0,No,-1.197,1,No,Low,6,3,0.32,No,No,Yes,1,Still enrolled,Academic Strugglers,2.197,2.318,0.57,6,0.0,No,No,Yes,School Fee Support,15000.0,3.234,0.8337
738,20,Busia Border Secondary,13,Girl,1,Q1 — Lowest,6,3.86,No access,0.0,Yes,-1.998,4,No,Moderate,8,1,0.248,Yes,No,Yes,1,Still enrolled,Academic Strugglers,5.998,2.193,0.498,16,1.0,No,Yes,Yes,School Fee Support,15000.0,2.892,0.8565
739,10,Nyeri Ridge Secondary,17,Boy,1,Q1 — Lowest,3,14.78,Personal device,2.0,No,-0.874,1,No,Low,4,1,0.32,No,No,No,0,Financial Instability,Academic Strugglers,1.874,1.739,0.57,4,1.0,Yes,No,No,School Fee Support,15000.0,3.497,0.7866
740,5,Nakuru Valley Secondary,15,Boy,5,Q5 — Highest,5,2.74,No access,0.0,Yes,0.921,0,No,Low,7,2,0.203,No,Yes,Yes,1,Still enrolled,Stable Achievers,-0.921,1.337,0.253,7,2.0,No,No,Yes,,,,0.9973
741,18,Narok Savannah Secondary,13,Girl,5,Q5 — Highest,2,2.79,Personal device,2.0,Yes,-0.474,0,No,Low,7,0,0.143,No,Yes,Yes,1,Still enrolled,Stable Achievers,0.474,0.34,0.193,7,3.0,No,No,No,,,,0.986
742,8,Thika Green Secondary,16,Girl,5,Q5 — Highest,4,4.47,Personal device,2.0,Yes,0.862,0,No,High,13,0,0.225,No,No,Yes,1,Still enrolled,Stable Achievers,-0.862,0.424,0.275,39,2.0,No,No,No,,,,0.9821
743,7,Eldoret Highlands Secondary,17,Boy,2,Q2 — Low,3,15.76,Shared device,1.0,No,-0.756,0,Yes,Low,2,1,0.286,No,,Yes,1,Still enrolled,Academic Strugglers,0.756,2.088,0.486,2,,Yes,No,No,School Fee Support,15000.0,2.868,0.8492
744,2,Nyandarua Mixed Secondary,16,Girl,5,Q5 — Highest,3,1.21,Shared device,1.0,Yes,0.339,1,No,Moderate,11,0,0.18,No,No,Yes,1,Still enrolled,Stable Achievers,0.661,0.76,0.23,22,1.5,No,No,No,,,,0.9737
745,19,Isiolo North Secondary,15,Girl,5,Q5 — Highest,5,1.23,Personal device,2.0,Yes,0.365,0,No,Moderate,8,2,0.153,No,Yes,Yes,1,Still enrolled,Stable Achievers,-0.365,0.262,0.203,16,3.0,No,No,No,,,,0.9953
746,17,Malindi Shore Secondary,16,Boy,2,Q2 — Low,5,9.17,Personal device,2.0,No,-1.231,2,No,Low,6,1,0.214,No,,Yes,1,Still enrolled,Academic Strugglers,3.231,1.258,0.414,6,,Yes,No,No,Academic Tutoring / Catch-up,8000.0,1.508,0.8043
747,8,Thika Green Secondary,16,Girl,3,Q3 — Middle,6,2.55,,,Yes,-2.389,4,No,Low,2,2,0.278,Yes,No,Yes,1,Still enrolled,Academic Strugglers,6.389,,0.428,2,,No,Yes,No,Academic Tutoring / Catch-up,8000.0,2.423,0.8695
748,10,Nyeri Ridge Secondary,13,Girl,3,Q3 — Middle,8,8.55,Shared device,1.0,Yes,-0.848,2,No,High,16,0,0.252,No,No,Yes,1,Still enrolled,Health-Constrained,2.848,1.527,0.402,48,1.5,Yes,No,No,Health & Attendance Support,5000.0,2.261,0.7818
749,6,Mombasa Coast Secondary,13,Boy,1,Q1 — Lowest,4,2.58,No access,0.0,Yes,-0.915,0,No,Low,3,1,0.229,No,Yes,Yes,1,Still enrolled,Academic Strugglers,0.915,2.129,0.479,3,2.0,No,No,Yes,,,,0.9366
750,20,Busia Border Secondary,15,Boy,4,Q4 — High,6,2.37,No access,0.0,No,-3.762,5,No,Low,4,0,0.267,Yes,Yes,Yes,1,Still enrolled,Academic Strugglers,8.762,1.518,0.367,4,1.0,No,Yes,Yes,Academic Tutoring / Catch-up,8000.0,2.543,0.8838
751,19,Isiolo North Secondary,17,Boy,3,Q3 — Middle,3,6.23,No access,0.0,Yes,-1.783,2,No,Low,2,2,0.185,No,No,Yes,1,Still enrolled,Stable Achievers,3.783,1.911,0.335,2,1.0,No,No,Yes,,,,0.9313
752,3,Kisumu Lakeside Secondary,15,Girl,2,Q2 — Low,3,2.6,No access,0.0,No,0.8,0,No,High,17,0,0.32,No,No,Yes,1,Still enrolled,Health-Constrained,-0.8,1.93,0.52,51,0.0,No,No,Yes,,,,0.9489
753,5,Nakuru Valley Secondary,13,Boy,4,Q4 — High,1,3.63,Shared device,1.0,Yes,-1.314,1,No,Low,8,1,0.267,No,Yes,Yes,1,Still enrolled,Stable Achievers,2.314,1.081,0.367,8,2.5,No,No,No,,,,0.9868
754,18,Narok Savannah Secondary,13,Girl,2,Q2 — Low,3,9.27,No access,0.0,Yes,-0.431,1,No,Moderate,7,2,0.293,No,No,Yes,1,Still enrolled,Academic Strugglers,1.431,2.263,0.493,14,1.0,Yes,No,Yes,School Fee Support,15000.0,2.791,0.8494
755,5,Nakuru Valley Secondary,16,Girl,1,Q1 — Lowest,8,3.98,No access,0.0,Yes,-0.668,2,No,High,17,0,0.256,No,No,No,0,Health Related,Health-Constrained,2.668,2.199,0.506,51,1.0,No,No,Yes,School Fee Support,15000.0,2.589,0.8645
756,8,Thika Green Secondary,16,Girl,2,Q2 — Low,5,,Shared device,1.0,Yes,-0.855,1,No,Low,4,3,0.211,No,,Yes,1,Still enrolled,Academic Strugglers,1.855,,0.411,4,,No,No,No,,,,0.9832
757,17,Malindi Shore Secondary,15,Girl,1,Q1 — Lowest,7,10.32,No access,0.0,Yes,-2.557,4,No,Low,3,1,0.257,Yes,Yes,No,0,Academic Performance,Academic Strugglers,6.557,2.516,0.507,3,2.0,Yes,Yes,Yes,School Fee Support,15000.0,3.185,0.6878
758,5,Nakuru Valley Secondary,14,Boy,2,Q2 — Low,5,7.81,No access,0.0,Yes,-1.596,1,Yes,Low,4,1,0.215,No,No,Yes,1,Still enrolled,Academic Strugglers,2.596,2.19,0.415,4,1.0,No,No,Yes,,,,0.9432
759,17,Malindi Shore Secondary,14,Boy,2,Q2 — Low,5,,Shared device,1.0,Yes,-2.564,4,No,Low,3,1,0.25,Yes,No,Yes,1,Still enrolled,Academic Strugglers,6.564,,0.45,3,1.5,No,Yes,No,School Fee Support,15000.0,2.738,0.815
760,14,Bungoma West Secondary,15,Boy,1,Q1 — Lowest,3,2.55,No access,0.0,Yes,-1.86,2,No,Moderate,12,0,0.258,No,No,Yes,1,Still enrolled,Health-Constrained,3.86,2.127,0.508,24,1.0,No,No,Yes,School Fee Support,15000.0,2.674,0.8853
761,4,Machakos Hilltop Secondary,13,Boy,1,Q1 — Lowest,6,5.58,No access,0.0,Yes,-2.189,4,No,Low,6,1,0.284,Yes,No,Yes,1,Still enrolled,Academic Strugglers,6.189,2.279,0.534,6,1.0,No,Yes,Yes,School Fee Support,15000.0,3.712,0.7733
762,1,Kilimani Day Secondary,15,Boy,1,Q1 — Lowest,4,20.0,No access,0.0,Yes,-1.819,2,No,Low,4,0,0.312,No,No,No,0,Commute Distance,Academic Strugglers,3.819,3.0,0.562,4,1.0,Yes,No,Yes,School Fee Support,15000.0,4.057,0.832
763,4,Machakos Hilltop Secondary,13,Girl,4,Q4 — High,4,11.14,No access,0.0,Yes,-0.906,1,Yes,Low,5,0,0.189,No,Yes,Yes,1,Still enrolled,Stable Achievers,1.906,1.957,0.289,5,2.0,Yes,No,Yes,,,,0.938
764,11,Kitale Plains Secondary,16,Girl,4,Q4 — High,3,10.7,Personal device,2.0,Yes,-0.677,2,Yes,High,15,1,0.23,No,,Yes,1,Still enrolled,Health-Constrained,2.677,0.935,0.33,45,,Yes,No,No,,,,0.9424
765,20,Busia Border Secondary,16,Boy,2,Q2 — Low,8,5.75,No access,0.0,Yes,-1.209,2,No,Moderate,11,2,,No,No,Yes,1,Still enrolled,Health-Constrained,3.209,2.088,,22,1.0,No,No,Yes,Health & Attendance Support,5000.0,1.91,0.8963
766,10,Nyeri Ridge Secondary,17,Girl,2,Q2 — Low,3,9.21,No access,0.0,No,-1.373,3,No,Low,2,0,0.266,No,No,Yes,1,Still enrolled,Academic Strugglers,4.373,2.26,0.466,2,0.0,Yes,Yes,Yes,School Fee Support,15000.0,3.074,0.8027
767,3,Kisumu Lakeside Secondary,14,Girl,4,Q4 — High,1,7.55,Personal device,2.0,No,0.105,1,No,Low,6,2,0.185,No,No,Yes,1,Still enrolled,Stable Achievers,0.895,0.778,0.285,6,1.0,No,No,No,,,,0.9637
768,1,Kilimani Day Secondary,16,Boy,2,Q2 — Low,6,4.26,Shared device,1.0,Yes,-0.52,1,No,Low,2,1,0.32,No,,Yes,1,Still enrolled,Academic Strugglers,1.52,1.513,0.52,2,,No,No,No,,,,0.9719
769,4,Machakos Hilltop Secondary,17,Girl,3,Q3 — Middle,3,1.72,No access,0.0,Yes,-1.001,2,No,Low,1,0,0.249,No,No,Yes,1,Still enrolled,Academic Strugglers,3.001,1.686,0.399,1,1.0,No,No,Yes,,,,0.9683
770,9,Kakamega Forest Secondary,14,Boy,4,Q4 — High,1,7.51,Personal device,2.0,Yes,0.253,2,No,Low,5,3,0.207,No,Yes,Yes,1,Still enrolled,Stable Achievers,1.747,0.776,0.307,5,3.0,No,No,No,,,,0.9884
771,9,Kakamega Forest Secondary,17,Girl,3,Q3 — Middle,3,0.91,Shared device,1.0,Yes,-0.887,1,Yes,Moderate,6,1,0.232,No,No,Yes,1,Still enrolled,Stable Achievers,1.887,1.146,0.382,12,1.5,No,No,No,,,,0.9578
772,7,Eldoret Highlands Secondary,14,Girl,5,Q5 — Highest,2,2.07,No access,0.0,Yes,-0.132,2,Yes,High,17,1,,No,No,Yes,1,Still enrolled,Health-Constrained,2.132,1.304,,51,1.0,No,No,Yes,,,,0.9549
773,13,Meru Mountain Secondary,14,Boy,1,Q1 — Lowest,3,9.4,Shared device,1.0,Yes,-1.959,3,No,Low,3,0,0.231,No,No,No,0,Other,Academic Strugglers,4.959,1.97,0.481,3,1.5,Yes,Yes,No,School Fee Support,15000.0,2.814,0.6767
774,5,Nakuru Valley Secondary,15,Boy,1,Q1 — Lowest,6,13.13,Shared device,1.0,No,-2.182,3,No,Moderate,11,0,0.32,No,No,Yes,1,Still enrolled,Academic Strugglers,5.182,2.156,0.57,22,0.5,Yes,Yes,No,School Fee Support,15000.0,4.167,0.6889
775,6,Mombasa Coast Secondary,17,Boy,5,Q5 — Highest,8,2.56,Personal device,2.0,Yes,0.526,0,No,Low,6,2,0.214,No,No,Yes,1,Still enrolled,Stable Achievers,-0.526,0.328,0.264,6,2.0,No,No,No,,,,0.9866
776,19,Isiolo North Secondary,14,Girl,3,Q3 — Middle,6,15.45,Shared device,1.0,Yes,-0.82,1,No,Low,5,1,0.278,No,,Yes,1,Still enrolled,Academic Strugglers,1.82,1.872,0.428,5,,Yes,No,No,School Fee Support,15000.0,1.833,0.8822
777,11,Kitale Plains Secondary,17,Girl,2,Q2 — Low,6,4.59,No access,0.0,Yes,-1.638,1,No,Moderate,9,1,0.303,No,No,Yes,1,Still enrolled,Academic Strugglers,2.638,2.03,0.503,18,1.0,No,No,Yes,School Fee Support,15000.0,2.941,0.8837
778,12,Garissa Horizon Secondary,16,Girl,5,Q5 — Highest,7,1.31,Shared device,1.0,Yes,-0.038,1,No,Moderate,11,1,0.215,No,No,Yes,1,Still enrolled,Stable Achievers,1.038,0.765,0.265,22,1.5,No,No,No,,,,0.9755
779,12,Garissa Horizon Secondary,15,Boy,5,Q5 — Highest,3,1.02,No access,0.0,Yes,0.316,0,No,High,22,1,0.158,No,No,No,0,Health Related,Health-Constrained,-0.316,1.251,0.208,66,1.0,No,No,Yes,Health & Attendance Support,5000.0,0.824,0.961
780,4,Machakos Hilltop Secondary,15,Girl,4,Q4 — High,3,9.46,No access,0.0,No,-1.673,3,No,Moderate,6,1,0.269,No,No,Yes,1,Still enrolled,Academic Strugglers,4.673,1.873,0.369,12,0.0,Yes,Yes,Yes,Academic Tutoring / Catch-up,8000.0,2.208,0.821
781,12,Garissa Horizon Secondary,15,Girl,1,Q1 — Lowest,5,4.14,No access,0.0,Yes,-2.398,4,No,Low,2,1,0.264,Yes,No,Yes,1,Still enrolled,Academic Strugglers,6.398,2.207,0.514,2,1.0,No,Yes,Yes,School Fee Support,15000.0,3.515,0.848
782,16,Kericho Highlands Secondary,15,Boy,2,Q2 — Low,5,,Shared device,1.0,Yes,-1.133,2,No,Low,3,1,0.291,No,No,Yes,1,Still enrolled,Academic Strugglers,3.133,,0.491,3,1.5,No,No,No,School Fee Support,15000.0,2.85,0.9306
783,1,Kilimani Day Secondary,14,Girl,4,Q4 — High,6,7.09,No access,0.0,Yes,-1.09,3,Yes,Low,6,1,0.246,No,Yes,No,0,Academic Performance,Stable Achievers,4.09,1.754,0.346,6,2.0,No,Yes,Yes,Academic Tutoring / Catch-up,8000.0,1.271,0.9702
784,8,Thika Green Secondary,16,Girl,2,Q2 — Low,2,,,,Yes,-2.249,3,No,Low,4,0,0.207,No,,Yes,1,Still enrolled,Academic Strugglers,5.249,,0.407,4,,No,Yes,No,Academic Tutoring / Catch-up,8000.0,2.411,0.7331
785,6,Mombasa Coast Secondary,13,Boy,3,Q3 — Middle,5,2.95,Personal device,2.0,Yes,-1.215,1,Yes,Low,5,1,0.291,No,No,Yes,1,Still enrolled,Stable Achievers,2.215,0.747,0.441,5,2.0,No,No,No,,,,0.9648
786,12,Garissa Horizon Secondary,14,Boy,4,Q4 — High,2,2.59,No access,0.0,No,-2.074,2,No,Low,3,1,0.269,No,Yes,Yes,1,Still enrolled,Stable Achievers,4.074,1.53,0.369,3,1.0,No,No,Yes,,,,0.9357
787,19,Isiolo North Secondary,15,Boy,3,Q3 — Middle,4,3.71,No access,0.0,No,-2.472,3,No,Low,5,0,0.305,No,No,Yes,1,Still enrolled,Academic Strugglers,5.472,1.785,0.455,5,0.0,No,Yes,Yes,School Fee Support,15000.0,2.509,0.8463
788,8,Thika Green Secondary,17,Boy,2,Q2 — Low,5,,No access,0.0,Yes,-1.034,2,No,Low,4,2,0.32,No,No,Yes,1,Still enrolled,Academic Strugglers,3.034,,0.52,4,1.0,No,No,Yes,School Fee Support,15000.0,2.978,0.9185
789,2,Nyandarua Mixed Secondary,17,Girl,3,Q3 — Middle,4,2.9,,,Yes,-0.755,0,No,Low,5,0,0.183,No,No,Yes,1,Still enrolled,Stable Achievers,0.755,,0.333,5,,No,No,No,,,,0.94
790,13,Meru Mountain Secondary,16,Girl,5,Q5 — Highest,4,6.27,Personal device,2.0,No,1.191,0,No,High,16,1,,No,No,Yes,1,Still enrolled,Stable Achievers,-1.191,0.513,,48,1.0,No,No,No,,,,0.9789
791,7,Eldoret Highlands Secondary,13,Girl,2,Q2 — Low,5,4.58,Shared device,1.0,Yes,-2.006,4,No,High,17,0,0.32,Yes,No,Yes,1,Still enrolled,Health-Constrained,6.006,1.529,0.52,51,1.5,No,Yes,No,School Fee Support,15000.0,3.722,0.4876
792,14,Bungoma West Secondary,16,Girl,2,Q2 — Low,5,1.69,No access,0.0,Yes,-4.0,7,No,Moderate,10,0,0.32,Yes,No,Yes,1,Still enrolled,Health-Constrained,11.0,1.884,0.52,20,1.0,No,Yes,Yes,School Fee Support,15000.0,4.34,0.423
793,3,Kisumu Lakeside Secondary,16,Boy,3,Q3 — Middle,4,5.95,Personal device,2.0,Yes,-1.957,3,No,Moderate,6,1,,No,Yes,Yes,1,Still enrolled,Stable Achievers,4.957,0.898,,12,3.0,No,Yes,No,Academic Tutoring / Catch-up,8000.0,1.857,0.926
794,6,Mombasa Coast Secondary,17,Boy,1,Q1 — Lowest,3,1.98,No access,0.0,Yes,-1.906,2,No,Moderate,8,1,0.308,No,Yes,Yes,1,Still enrolled,Academic Strugglers,3.906,2.099,0.558,16,2.0,No,No,Yes,School Fee Support,15000.0,3.334,0.929
795,8,Thika Green Secondary,16,Girl,2,Q2 — Low,4,4.05,No access,0.0,Yes,-0.851,1,No,Low,3,1,,No,,Yes,1,Still enrolled,Academic Strugglers,1.851,2.003,,3,,No,No,Yes,,,,0.9658
796,17,Malindi Shore Secondary,16,Girl,2,Q2 — Low,5,5.31,No access,0.0,Yes,-0.403,1,No,Moderate,7,0,0.286,No,Yes,Yes,1,Still enrolled,Academic Strugglers,1.403,2.065,0.486,14,2.0,No,No,Yes,,,,0.9535
797,12,Garissa Horizon Secondary,14,Girl,4,Q4 — High,5,,,,Yes,1.261,0,No,Moderate,5,0,0.243,No,No,Yes,1,Still enrolled,Stable Achievers,-1.261,,0.343,10,,No,No,No,,,,0.9889
798,13,Meru Mountain Secondary,16,Girl,4,Q4 — High,1,1.59,Shared device,1.0,No,-0.927,2,No,Moderate,14,0,0.164,No,Yes,Yes,1,Still enrolled,Stable Achievers,2.927,0.979,0.264,28,1.5,No,No,No,,,,0.9186
799,15,Embu Sunrise Secondary,15,Girl,4,Q4 — High,1,9.45,No access,0.0,No,0.138,0,No,Low,6,0,,No,No,Yes,1,Still enrolled,Stable Achievers,-0.138,1.872,,6,0.0,Yes,No,Yes,,,,0.9584
800,13,Meru Mountain Secondary,16,Girl,1,Q1 — Lowest,7,4.58,No access,0.0,Yes,-1.391,2,No,Moderate,16,2,0.256,No,No,No,0,Health Related,Health-Constrained,3.391,2.229,0.506,32,1.0,No,No,Yes,School Fee Support,15000.0,2.729,0.8073
801,18,Narok Savannah Secondary,13,Girl,1,Q1 — Lowest,1,1.24,No access,0.0,No,-0.469,1,Yes,Low,2,1,0.228,No,No,Yes,1,Still enrolled,Academic Strugglers,1.469,2.062,0.478,2,0.0,No,No,Yes,,,,0.9608
802,5,Nakuru Valley Secondary,16,Girl,5,Q5 — Highest,4,1.89,Personal device,2.0,No,1.221,0,No,Low,8,0,0.228,No,No,Yes,1,Still enrolled,Stable Achievers,-1.221,0.295,0.278,8,1.0,No,No,No,,,,0.9756
803,13,Meru Mountain Secondary,15,Boy,3,Q3 — Middle,3,4.07,Shared device,1.0,No,-1.493,2,No,Low,7,2,0.195,No,Yes,Yes,1,Still enrolled,Stable Achievers,3.493,1.304,0.345,7,1.5,No,No,No,,,,0.9343
804,6,Mombasa Coast Secondary,17,Girl,5,Q5 — Highest,3,6.96,Personal device,2.0,Yes,0.574,0,Yes,Low,3,1,0.175,No,No,Yes,1,Still enrolled,Stable Achievers,-0.574,0.548,0.225,3,2.0,No,No,No,,,,0.9947
805,12,Garissa Horizon Secondary,17,Girl,2,Q2 — Low,5,8.39,No access,0.0,Yes,-0.972,1,No,Low,6,2,0.249,No,No,Yes,1,Still enrolled,Academic Strugglers,1.972,2.22,0.449,6,1.0,Yes,No,Yes,School Fee Support,15000.0,1.771,0.8937
806,8,Thika Green Secondary,15,Girl,1,Q1 — Lowest,2,1.3,No access,0.0,Yes,-1.84,4,No,Low,7,1,,Yes,,Yes,1,Still enrolled,Academic Strugglers,5.84,2.065,,7,,No,Yes,Yes,Academic Tutoring / Catch-up,8000.0,2.768,0.93
807,19,Isiolo North Secondary,15,Boy,3,Q3 — Middle,4,4.5,No access,0.0,Yes,-0.159,1,No,Low,1,1,0.229,No,Yes,Yes,1,Still enrolled,Stable Achievers,1.159,1.825,0.379,1,2.0,No,No,Yes,,,,0.9698
808,1,Kilimani Day Secondary,14,Boy,1,Q1 — Lowest,6,0.98,No access,0.0,Yes,-1.279,2,No,Moderate,6,0,0.221,No,No,Yes,1,Still enrolled,Academic Strugglers,3.279,2.049,0.471,12,1.0,No,No,Yes,School Fee Support,15000.0,2.261,0.9498
809,11,Kitale Plains Secondary,13,Girl,2,Q2 — Low,4,13.94,No access,0.0,No,-1.256,1,Yes,Low,1,2,0.32,No,No,Yes,1,Still enrolled,Academic Strugglers,2.256,2.497,0.52,1,0.0,Yes,No,Yes,School Fee Support,15000.0,3.181,0.8542
810,2,Nyandarua Mixed Secondary,13,Boy,2,Q2 — Low,5,10.08,Personal device,2.0,Yes,-2.159,2,Yes,High,13,0,0.228,No,No,Yes,1,Still enrolled,Health-Constrained,4.159,1.304,0.428,39,2.0,Yes,No,No,Health & Attendance Support,5000.0,2.672,0.6978
811,8,Thika Green Secondary,13,Girl,4,Q4 — High,7,7.33,Shared device,1.0,Yes,-0.153,0,Yes,Low,6,1,,No,No,Yes,1,Still enrolled,Stable Achievers,0.153,1.266,,6,1.5,No,No,No,,,,0.9773
812,14,Bungoma West Secondary,17,Boy,3,Q3 — Middle,5,7.67,No access,0.0,No,-0.972,1,No,Low,2,0,0.236,No,No,Yes,1,Still enrolled,Academic Strugglers,1.972,1.984,0.386,2,0.0,No,No,Yes,,,,0.8867
813,5,Nakuru Valley Secondary,15,Girl,3,Q3 — Middle,2,2.92,No access,0.0,Yes,-1.231,4,No,Low,7,1,0.245,Yes,No,Yes,1,Still enrolled,Academic Strugglers,5.231,1.746,0.395,7,1.0,No,Yes,Yes,Academic Tutoring / Catch-up,8000.0,1.879,0.9634
814,7,Eldoret Highlands Secondary,13,Boy,2,Q2 — Low,5,16.77,,,Yes,-2.097,3,No,Low,7,0,0.28,No,Yes,No,0,Other,Academic Strugglers,5.097,,0.48,7,,Yes,Yes,No,School Fee Support,15000.0,3.748,0.6424
815,14,Bungoma West Secondary,14,Boy,5,Q5 — Highest,6,3.32,Shared device,1.0,Yes,0.735,0,No,Low,5,1,0.142,No,Yes,Yes,1,Still enrolled,Stable Achievers,-0.735,0.866,0.192,5,2.5,No,No,No,,,,0.9918
816,15,Embu Sunrise Secondary,17,Boy,5,Q5 — Highest,5,3.15,Shared device,1.0,No,0.41,0,No,Low,7,0,0.165,No,No,Yes,1,Still enrolled,Stable Achievers,-0.41,0.858,0.215,7,0.5,No,No,No,,,,0.981
817,13,Meru Mountain Secondary,16,Boy,3,Q3 — Middle,8,1.66,No access,0.0,Yes,-2.689,5,Yes,Moderate,9,1,0.189,Yes,No,Yes,1,Still enrolled,Health-Constrained,7.689,1.683,0.339,18,1.0,No,Yes,Yes,Academic Tutoring / Catch-up,8000.0,1.888,0.9152
818,2,Nyandarua Mixed Secondary,14,Boy,3,Q3 — Middle,8,3.58,Shared device,1.0,Yes,0.335,0,No,Low,0,1,0.296,No,No,Yes,1,Still enrolled,Academic Strugglers,-0.335,1.279,0.446,0,1.5,No,No,No,,,,0.975
819,7,Eldoret Highlands Secondary,14,Girl,1,Q1 — Lowest,6,,No access,0.0,Yes,-1.478,2,No,Low,7,0,0.277,No,No,Yes,1,Still enrolled,Academic Strugglers,3.478,,0.527,7,1.0,No,No,Yes,School Fee Support,15000.0,3.247,0.7022
820,15,Embu Sunrise Secondary,17,Boy,4,Q4 — High,1,0.93,No access,0.0,Yes,-1.205,1,No,Moderate,9,1,0.211,No,No,Yes,1,Still enrolled,Stable Achievers,2.205,1.446,0.311,18,1.0,No,No,Yes,,,,0.975
821,18,Narok Savannah Secondary,15,Boy,3,Q3 — Middle,5,7.59,Personal device,2.0,No,-0.714,3,No,Low,7,0,0.295,No,No,Yes,1,Still enrolled,Academic Strugglers,3.714,0.979,0.445,7,1.0,No,Yes,No,Academic Tutoring / Catch-up,8000.0,1.999,0.7988
822,5,Nakuru Valley Secondary,13,Boy,1,Q1 — Lowest,7,8.34,No access,0.0,Yes,-1.904,3,No,Low,6,1,0.288,No,No,Yes,1,Still enrolled,Academic Strugglers,4.904,2.417,0.538,6,1.0,Yes,Yes,Yes,School Fee Support,15000.0,3.64,0.8149
823,8,Thika Green Secondary,16,Boy,1,Q1 — Lowest,6,2.35,No access,0.0,Yes,-2.059,2,No,Moderate,9,0,0.32,No,No,Yes,1,Still enrolled,Academic Strugglers,4.059,2.118,0.57,18,1.0,No,No,Yes,School Fee Support,15000.0,3.462,0.8766
824,18,Narok Savannah Secondary,14,Girl,1,Q1 — Lowest,8,5.14,No access,0.0,Yes,-3.87,5,No,Low,6,1,0.315,Yes,Yes,Yes,1,Still enrolled,Academic Strugglers,8.87,2.257,0.565,6,2.0,No,Yes,Yes,School Fee Support,15000.0,4.36,0.4199
825,3,Kisumu Lakeside Secondary,16,Girl,2,Q2 — Low,6,5.24,No access,0.0,Yes,-2.015,3,No,Moderate,8,0,0.314,No,Yes,Yes,1,Still enrolled,Academic Strugglers,5.015,2.062,0.514,16,2.0,No,Yes,Yes,School Fee Support,15000.0,3.382,0.6692
826,19,Isiolo North Secondary,16,Boy,3,Q3 — Middle,6,13.71,Personal device,2.0,Yes,-0.074,0,No,Moderate,12,1,,No,,Yes,1,Still enrolled,Health-Constrained,0.074,1.286,,24,,Yes,No,No,,,,0.9795
827,8,Thika Green Secondary,15,Boy,1,Q1 — Lowest,5,3.43,No access,0.0,Yes,-1.769,4,No,Low,5,0,0.32,Yes,No,No,0,Financial Instability,Academic Strugglers,5.769,2.172,0.57,5,1.0,No,Yes,Yes,School Fee Support,15000.0,3.66,0.8257
828,14,Bungoma West Secondary,14,Boy,5,Q5 — Highest,2,1.91,Personal device,2.0,Yes,-0.936,4,Yes,Low,4,0,0.161,Yes,No,Yes,1,Still enrolled,Stable Achievers,4.936,0.296,0.211,4,2.0,No,Yes,No,,,,0.9689
829,9,Kakamega Forest Secondary,16,Girl,1,Q1 — Lowest,5,7.0,,,Yes,-0.307,0,Yes,Low,4,0,0.318,No,No,Yes,1,Still enrolled,Academic Strugglers,0.307,,0.568,4,,No,No,No,School Fee Support,15000.0,2.859,0.9679
830,8,Thika Green Secondary,15,Girl,1,Q1 — Lowest,4,9.93,Shared device,1.0,Yes,-0.901,2,No,Low,7,1,0.238,No,Yes,No,0,Household Pressure,Academic Strugglers,2.901,1.997,0.488,7,2.5,Yes,No,No,School Fee Support,15000.0,2.607,0.9243
831,8,Thika Green Secondary,16,Girl,4,Q4 — High,3,6.87,Shared device,1.0,Yes,-0.343,0,Yes,Moderate,5,1,0.22,No,No,Yes,1,Still enrolled,Stable Achievers,0.343,1.244,0.32,10,1.5,No,No,No,,,,0.9869
832,1,Kilimani Day Secondary,14,Boy,3,Q3 — Middle,9,6.56,No access,0.0,No,-3.474,5,No,High,12,0,,Yes,Yes,Yes,1,Still enrolled,Health-Constrained,8.474,1.928,,36,1.0,No,Yes,Yes,Health & Attendance Support,5000.0,2.985,0.5264
833,19,Isiolo North Secondary,16,Boy,4,Q4 — High,4,14.82,Shared device,1.0,No,-1.178,3,No,Low,6,1,0.243,No,Yes,Yes,1,Still enrolled,Stable Achievers,4.178,1.641,0.343,6,1.5,Yes,Yes,No,Transport / Boarding Support,6000.0,1.545,0.8283
834,16,Kericho Highlands Secondary,13,Boy,5,Q5 — Highest,2,3.57,Personal device,2.0,Yes,-0.438,2,No,Moderate,7,1,0.207,No,No,Yes,1,Still enrolled,Stable Achievers,2.438,0.379,0.257,14,2.0,No,No,No,,,,0.9729
835,19,Isiolo North Secondary,14,Boy,5,Q5 — Highest,1,5.03,Personal device,2.0,Yes,-0.938,0,No,Low,3,1,0.246,No,No,Yes,1,Still enrolled,Stable Achievers,0.938,0.452,0.296,3,2.0,No,No,No,,,,0.9901
836,12,Garissa Horizon Secondary,17,Boy,3,Q3 — Middle,6,1.33,Personal device,2.0,Yes,0.807,1,No,Low,4,2,,No,Yes,Yes,1,Still enrolled,Stable Achievers,0.193,0.666,,4,3.0,No,No,No,,,,0.9909
837,20,Busia Border Secondary,15,Girl,3,Q3 — Middle,7,,Shared device,1.0,Yes,-0.567,2,No,Low,3,1,0.263,No,No,Yes,1,Still enrolled,Academic Strugglers,2.567,,0.413,3,1.5,No,No,No,,,,0.9639
838,2,Nyandarua Mixed Secondary,15,Girl,1,Q1 — Lowest,7,,No access,0.0,No,-4.0,6,No,Low,6,1,,Yes,No,Yes,1,Still enrolled,Academic Strugglers,10.0,,,6,0.0,No,Yes,Yes,Academic Tutoring / Catch-up,8000.0,3.572,0.4408
839,8,Thika Green Secondary,16,Girl,2,Q2 — Low,3,,Shared device,1.0,Yes,0.684,0,No,Low,6,1,0.205,No,No,Yes,1,Still enrolled,Stable Achievers,-0.684,,0.405,6,1.5,No,No,No,,,,0.9665
840,12,Garissa Horizon Secondary,16,Boy,2,Q2 — Low,5,,No access,0.0,Yes,-0.487,1,No,Low,9,1,0.32,No,No,Yes,1,Still enrolled,Academic Strugglers,1.487,,0.52,9,1.0,No,No,Yes,School Fee Support,15000.0,2.811,0.9588
841,10,Nyeri Ridge Secondary,13,Boy,1,Q1 — Lowest,4,6.09,No access,0.0,Yes,-1.453,2,No,Moderate,11,1,0.222,No,,Yes,1,Still enrolled,Health-Constrained,3.453,2.304,0.472,22,,No,No,Yes,School Fee Support,15000.0,2.581,0.7379
842,1,Kilimani Day Secondary,14,Boy,3,Q3 — Middle,2,2.36,No access,0.0,Yes,-0.759,2,No,Low,6,0,0.232,No,,Yes,1,Still enrolled,Stable Achievers,2.759,1.718,0.382,6,,No,No,Yes,,,,0.963
843,3,Kisumu Lakeside Secondary,16,Boy,1,Q1 — Lowest,7,13.83,No access,0.0,Yes,-3.596,4,No,Low,11,1,0.296,Yes,No,No,0,Other,Academic Strugglers,7.596,2.691,0.546,11,1.0,Yes,Yes,Yes,School Fee Support,15000.0,4.561,0.2507
844,10,Nyeri Ridge Secondary,15,Boy,3,Q3 — Middle,4,7.89,,,Yes,-0.053,1,Yes,Moderate,11,0,0.3,No,Yes,No,0,Health Related,Health-Constrained,1.053,,0.45,22,,No,No,No,School Fee Support,15000.0,1.641,0.8999
845,17,Malindi Shore Secondary,15,Boy,5,Q5 — Highest,3,3.28,No access,0.0,No,-0.09,1,No,Low,6,1,0.169,No,No,Yes,1,Still enrolled,Stable Achievers,1.09,1.364,0.219,6,0.0,No,No,Yes,,,,0.9819
846,13,Meru Mountain Secondary,17,Girl,2,Q2 — Low,6,7.63,No access,0.0,Yes,-1.494,2,No,Low,7,1,0.247,No,No,Yes,1,Still enrolled,Academic Strugglers,3.494,2.182,0.447,7,1.0,No,No,Yes,School Fee Support,15000.0,1.934,0.915
847,6,Mombasa Coast Secondary,17,Boy,3,Q3 — Middle,3,10.28,No access,0.0,Yes,-1.828,3,No,Low,7,1,0.273,No,No,Yes,1,Still enrolled,Academic Strugglers,4.828,2.114,0.423,7,1.0,Yes,Yes,Yes,Academic Tutoring / Catch-up,8000.0,2.552,0.7718
848,17,Malindi Shore Secondary,17,Girl,1,Q1 — Lowest,5,5.67,No access,0.0,No,-1.089,2,No,Moderate,9,2,0.293,No,No,Yes,1,Still enrolled,Academic Strugglers,3.089,2.283,0.543,18,0.0,No,No,Yes,School Fee Support,15000.0,3.271,0.8367
849,18,Narok Savannah Secondary,13,Boy,2,Q2 — Low,7,4.09,No access,0.0,Yes,-2.609,2,No,Moderate,12,0,0.216,No,No,No,0,Health Related,Health-Constrained,4.609,2.005,0.416,24,1.0,No,No,Yes,Health & Attendance Support,5000.0,2.467,0.6656
850,6,Mombasa Coast Secondary,15,Girl,1,Q1 — Lowest,6,0.93,Shared device,1.0,Yes,-1.533,1,No,Low,5,1,0.312,No,No,Yes,1,Still enrolled,Academic Strugglers,2.533,1.546,0.562,5,1.5,No,No,No,School Fee Support,15000.0,3.008,0.9284
851,19,Isiolo North Secondary,13,Girl,2,Q2 — Low,4,2.09,Personal device,2.0,Yes,0.083,1,No,Low,2,1,0.282,No,No,Yes,1,Still enrolled,Stable Achievers,0.917,0.905,0.482,2,2.0,No,No,No,,,,0.986
852,5,Nakuru Valley Secondary,16,Girl,1,Q1 — Lowest,2,9.07,,,Yes,-2.199,3,No,Low,3,0,0.23,No,,Yes,1,Still enrolled,Academic Strugglers,5.199,,0.48,3,,Yes,Yes,No,School Fee Support,15000.0,2.843,0.8371
853,12,Garissa Horizon Secondary,14,Boy,2,Q2 — Low,3,20.0,No access,0.0,Yes,-1.185,2,No,Low,8,2,0.208,No,No,Yes,1,Still enrolled,Academic Strugglers,3.185,2.8,0.408,8,1.0,Yes,No,Yes,Transport / Boarding Support,6000.0,2.156,0.7931
854,7,Eldoret Highlands Secondary,13,Girl,4,Q4 — High,8,0.38,No access,0.0,Yes,0.776,1,No,High,18,0,0.171,No,Yes,Yes,1,Still enrolled,Health-Constrained,0.224,1.419,0.271,54,2.0,No,No,Yes,,,,0.9449
855,15,Embu Sunrise Secondary,16,Girl,4,Q4 — High,6,8.87,Personal device,2.0,Yes,0.812,0,No,Moderate,14,1,0.175,No,No,Yes,1,Still enrolled,Stable Achievers,-0.812,0.844,0.275,28,2.0,Yes,No,No,,,,0.9762
856,2,Nyandarua Mixed Secondary,14,Girl,5,Q5 — Highest,1,0.86,Shared device,1.0,Yes,0.455,0,Yes,Low,5,1,0.154,No,Yes,Yes,1,Still enrolled,Stable Achievers,-0.455,0.743,0.204,5,2.5,No,No,No,,,,0.9904
857,2,Nyandarua Mixed Secondary,17,Girl,5,Q5 — Highest,3,5.06,No access,0.0,No,0.026,1,No,Low,6,3,0.242,No,Yes,Yes,1,Still enrolled,Stable Achievers,0.974,1.453,0.292,6,1.0,No,No,Yes,,,,0.9641
858,19,Isiolo North Secondary,15,Girl,3,Q3 — Middle,2,7.12,Personal device,2.0,Yes,0.073,0,Yes,Low,7,1,0.205,No,No,Yes,1,Still enrolled,Stable Achievers,-0.073,0.956,0.355,7,2.0,No,No,No,,,,0.9923
859,4,Machakos Hilltop Secondary,13,Boy,4,Q4 — High,1,10.84,Shared device,1.0,Yes,0.427,0,No,Low,7,1,0.255,No,No,Yes,1,Still enrolled,Stable Achievers,-0.427,1.442,0.355,7,1.5,Yes,No,No,,,,0.9725
860,18,Narok Savannah Secondary,15,Girl,3,Q3 — Middle,4,10.01,,,No,-0.395,1,No,Low,5,0,0.228,No,,Yes,1,Still enrolled,Stable Achievers,1.395,,0.378,5,,Yes,No,No,,,,0.9423
861,14,Bungoma West Secondary,17,Boy,1,Q1 — Lowest,5,19.11,No access,0.0,Yes,-1.343,2,No,Low,3,1,0.284,No,No,Yes,1,Still enrolled,Academic Strugglers,3.343,2.956,0.534,3,1.0,Yes,No,Yes,School Fee Support,15000.0,3.763,0.729
862,13,Meru Mountain Secondary,14,Boy,4,Q4 — High,5,0.58,Shared device,1.0,Yes,-0.981,1,No,Moderate,8,1,0.209,No,No,Yes,1,Still enrolled,Stable Achievers,1.981,0.929,0.309,16,1.5,No,No,No,,,,0.973
863,15,Embu Sunrise Secondary,16,Boy,3,Q3 — Middle,5,9.07,No access,0.0,Yes,-0.473,2,No,Moderate,4,0,0.261,No,No,Yes,1,Still enrolled,Academic Strugglers,2.473,2.053,0.411,8,1.0,Yes,No,Yes,,,,0.8865
864,2,Nyandarua Mixed Secondary,16,Girl,5,Q5 — Highest,4,12.24,Shared device,1.0,No,0.265,2,No,Low,4,1,0.224,No,Yes,Yes,1,Still enrolled,Stable Achievers,1.735,1.312,0.274,4,1.5,Yes,No,No,,,,0.8499
865,2,Nyandarua Mixed Secondary,14,Boy,1,Q1 — Lowest,4,10.34,Personal device,2.0,No,-2.003,3,No,Low,2,1,0.32,No,No,No,0,Financial Instability,Academic Strugglers,5.003,1.517,0.57,2,1.0,Yes,Yes,No,School Fee Support,15000.0,3.809,0.5813
866,2,Nyandarua Mixed Secondary,14,Girl,5,Q5 — Highest,6,8.37,Personal device,2.0,Yes,-0.44,1,No,High,13,0,0.166,No,Yes,Yes,1,Still enrolled,Stable Achievers,1.44,0.618,0.216,39,3.0,Yes,No,No,,,,0.9621
867,1,Kilimani Day Secondary,16,Girl,1,Q1 — Lowest,1,3.93,No access,0.0,Yes,-1.306,2,No,Low,5,0,0.316,No,No,Yes,1,Still enrolled,Academic Strugglers,3.306,2.197,0.566,5,1.0,No,No,Yes,School Fee Support,15000.0,3.262,0.9196
868,19,Isiolo North Secondary,17,Boy,1,Q1 — Lowest,6,6.39,No access,0.0,Yes,-2.575,3,No,High,16,1,0.259,No,Yes,Yes,1,Still enrolled,Health-Constrained,5.575,2.32,0.509,48,2.0,No,Yes,Yes,School Fee Support,15000.0,3.153,0.8229
869,9,Kakamega Forest Secondary,15,Girl,3,Q3 — Middle,4,3.46,No access,0.0,Yes,0.74,0,No,Low,7,0,0.225,No,Yes,Yes,1,Still enrolled,Stable Achievers,-0.74,1.773,0.375,7,2.0,No,No,Yes,,,,0.9847
870,3,Kisumu Lakeside Secondary,14,Boy,2,Q2 — Low,6,11.75,No access,0.0,Yes,-1.75,3,No,Low,4,0,0.282,No,,Yes,1,Still enrolled,Academic Strugglers,4.75,2.388,0.482,4,,Yes,Yes,Yes,School Fee Support,15000.0,3.387,0.6768
871,7,Eldoret Highlands Secondary,15,Boy,3,Q3 — Middle,3,,Shared device,1.0,No,-0.872,3,No,Low,3,1,,No,No,Yes,1,Still enrolled,Academic Strugglers,3.872,,,3,0.5,No,Yes,No,,,,0.8644
872,3,Kisumu Lakeside Secondary,16,Boy,2,Q2 — Low,4,3.76,Personal device,2.0,Yes,-2.082,3,No,High,13,1,0.214,No,Yes,Yes,1,Still enrolled,Health-Constrained,5.082,0.988,0.414,39,3.0,No,Yes,No,Health & Attendance Support,5000.0,2.493,0.8033
873,19,Isiolo North Secondary,15,Boy,1,Q1 — Lowest,7,7.86,Shared device,1.0,Yes,-0.47,2,No,Low,7,1,0.32,No,,Yes,1,Still enrolled,Academic Strugglers,2.47,1.893,0.57,7,,No,No,No,School Fee Support,15000.0,3.309,0.9567
874,16,Kericho Highlands Secondary,15,Boy,4,Q4 — High,2,9.28,Personal device,2.0,Yes,-0.602,1,No,Low,3,2,0.228,No,No,Yes,1,Still enrolled,Stable Achievers,1.602,0.864,0.328,3,2.0,Yes,No,No,,,,0.9631
875,1,Kilimani Day Secondary,13,Girl,4,Q4 — High,3,,Shared device,1.0,Yes,0.529,0,No,Low,9,1,0.171,No,No,Yes,1,Still enrolled,Stable Achievers,-0.529,,0.271,9,1.5,No,No,No,,,,0.9924
876,7,Eldoret Highlands Secondary,16,Boy,2,Q2 — Low,2,12.86,No access,0.0,Yes,0.539,0,No,Low,4,2,0.283,No,No,Yes,1,Still enrolled,Academic Strugglers,-0.539,2.443,0.483,4,1.0,Yes,No,Yes,,,,0.9261
877,14,Bungoma West Secondary,15,Girl,2,Q2 — Low,9,12.58,No access,0.0,Yes,-0.431,1,No,Low,5,2,0.298,No,Yes,Yes,1,Still enrolled,Academic Strugglers,1.431,2.429,0.498,5,2.0,Yes,No,Yes,School Fee Support,15000.0,2.922,0.8962
878,9,Kakamega Forest Secondary,15,Boy,4,Q4 — High,4,2.32,No access,0.0,Yes,1.277,0,No,Low,7,2,0.173,No,,Yes,1,Still enrolled,Stable Achievers,-1.277,1.516,0.273,7,,No,No,Yes,,,,0.9886
879,5,Nakuru Valley Secondary,16,Girl,2,Q2 — Low,4,,No access,0.0,Yes,-2.488,3,No,High,14,0,0.295,No,No,Yes,1,Still enrolled,Health-Constrained,5.488,,0.495,42,1.0,No,Yes,Yes,School Fee Support,15000.0,3.559,0.7381
880,9,Kakamega Forest Secondary,14,Boy,3,Q3 — Middle,6,3.14,No access,0.0,Yes,-1.622,3,No,Low,2,2,0.215,No,No,Yes,1,Still enrolled,Academic Strugglers,4.622,1.757,0.365,2,1.0,No,Yes,Yes,,,,0.9701
881,9,Kakamega Forest Secondary,13,Boy,5,Q5 — Highest,3,0.61,,,No,0.803,0,No,Low,4,1,0.188,No,No,Yes,1,Still enrolled,Stable Achievers,-0.803,,0.238,4,,No,No,No,,,,0.9917
882,15,Embu Sunrise Secondary,16,Boy,4,Q4 — High,6,5.81,Shared device,1.0,Yes,-1.006,2,No,Moderate,4,1,0.236,No,Yes,Yes,1,Still enrolled,Stable Achievers,3.006,1.191,0.336,8,2.5,No,No,No,,,,0.9655
883,12,Garissa Horizon Secondary,14,Boy,3,Q3 — Middle,10,6.69,Personal device,2.0,Yes,-1.147,3,No,Low,4,1,0.29,No,,Yes,1,Still enrolled,Academic Strugglers,4.147,0.935,0.44,4,,No,Yes,No,Academic Tutoring / Catch-up,8000.0,1.977,0.8869
884,10,Nyeri Ridge Secondary,17,Boy,4,Q4 — High,9,6.92,Shared device,1.0,No,-1.726,2,No,Low,8,1,0.176,No,No,Yes,1,Still enrolled,Stable Achievers,3.726,1.246,0.276,8,0.5,No,No,No,,,,0.8227
885,13,Meru Mountain Secondary,14,Boy,1,Q1 — Lowest,4,9.83,Personal device,2.0,Yes,-1.555,1,No,High,17,1,0.225,No,No,Yes,1,Still enrolled,Health-Constrained,2.555,1.492,0.475,51,2.0,Yes,No,No,School Fee Support,15000.0,2.732,0.7921
886,17,Malindi Shore Secondary,16,Boy,4,Q4 — High,3,,Shared device,1.0,No,-1.451,4,No,High,16,0,0.228,Yes,No,Yes,1,Still enrolled,Health-Constrained,5.451,,0.328,48,0.5,No,Yes,No,Health & Attendance Support,5000.0,2.178,0.7987
887,2,Nyandarua Mixed Secondary,13,Boy,1,Q1 — Lowest,3,,No access,0.0,Yes,-1.762,2,No,Low,2,1,0.239,No,No,Yes,1,Still enrolled,Academic Strugglers,3.762,,0.489,2,1.0,No,No,Yes,School Fee Support,15000.0,2.528,0.9062
888,10,Nyeri Ridge Secondary,13,Girl,2,Q2 — Low,7,4.62,No access,0.0,Yes,-1.82,1,No,Low,12,1,0.241,No,No,Yes,1,Still enrolled,Academic Strugglers,2.82,2.031,0.441,12,1.0,No,No,Yes,School Fee Support,15000.0,1.847,0.7863
889,16,Kericho Highlands Secondary,17,Boy,3,Q3 — Middle,4,1.93,No access,0.0,No,0.237,0,Yes,Moderate,11,1,,No,No,No,0,Health Related,Stable Achievers,-0.237,1.697,,22,0.0,No,No,Yes,Health & Attendance Support,5000.0,0.759,0.983
890,6,Mombasa Coast Secondary,13,Girl,2,Q2 — Low,6,2.02,No access,0.0,Yes,-2.97,3,No,Low,3,0,0.298,No,Yes,Yes,1,Still enrolled,Academic Strugglers,5.97,1.901,0.498,3,2.0,No,Yes,Yes,School Fee Support,15000.0,3.276,0.8883
891,18,Narok Savannah Secondary,13,Girl,4,Q4 — High,6,7.33,No access,0.0,Yes,-0.878,0,No,Moderate,13,0,0.262,No,No,Yes,1,Still enrolled,Health-Constrained,0.878,1.767,0.362,26,1.0,No,No,Yes,,,,0.9032
892,4,Machakos Hilltop Secondary,14,Girl,3,Q3 — Middle,3,13.69,Shared device,1.0,Yes,-1.111,2,No,Low,7,2,0.189,No,No,Yes,1,Still enrolled,Stable Achievers,3.111,1.785,0.339,7,1.5,Yes,No,No,,,,0.8539
893,1,Kilimani Day Secondary,13,Boy,5,Q5 — Highest,4,3.7,Shared device,1.0,No,0.071,1,Yes,Low,3,1,0.235,No,No,Yes,1,Still enrolled,Stable Achievers,0.929,0.885,0.285,3,0.5,No,No,No,,,,0.9916
894,16,Kericho Highlands Secondary,14,Girl,2,Q2 — Low,9,9.36,No access,0.0,Yes,-2.205,4,No,High,13,0,0.228,Yes,Yes,Yes,1,Still enrolled,Health-Constrained,6.205,2.268,0.428,39,2.0,Yes,Yes,Yes,Health & Attendance Support,5000.0,2.901,0.7839
895,16,Kericho Highlands Secondary,16,Girl,3,Q3 — Middle,3,10.09,Shared device,1.0,Yes,-2.406,5,No,Low,6,1,0.23,Yes,No,Yes,1,Still enrolled,Academic Strugglers,7.406,1.605,0.38,6,1.5,Yes,Yes,No,Academic Tutoring / Catch-up,8000.0,2.725,0.7979
896,5,Nakuru Valley Secondary,13,Girl,1,Q1 — Lowest,8,12.9,Shared device,1.0,No,-2.393,4,No,Moderate,19,1,0.285,Yes,,No,0,Health Related,Health-Constrained,6.393,2.145,0.535,38,,Yes,Yes,No,School Fee Support,15000.0,4.37,0.5302
897,20,Busia Border Secondary,17,Boy,1,Q1 — Lowest,5,6.57,No access,0.0,Yes,-1.418,3,No,Low,5,0,0.25,No,Yes,Yes,1,Still enrolled,Academic Strugglers,4.418,2.329,0.5,5,2.0,No,Yes,Yes,School Fee Support,15000.0,2.712,0.8718
898,13,Meru Mountain Secondary,17,Girl,3,Q3 — Middle,7,1.32,No access,0.0,No,-0.941,2,No,Moderate,14,2,0.26,No,Yes,Yes,1,Still enrolled,Health-Constrained,2.941,1.666,0.41,28,1.0,No,No,Yes,,,,0.905
899,1,Kilimani Day Secondary,14,Boy,5,Q5 — Highest,6,4.79,Personal device,2.0,No,-0.992,2,No,Low,3,2,0.19,No,,Yes,1,Still enrolled,Stable Achievers,2.992,0.44,0.24,3,,No,No,No,,,,0.9853
900,13,Meru Mountain Secondary,14,Girl,2,Q2 — Low,2,5.87,Shared device,1.0,Yes,-0.715,1,No,Low,6,0,0.32,No,Yes,Yes,1,Still enrolled,Academic Strugglers,1.715,1.593,0.52,6,2.5,No,No,No,School Fee Support,15000.0,2.803,0.9333
901,7,Eldoret Highlands Secondary,13,Boy,3,Q3 — Middle,0,1.32,No access,0.0,Yes,-1.168,1,No,Moderate,5,1,,No,No,Yes,1,Still enrolled,Stable Achievers,2.168,1.666,,10,1.0,No,No,Yes,,,,0.9631
902,20,Busia Border Secondary,15,Boy,5,Q5 — Highest,3,5.88,Personal device,2.0,Yes,-1.476,1,Yes,Low,7,2,0.168,No,Yes,Yes,1,Still enrolled,Stable Achievers,2.476,0.494,0.218,7,3.0,No,No,No,,,,0.9872
903,6,Mombasa Coast Secondary,15,Boy,1,Q1 — Lowest,9,4.71,Shared device,1.0,No,-1.407,1,No,Low,8,1,0.249,No,No,Yes,1,Still enrolled,Academic Strugglers,2.407,1.736,0.499,8,0.5,No,No,No,School Fee Support,15000.0,2.441,0.8275
904,2,Nyandarua Mixed Secondary,13,Girl,4,Q4 — High,6,18.87,No access,0.0,Yes,-0.472,3,No,Low,5,1,0.275,No,Yes,Yes,1,Still enrolled,Academic Strugglers,3.472,2.343,0.375,5,2.0,Yes,Yes,Yes,Transport / Boarding Support,6000.0,1.819,0.7321
905,18,Narok Savannah Secondary,17,Girl,4,Q4 — High,2,4.31,Shared device,1.0,Yes,-1.41,2,Yes,Low,9,2,0.255,No,,Yes,1,Still enrolled,Stable Achievers,3.41,1.115,0.355,9,,No,No,No,,,,0.9004
906,5,Nakuru Valley Secondary,14,Boy,3,Q3 — Middle,4,9.94,Shared device,1.0,Yes,-0.899,1,No,Low,8,2,0.258,No,Yes,Yes,1,Still enrolled,Stable Achievers,1.899,1.597,0.408,8,2.5,Yes,No,No,,,,0.9463
907,7,Eldoret Highlands Secondary,16,Girl,2,Q2 — Low,5,4.89,No access,0.0,Yes,-1.419,2,No,Low,1,0,0.287,No,No,Yes,1,Still enrolled,Academic Strugglers,3.419,2.045,0.487,1,1.0,No,No,Yes,School Fee Support,15000.0,2.812,0.916
908,14,Bungoma West Secondary,15,Boy,4,Q4 — High,2,,Shared device,1.0,Yes,-0.543,2,No,Low,4,0,0.196,No,No,Yes,1,Still enrolled,Stable Achievers,2.543,,0.296,4,1.5,No,No,No,,,,0.9649
909,7,Eldoret Highlands Secondary,16,Boy,5,Q5 — Highest,2,3.21,Personal device,2.0,No,0.585,1,Yes,Low,6,2,0.162,No,No,Yes,1,Still enrolled,Stable Achievers,0.415,0.36,0.212,6,1.0,No,No,No,,,,0.9853
910,7,Eldoret Highlands Secondary,15,Boy,2,Q2 — Low,4,3.52,No access,0.0,Yes,0.121,1,No,Low,8,2,0.261,No,No,Yes,1,Still enrolled,Academic Strugglers,0.879,1.976,0.461,8,1.0,No,No,Yes,,,,0.9537
911,10,Nyeri Ridge Secondary,17,Boy,2,Q2 — Low,7,9.16,Shared device,1.0,Yes,-0.853,2,No,Low,3,0,0.32,No,No,No,0,Financial Instability,Academic Strugglers,2.853,1.758,0.52,3,1.5,Yes,No,No,School Fee Support,15000.0,3.068,0.809
912,3,Kisumu Lakeside Secondary,13,Girl,4,Q4 — High,4,6.93,No access,0.0,Yes,-3.078,5,No,Low,5,0,0.241,Yes,No,Yes,1,Still enrolled,Academic Strugglers,8.078,1.747,0.341,5,1.0,No,Yes,Yes,Academic Tutoring / Catch-up,8000.0,2.505,0.6106
913,11,Kitale Plains Secondary,16,Girl,3,Q3 — Middle,6,7.6,Shared device,1.0,Yes,0.237,0,No,Low,1,1,0.257,No,Yes,Yes,1,Still enrolled,Stable Achievers,-0.237,1.48,0.407,1,2.5,No,No,No,,,,0.9811
914,18,Narok Savannah Secondary,16,Boy,1,Q1 — Lowest,2,5.69,No access,0.0,Yes,-1.065,2,No,Low,5,0,0.313,No,No,No,0,Other,Academic Strugglers,3.065,2.285,0.563,5,1.0,No,No,Yes,School Fee Support,15000.0,3.27,0.7888
915,20,Busia Border Secondary,16,Boy,4,Q4 — High,6,,No access,0.0,No,0.842,1,No,Low,6,1,0.21,No,No,Yes,1,Still enrolled,Stable Achievers,0.158,,0.31,6,0.0,No,No,Yes,,,,0.9583
916,15,Embu Sunrise Secondary,17,Girl,3,Q3 — Middle,6,2.14,No access,0.0,No,-0.081,3,Yes,Moderate,4,1,0.248,No,No,Yes,1,Still enrolled,Academic Strugglers,3.081,1.707,0.398,8,0.0,No,Yes,Yes,,,,0.9077
917,12,Garissa Horizon Secondary,17,Boy,2,Q2 — Low,5,6.16,No access,0.0,Yes,-0.779,1,No,Low,2,0,0.203,No,No,Yes,1,Still enrolled,Academic Strugglers,1.779,2.108,0.403,2,1.0,No,No,Yes,,,,0.928
918,5,Nakuru Valley Secondary,14,Boy,2,Q2 — Low,5,5.3,Shared device,1.0,Yes,-1.933,4,No,Low,3,0,0.3,Yes,No,No,0,Academic Performance,Academic Strugglers,5.933,1.565,0.5,3,1.5,No,Yes,No,School Fee Support,15000.0,3.349,0.8673
919,18,Narok Savannah Secondary,14,Boy,3,Q3 — Middle,4,10.29,No access,0.0,No,-1.044,2,No,Moderate,8,1,0.212,No,No,No,0,Health Related,Academic Strugglers,3.044,2.115,0.362,16,0.0,Yes,No,Yes,Academic Tutoring / Catch-up,8000.0,1.366,0.7789
920,2,Nyandarua Mixed Secondary,14,Boy,2,Q2 — Low,2,11.81,No access,0.0,Yes,-1.409,3,Yes,Moderate,10,0,0.314,No,No,No,0,Financial Instability,Health-Constrained,4.409,2.391,0.514,20,1.0,Yes,Yes,Yes,School Fee Support,15000.0,3.586,0.7926
921,15,Embu Sunrise Secondary,13,Girl,3,Q3 — Middle,3,,Shared device,1.0,Yes,-0.978,2,No,Low,6,2,0.229,No,No,Yes,1,Still enrolled,Stable Achievers,2.978,,0.379,6,1.5,No,No,No,,,,0.9677
922,17,Malindi Shore Secondary,16,Girl,1,Q1 — Lowest,5,7.89,No access,0.0,Yes,-2.009,3,No,Low,6,1,0.291,No,No,Yes,1,Still enrolled,Academic Strugglers,5.009,2.395,0.541,6,1.0,No,Yes,Yes,School Fee Support,15000.0,3.657,0.844
923,10,Nyeri Ridge Secondary,17,Girl,2,Q2 — Low,6,20.0,Shared device,1.0,Yes,-2.171,2,No,Low,3,1,0.229,No,No,No,0,Commute Distance,Academic Strugglers,4.171,2.3,0.429,3,1.5,Yes,No,No,School Fee Support,15000.0,2.294,0.6455
924,12,Garissa Horizon Secondary,15,Boy,4,Q4 — High,5,0.42,Personal device,2.0,Yes,0.085,0,Yes,Moderate,5,1,0.185,No,No,Yes,1,Still enrolled,Stable Achievers,-0.085,0.421,0.285,10,2.0,No,No,No,,,,0.9896
925,17,Malindi Shore Secondary,17,Girl,1,Q1 — Lowest,6,17.58,No access,0.0,Yes,-1.377,2,No,Low,3,1,0.232,No,No,No,0,Commute Distance,Academic Strugglers,3.377,2.879,0.482,3,1.0,Yes,No,Yes,School Fee Support,15000.0,2.89,0.6972
926,19,Isiolo North Secondary,13,Girl,3,Q3 — Middle,7,5.45,Personal device,2.0,Yes,-1.887,2,No,Low,2,1,0.24,No,No,Yes,1,Still enrolled,Stable Achievers,3.887,0.873,0.39,2,2.0,No,No,No,,,,0.9301
927,1,Kilimani Day Secondary,16,Girl,3,Q3 — Middle,3,2.58,Personal device,2.0,No,-2.389,2,No,Low,2,0,0.184,No,No,Yes,1,Still enrolled,Stable Achievers,4.389,0.729,0.334,2,1.0,No,No,No,,,,0.9488
928,11,Kitale Plains Secondary,13,Boy,4,Q4 — High,6,1.7,No access,0.0,Yes,-1.461,3,No,Low,7,1,0.279,No,No,Yes,1,Still enrolled,Academic Strugglers,4.461,1.485,0.379,7,1.0,No,Yes,Yes,,,,0.9229
929,9,Kakamega Forest Secondary,16,Boy,1,Q1 — Lowest,9,5.21,,,Yes,-0.379,0,No,Low,5,2,,No,No,Yes,1,Still enrolled,Academic Strugglers,0.379,,,5,,No,No,No,,,,0.9519
930,5,Nakuru Valley Secondary,17,Girl,4,Q4 — High,3,5.1,Shared device,1.0,Yes,-0.543,2,No,Low,4,3,0.18,No,No,Yes,1,Still enrolled,Stable Achievers,2.543,1.155,0.28,4,1.5,No,No,No,,,,0.9691
931,18,Narok Savannah Secondary,14,Boy,2,Q2 — Low,3,1.96,Shared device,1.0,Yes,-1.966,4,No,Low,5,1,0.25,Yes,No,Yes,1,Still enrolled,Academic Strugglers,5.966,1.398,0.45,5,1.5,No,Yes,No,School Fee Support,15000.0,2.519,0.8494
932,3,Kisumu Lakeside Secondary,16,Boy,1,Q1 — Lowest,2,4.22,No access,0.0,Yes,-0.815,2,No,Low,7,1,0.316,No,No,Yes,1,Still enrolled,Academic Strugglers,2.815,2.211,0.566,7,1.0,No,No,Yes,School Fee Support,15000.0,3.204,0.8185
933,7,Eldoret Highlands Secondary,16,Boy,1,Q1 — Lowest,10,12.92,No access,0.0,Yes,-2.763,2,Yes,Low,8,2,0.221,No,No,Yes,1,Still enrolled,Academic Strugglers,4.763,2.646,0.471,8,1.0,Yes,No,Yes,School Fee Support,15000.0,3.024,0.7379
934,9,Kakamega Forest Secondary,15,Boy,3,Q3 — Middle,6,2.26,Personal device,2.0,No,0.277,0,No,Low,9,1,0.25,No,Yes,Yes,1,Still enrolled,Stable Achievers,-0.277,0.713,0.4,9,2.0,No,No,No,,,,0.9745
935,5,Nakuru Valley Secondary,15,Boy,3,Q3 — Middle,5,11.27,No access,0.0,Yes,-0.142,0,No,Low,10,2,0.194,No,Yes,Yes,1,Still enrolled,Stable Achievers,0.142,2.163,0.344,10,2.0,Yes,No,Yes,,,,0.9727
936,14,Bungoma West Secondary,13,Boy,3,Q3 — Middle,3,4.4,No access,0.0,Yes,-0.741,1,No,Moderate,11,1,0.235,No,No,Yes,1,Still enrolled,Health-Constrained,1.741,1.82,0.385,22,1.0,No,No,Yes,,,,0.9603
937,13,Meru Mountain Secondary,16,Girl,5,Q5 — Highest,8,4.06,Shared device,1.0,No,0.199,1,No,Low,8,1,0.202,No,Yes,Yes,1,Still enrolled,Stable Achievers,0.801,0.903,0.252,8,1.5,No,No,No,,,,0.9723
938,1,Kilimani Day Secondary,17,Girl,2,Q2 — Low,4,,Shared device,1.0,Yes,-2.594,3,No,Moderate,11,0,0.32,No,No,Yes,1,Still enrolled,Health-Constrained,5.594,,0.52,22,1.5,No,Yes,No,School Fee Support,15000.0,3.629,0.8104
939,4,Machakos Hilltop Secondary,14,Boy,1,Q1 — Lowest,4,5.13,Shared device,1.0,Yes,-3.984,7,No,Low,2,1,0.271,Yes,No,Yes,1,Still enrolled,Academic Strugglers,10.984,1.756,0.521,2,1.5,No,Yes,No,School Fee Support,15000.0,4.401,0.564
940,8,Thika Green Secondary,14,Boy,2,Q2 — Low,7,20.0,Shared device,1.0,Yes,0.595,0,Yes,Moderate,10,0,0.209,No,No,Yes,1,Still enrolled,Health-Constrained,-0.595,2.3,0.409,20,1.5,Yes,No,No,Transport / Boarding Support,6000.0,1.811,0.8518
941,18,Narok Savannah Secondary,13,Girl,1,Q1 — Lowest,8,9.95,No access,0.0,Yes,-1.724,2,Yes,Low,4,1,0.291,No,Yes,No,0,Household Pressure,Academic Strugglers,3.724,2.497,0.541,4,2.0,Yes,No,Yes,School Fee Support,15000.0,3.488,0.707
942,9,Kakamega Forest Secondary,14,Girl,4,Q4 — High,3,6.44,No access,0.0,Yes,0.883,1,No,Moderate,15,1,0.267,No,No,Yes,1,Still enrolled,Stable Achievers,0.117,1.722,0.367,30,1.0,No,No,Yes,,,,0.9453
943,9,Kakamega Forest Secondary,16,Boy,4,Q4 — High,7,8.64,No access,0.0,Yes,-1.636,2,No,Low,2,1,0.23,No,Yes,Yes,1,Still enrolled,Stable Achievers,3.636,1.832,0.33,2,2.0,Yes,No,Yes,,,,0.9384
944,14,Bungoma West Secondary,16,Boy,2,Q2 — Low,4,5.29,No access,0.0,Yes,-1.102,1,No,Low,7,2,0.284,No,No,No,0,Financial Instability,Academic Strugglers,2.102,2.065,0.484,7,1.0,No,No,Yes,School Fee Support,15000.0,2.725,0.9216
945,16,Kericho Highlands Secondary,17,Girl,2,Q2 — Low,2,1.74,No access,0.0,Yes,-1.442,3,No,Low,6,0,0.292,No,No,Yes,1,Still enrolled,Academic Strugglers,4.442,1.887,0.492,6,1.0,No,Yes,Yes,School Fee Support,15000.0,2.954,0.8854
946,4,Machakos Hilltop Secondary,17,Boy,2,Q2 — Low,4,0.73,Shared device,1.0,Yes,-2.63,5,No,Low,10,1,0.32,Yes,Yes,Yes,1,Still enrolled,Academic Strugglers,7.63,1.336,0.52,10,2.5,No,Yes,No,School Fee Support,15000.0,3.689,0.8876
947,14,Bungoma West Secondary,15,Boy,3,Q3 — Middle,4,0.48,Personal device,2.0,Yes,-3.219,5,No,Low,9,1,0.299,Yes,Yes,Yes,1,Still enrolled,Academic Strugglers,8.219,0.624,0.449,9,3.0,No,Yes,No,Academic Tutoring / Catch-up,8000.0,2.829,0.8997
948,18,Narok Savannah Secondary,13,Boy,1,Q1 — Lowest,4,20.0,,,Yes,-1.387,1,No,Moderate,5,2,0.248,No,No,No,0,Commute Distance,Academic Strugglers,2.387,,0.498,10,,Yes,No,No,School Fee Support,15000.0,2.956,0.7874
949,18,Narok Savannah Secondary,13,Girl,3,Q3 — Middle,5,9.06,Shared device,1.0,No,0.628,0,No,High,14,0,0.286,No,,Yes,1,Still enrolled,Health-Constrained,-0.628,1.553,0.436,42,,Yes,No,No,,,,0.8263
950,7,Eldoret Highlands Secondary,15,Girl,1,Q1 — Lowest,3,20.0,No access,0.0,Yes,-2.242,1,Yes,Low,5,0,0.283,No,No,No,0,Commute Distance,Academic Strugglers,3.242,3.0,0.533,5,1.0,Yes,No,Yes,School Fee Support,15000.0,3.895,0.4423
951,16,Kericho Highlands Secondary,16,Boy,4,Q4 — High,3,,Shared device,1.0,No,-0.12,1,No,Low,2,1,0.273,No,No,Yes,1,Still enrolled,Stable Achievers,1.12,,0.373,2,0.5,No,No,No,,,,0.9286
952,17,Malindi Shore Secondary,14,Boy,3,Q3 — Middle,3,1.69,No access,0.0,Yes,-0.594,2,No,Low,6,2,0.185,No,,Yes,1,Still enrolled,Stable Achievers,2.594,1.684,0.335,6,,No,No,Yes,,,,0.9202
953,4,Machakos Hilltop Secondary,15,Boy,2,Q2 — Low,3,20.0,No access,0.0,Yes,-3.814,4,No,Moderate,5,2,0.231,Yes,No,No,0,Academic Performance,Academic Strugglers,7.814,2.8,0.431,10,1.0,Yes,Yes,Yes,Academic Tutoring / Catch-up,8000.0,3.469,0.582
954,17,Malindi Shore Secondary,17,Girl,3,Q3 — Middle,2,6.41,,,Yes,-0.392,1,No,High,13,1,0.299,No,No,Yes,1,Still enrolled,Health-Constrained,1.392,,0.449,39,,No,No,No,,,,0.9619
955,19,Isiolo North Secondary,16,Girl,2,Q2 — Low,4,9.87,No access,0.0,Yes,-0.742,2,Yes,Low,6,1,0.285,No,No,No,0,Financial Instability,Academic Strugglers,2.742,2.293,0.485,6,1.0,Yes,No,Yes,School Fee Support,15000.0,2.982,0.9344
956,18,Narok Savannah Secondary,14,Girl,4,Q4 — High,1,10.81,Personal device,2.0,No,-2.088,3,No,Moderate,11,2,0.213,No,No,Yes,1,Still enrolled,Stable Achievers,5.088,0.94,0.313,22,1.0,Yes,Yes,No,Academic Tutoring / Catch-up,8000.0,1.773,0.8323
957,18,Narok Savannah Secondary,17,Boy,1,Q1 — Lowest,3,,,,Yes,-0.679,0,Yes,Moderate,11,2,0.272,No,No,Yes,1,Still enrolled,Health-Constrained,0.679,,0.522,22,,No,No,No,School Fee Support,15000.0,2.833,0.9057
958,6,Mombasa Coast Secondary,14,Girl,2,Q2 — Low,4,6.33,Shared device,1.0,Yes,-2.205,2,No,Low,3,0,0.249,No,No,No,0,Psychosocial,Academic Strugglers,4.205,1.616,0.449,3,1.5,No,No,No,School Fee Support,15000.0,1.952,0.9028
959,10,Nyeri Ridge Secondary,13,Boy,2,Q2 — Low,8,5.13,Shared device,1.0,Yes,-2.208,2,No,High,18,0,0.299,No,No,Yes,1,Still enrolled,Health-Constrained,4.208,1.557,0.499,54,1.5,No,No,No,School Fee Support,15000.0,3.417,0.7247
960,17,Malindi Shore Secondary,16,Boy,1,Q1 — Lowest,7,11.55,Shared device,1.0,Yes,-2.147,3,No,Low,5,0,0.312,No,Yes,No,0,Financial Instability,Academic Strugglers,5.147,2.078,0.562,5,2.5,Yes,Yes,No,School Fee Support,15000.0,3.924,0.6373
961,2,Nyandarua Mixed Secondary,16,Boy,3,Q3 — Middle,7,4.82,No access,0.0,No,-0.406,1,Yes,High,14,1,0.265,No,No,No,0,Other,Health-Constrained,1.406,1.841,0.415,42,0.0,No,No,Yes,Health & Attendance Support,5000.0,1.926,0.8477
962,5,Nakuru Valley Secondary,17,Boy,1,Q1 — Lowest,4,1.88,No access,0.0,No,-2.845,3,Yes,Low,8,0,0.232,No,No,Yes,1,Still enrolled,Academic Strugglers,5.845,2.094,0.482,8,0.0,No,Yes,Yes,School Fee Support,15000.0,2.793,0.8222
963,5,Nakuru Valley Secondary,13,Girl,3,Q3 — Middle,5,3.61,Personal device,2.0,No,-0.722,0,Yes,Low,4,0,0.247,No,No,Yes,1,Still enrolled,Stable Achievers,0.722,0.781,0.397,4,1.0,No,No,No,,,,0.9841
964,8,Thika Green Secondary,16,Boy,4,Q4 — High,7,3.88,Personal device,2.0,Yes,-0.812,2,No,Low,8,1,0.236,No,Yes,Yes,1,Still enrolled,Stable Achievers,2.812,0.594,0.336,8,3.0,No,No,No,,,,0.978
965,3,Kisumu Lakeside Secondary,17,Girl,2,Q2 — Low,6,2.61,,,Yes,-1.93,4,No,Low,3,1,0.287,Yes,Yes,Yes,1,Still enrolled,Academic Strugglers,5.93,,0.487,3,,No,Yes,No,School Fee Support,15000.0,3.169,0.7889
966,4,Machakos Hilltop Secondary,15,Girl,2,Q2 — Low,9,5.69,Shared device,1.0,Yes,-2.66,2,No,Low,4,1,0.307,No,,Yes,1,Still enrolled,Academic Strugglers,4.66,1.585,0.507,4,,No,No,No,School Fee Support,15000.0,3.281,0.9143
967,20,Busia Border Secondary,17,Boy,2,Q2 — Low,8,6.9,No access,0.0,Yes,-0.631,1,No,High,23,1,0.301,No,,Yes,1,Still enrolled,Health-Constrained,1.631,2.145,0.501,69,,No,No,Yes,School Fee Support,15000.0,3.112,0.8554
968,10,Nyeri Ridge Secondary,13,Boy,2,Q2 — Low,5,4.77,No access,0.0,Yes,-1.929,3,No,Low,4,2,0.308,No,No,Yes,1,Still enrolled,Academic Strugglers,4.929,2.038,0.508,4,1.0,No,Yes,Yes,School Fee Support,15000.0,3.23,0.8502
969,17,Malindi Shore Secondary,13,Girl,2,Q2 — Low,2,1.42,Personal device,2.0,Yes,-1.875,3,No,Low,9,0,0.27,No,Yes,Yes,1,Still enrolled,Academic Strugglers,4.875,0.871,0.47,9,3.0,No,Yes,No,School Fee Support,15000.0,3.004,0.9408
970,2,Nyandarua Mixed Secondary,14,Boy,3,Q3 — Middle,6,6.68,Personal device,2.0,Yes,-0.439,1,No,Low,3,2,0.207,No,No,Yes,1,Still enrolled,Stable Achievers,1.439,0.934,0.357,3,2.0,No,No,No,,,,0.9544
971,2,Nyandarua Mixed Secondary,17,Girl,2,Q2 — Low,4,8.49,Personal device,2.0,Yes,0.405,0,No,High,18,0,0.228,No,Yes,Yes,1,Still enrolled,Health-Constrained,-0.405,1.225,0.428,54,3.0,Yes,No,No,,,,0.9218
972,20,Busia Border Secondary,16,Boy,3,Q3 — Middle,8,0.42,Shared device,1.0,Yes,-1.061,3,No,Low,9,0,0.231,No,No,Yes,1,Still enrolled,Academic Strugglers,4.061,1.121,0.381,9,1.5,No,Yes,No,,,,0.9747
973,20,Busia Border Secondary,16,Boy,2,Q2 — Low,4,10.62,No access,0.0,Yes,-1.258,3,Yes,Moderate,13,0,0.213,No,Yes,Yes,1,Still enrolled,Health-Constrained,4.258,2.331,0.413,26,2.0,Yes,Yes,Yes,Health & Attendance Support,5000.0,2.588,0.934
974,1,Kilimani Day Secondary,13,Boy,4,Q4 — High,5,0.92,Shared device,1.0,No,-0.229,1,No,Low,6,2,0.202,No,Yes,Yes,1,Still enrolled,Stable Achievers,1.229,0.946,0.302,6,1.5,No,No,No,,,,0.9935
975,5,Nakuru Valley Secondary,17,Girl,5,Q5 — Highest,4,3.4,Personal device,2.0,Yes,-1.195,2,Yes,Low,6,2,0.195,No,No,Yes,1,Still enrolled,Stable Achievers,3.195,0.37,0.245,6,2.0,No,No,No,,,,0.9878
976,10,Nyeri Ridge Secondary,17,Girl,4,Q4 — High,2,5.5,No access,0.0,Yes,-0.397,0,No,Low,4,1,0.23,No,No,Yes,1,Still enrolled,Stable Achievers,0.397,1.675,0.33,4,1.0,No,No,Yes,,,,0.9799
977,13,Meru Mountain Secondary,14,Girl,2,Q2 — Low,1,9.09,No access,0.0,Yes,-1.48,3,No,Low,5,3,0.243,No,Yes,Yes,1,Still enrolled,Academic Strugglers,4.48,2.255,0.443,5,2.0,Yes,Yes,Yes,Academic Tutoring / Catch-up,8000.0,2.187,0.8571
978,17,Malindi Shore Secondary,17,Girl,3,Q3 — Middle,2,,Shared device,1.0,No,-0.668,2,No,Low,7,1,0.266,No,No,Yes,1,Still enrolled,Stable Achievers,2.668,,0.416,7,0.5,No,No,No,,,,0.7752
979,1,Kilimani Day Secondary,14,Boy,4,Q4 — High,7,3.79,,,Yes,1.266,0,Yes,Moderate,9,0,0.233,No,No,Yes,1,Still enrolled,Stable Achievers,-1.266,,0.333,18,,No,No,No,,,,0.9882
980,3,Kisumu Lakeside Secondary,16,Boy,2,Q2 — Low,2,20.0,No access,0.0,No,-1.575,2,No,Moderate,10,2,0.266,No,No,No,0,Commute Distance,Academic Strugglers,3.575,2.8,0.466,20,0.0,Yes,No,Yes,School Fee Support,15000.0,3.625,0.4715
981,1,Kilimani Day Secondary,15,Boy,3,Q3 — Middle,2,10.42,No access,0.0,Yes,-0.835,2,No,Low,1,1,0.236,No,No,Yes,1,Still enrolled,Academic Strugglers,2.835,2.121,0.386,1,1.0,Yes,No,Yes,,,,0.9483
982,12,Garissa Horizon Secondary,14,Girl,1,Q1 — Lowest,5,10.9,Personal device,2.0,Yes,-2.565,2,No,Low,9,0,0.261,No,Yes,Yes,1,Still enrolled,Academic Strugglers,4.565,1.545,0.511,9,3.0,Yes,No,No,School Fee Support,15000.0,3.696,0.9058
983,11,Kitale Plains Secondary,14,Boy,2,Q2 — Low,6,4.97,No access,0.0,Yes,0.38,0,No,Low,11,0,0.215,No,,Yes,1,Still enrolled,Academic Strugglers,-0.38,2.048,0.415,11,,No,No,Yes,,,,0.9717
984,11,Kitale Plains Secondary,17,Boy,2,Q2 — Low,10,7.39,No access,0.0,Yes,-0.956,2,No,Low,4,1,0.319,No,No,Yes,1,Still enrolled,Academic Strugglers,2.956,2.17,0.519,4,1.0,No,No,Yes,School Fee Support,15000.0,3.031,0.8078
985,5,Nakuru Valley Secondary,17,Boy,2,Q2 — Low,6,5.27,No access,0.0,Yes,-1.742,2,No,Low,3,1,0.32,No,,Yes,1,Still enrolled,Academic Strugglers,3.742,2.063,0.52,3,,No,No,Yes,School Fee Support,15000.0,3.093,0.9478
986,16,Kericho Highlands Secondary,16,Girl,1,Q1 — Lowest,3,11.1,No access,0.0,No,-2.373,4,No,Low,2,0,0.32,Yes,Yes,Yes,1,Still enrolled,Academic Strugglers,6.373,2.555,0.57,2,1.0,Yes,Yes,Yes,School Fee Support,15000.0,4.076,0.6012
987,19,Isiolo North Secondary,14,Girl,1,Q1 — Lowest,9,11.27,Personal device,2.0,Yes,-1.515,3,No,Low,5,1,0.268,No,Yes,Yes,1,Still enrolled,Academic Strugglers,4.515,1.564,0.518,5,3.0,Yes,Yes,No,School Fee Support,15000.0,3.57,0.7944
988,14,Bungoma West Secondary,16,Girl,1,Q1 — Lowest,6,3.52,No access,0.0,Yes,-0.631,2,No,Low,10,0,0.268,No,No,Yes,1,Still enrolled,Academic Strugglers,2.631,2.176,0.518,10,1.0,No,No,Yes,School Fee Support,15000.0,2.979,0.9114
989,20,Busia Border Secondary,17,Boy,1,Q1 — Lowest,6,2.9,No access,0.0,Yes,-1.069,1,No,Low,1,0,0.227,No,No,Yes,1,Still enrolled,Academic Strugglers,2.069,2.145,0.477,1,1.0,No,No,Yes,,,,0.9549
990,17,Malindi Shore Secondary,13,Boy,1,Q1 — Lowest,5,2.39,,,Yes,-2.508,3,Yes,Low,4,1,0.32,No,No,Yes,1,Still enrolled,Academic Strugglers,5.508,,0.57,4,,No,Yes,No,School Fee Support,15000.0,3.607,0.8873
991,2,Nyandarua Mixed Secondary,16,Girl,5,Q5 — Highest,8,,Personal device,2.0,No,-0.045,1,No,Low,3,1,0.168,No,Yes,Yes,1,Still enrolled,Stable Achievers,1.045,,0.218,3,2.0,No,No,No,,,,0.9662
992,16,Kericho Highlands Secondary,16,Boy,1,Q1 — Lowest,6,,No access,0.0,Yes,-1.121,1,No,Low,2,1,0.305,No,No,No,0,Financial Instability,Academic Strugglers,2.121,,0.555,2,1.0,No,No,Yes,School Fee Support,15000.0,3.034,0.8676
993,13,Meru Mountain Secondary,15,Girl,2,Q2 — Low,8,4.5,No access,0.0,No,0.931,1,No,Moderate,8,1,0.213,No,,Yes,1,Still enrolled,Academic Strugglers,0.069,2.025,0.413,16,,No,No,Yes,,,,0.9509
994,12,Garissa Horizon Secondary,17,Boy,5,Q5 — Highest,3,8.22,Personal device,2.0,No,-0.473,2,No,Low,1,1,0.236,No,No,Yes,1,Still enrolled,Stable Achievers,2.473,0.611,0.286,1,1.0,Yes,No,No,,,,0.9426
995,5,Nakuru Valley Secondary,16,Girl,2,Q2 — Low,5,1.39,Shared device,1.0,No,-2.113,3,No,Low,5,0,0.214,No,No,No,0,Academic Performance,Academic Strugglers,5.113,1.369,0.414,5,0.5,No,Yes,No,Academic Tutoring / Catch-up,8000.0,2.266,0.9135
996,7,Eldoret Highlands Secondary,14,Boy,4,Q4 — High,0,1.47,,,Yes,-1.043,3,No,Low,1,0,0.273,No,No,Yes,1,Still enrolled,Stable Achievers,4.043,,0.373,1,,No,Yes,No,,,,0.9645
997,8,Thika Green Secondary,16,Girl,2,Q2 — Low,5,8.54,No access,0.0,Yes,-1.261,1,No,Low,10,1,0.223,No,No,Yes,1,Still enrolled,Academic Strugglers,2.261,2.227,0.423,10,1.0,Yes,No,Yes,School Fee Support,15000.0,1.796,0.9129
998,3,Kisumu Lakeside Secondary,14,Boy,5,Q5 — Highest,5,4.55,Personal device,2.0,No,1.237,0,No,Moderate,12,1,0.238,No,Yes,Yes,1,Still enrolled,Stable Achievers,-1.237,0.428,0.288,24,2.0,No,No,No,,,,0.9801
999,7,Eldoret Highlands Secondary,14,Boy,2,Q2 — Low,8,6.73,Personal device,2.0,Yes,-2.145,3,No,Low,5,1,0.32,No,No,Yes,1,Still enrolled,Academic Strugglers,5.145,1.137,0.52,5,2.0,No,Yes,No,School Fee Support,15000.0,3.443,0.7974
1000,4,Machakos Hilltop Secondary,15,Girl,3,Q3 — Middle,5,9.29,Shared device,1.0,No,-0.414,1,No,Low,5,0,,No,No,Yes,1,Still enrolled,Academic Strugglers,1.414,1.565,,5,0.5,Yes,No,No,,,,0.8911
