student_id,school_id,persona,ses_quintile,dropout_risk,retained,match_rank,intervention_id,intervention,persona_priority,signal_boost,fit_score,priority_score,unit_cost_kes,sponsor_action,owner
231,16,Academic Strugglers,1,0.834,0,1,academic_tutoring,Academic Tutoring,3.0,2.5,5.5,6.971,8000,Fund remedial / catch-up classes,School + education NGO
155,5,Health-Constrained,1,0.786,1,1,health_support,Health & Attendance,3.0,2.5,5.5,6.757,5000,Medical vouchers + attendance follow-up,School health partner
603,23,Academic Strugglers,1,0.775,0,1,academic_tutoring,Academic Tutoring,3.0,2.5,5.5,6.711,8000,Fund remedial / catch-up classes,School + education NGO
838,4,Academic Strugglers,1,0.764,1,1,academic_tutoring,Academic Tutoring,3.0,2.5,5.5,6.66,8000,Fund remedial / catch-up classes,School + education NGO
843,5,Academic Strugglers,1,0.76,0,1,academic_tutoring,Academic Tutoring,3.0,2.5,5.5,6.645,8000,Fund remedial / catch-up classes,School + education NGO
432,14,Academic Strugglers,2,0.751,0,1,academic_tutoring,Academic Tutoring,3.0,2.5,5.5,6.603,8000,Fund remedial / catch-up classes,School + education NGO
582,20,Health-Constrained,1,0.74,0,1,health_support,Health & Attendance,3.0,2.5,5.5,6.557,5000,Medical vouchers + attendance follow-up,School health partner
939,8,Academic Strugglers,1,0.734,1,1,academic_tutoring,Academic Tutoring,3.0,2.5,5.5,6.527,8000,Fund remedial / catch-up classes,School + education NGO
896,11,Health-Constrained,1,0.728,1,1,health_support,Health & Attendance,3.0,2.5,5.5,6.505,5000,Medical vouchers + attendance follow-up,School health partner
824,41,Academic Strugglers,1,0.727,1,1,academic_tutoring,Academic Tutoring,3.0,2.5,5.5,6.498,8000,Fund remedial / catch-up classes,School + education NGO
537,42,Health-Constrained,2,0.725,1,1,health_support,Health & Attendance,3.0,2.5,5.5,6.488,5000,Medical vouchers + attendance follow-up,School health partner
792,33,Academic Strugglers,2,0.723,0,1,academic_tutoring,Academic Tutoring,3.0,2.5,5.5,6.483,8000,Fund remedial / catch-up classes,School + education NGO
415,20,Academic Strugglers,1,0.72,1,1,academic_tutoring,Academic Tutoring,3.0,2.5,5.5,6.47,8000,Fund remedial / catch-up classes,School + education NGO
647,46,Academic Strugglers,1,0.718,0,1,academic_tutoring,Academic Tutoring,3.0,2.5,5.5,6.459,8000,Fund remedial / catch-up classes,School + education NGO
151,46,Academic Strugglers,1,0.711,0,1,academic_tutoring,Academic Tutoring,3.0,2.5,5.5,6.43,8000,Fund remedial / catch-up classes,School + education NGO
513,2,Academic Strugglers,1,0.711,1,1,academic_tutoring,Academic Tutoring,3.0,2.5,5.5,6.428,8000,Fund remedial / catch-up classes,School + education NGO
193,4,Academic Strugglers,1,0.707,0,1,academic_tutoring,Academic Tutoring,3.0,2.5,5.5,6.412,8000,Fund remedial / catch-up classes,School + education NGO
373,23,Health-Constrained,1,0.704,0,1,health_support,Health & Attendance,3.0,2.5,5.5,6.399,5000,Medical vouchers + attendance follow-up,School health partner
714,14,Academic Strugglers,1,0.698,0,1,academic_tutoring,Academic Tutoring,3.0,2.5,5.5,6.37,8000,Fund remedial / catch-up classes,School + education NGO
441,7,Health-Constrained,2,0.696,0,1,health_support,Health & Attendance,3.0,2.5,5.5,6.361,5000,Medical vouchers + attendance follow-up,School health partner
629,30,Academic Strugglers,1,0.694,0,1,academic_tutoring,Academic Tutoring,3.0,2.5,5.5,6.353,8000,Fund remedial / catch-up classes,School + education NGO
953,8,Academic Strugglers,2,0.694,0,1,academic_tutoring,Academic Tutoring,3.0,2.5,5.5,6.353,8000,Fund remedial / catch-up classes,School + education NGO
225,27,Academic Strugglers,1,0.694,1,1,academic_tutoring,Academic Tutoring,3.0,2.5,5.5,6.352,8000,Fund remedial / catch-up classes,School + education NGO
630,41,Academic Strugglers,1,0.693,0,1,academic_tutoring,Academic Tutoring,3.0,2.5,5.5,6.347,8000,Fund remedial / catch-up classes,School + education NGO
361,23,Health-Constrained,2,0.691,1,1,health_support,Health & Attendance,3.0,2.5,5.5,6.342,5000,Medical vouchers + attendance follow-up,School health partner
157,13,Health-Constrained,1,0.691,1,1,health_support,Health & Attendance,3.0,2.5,5.5,6.339,5000,Medical vouchers + attendance follow-up,School health partner
61,46,Academic Strugglers,1,0.687,0,1,academic_tutoring,Academic Tutoring,3.0,2.5,5.5,6.324,8000,Fund remedial / catch-up classes,School + education NGO
571,47,Academic Strugglers,1,0.681,1,1,academic_tutoring,Academic Tutoring,3.0,2.5,5.5,6.295,8000,Fund remedial / catch-up classes,School + education NGO
344,16,Academic Strugglers,1,0.679,0,1,academic_tutoring,Academic Tutoring,3.0,2.5,5.5,6.289,8000,Fund remedial / catch-up classes,School + education NGO
986,36,Academic Strugglers,1,0.679,0,1,academic_tutoring,Academic Tutoring,3.0,2.5,5.5,6.289,8000,Fund remedial / catch-up classes,School + education NGO
142,27,Academic Strugglers,1,0.679,1,1,academic_tutoring,Academic Tutoring,3.0,2.5,5.5,6.288,8000,Fund remedial / catch-up classes,School + education NGO
280,33,Academic Strugglers,1,0.676,0,1,academic_tutoring,Academic Tutoring,3.0,2.5,5.5,6.275,8000,Fund remedial / catch-up classes,School + education NGO
274,34,Academic Strugglers,1,0.671,1,1,academic_tutoring,Academic Tutoring,3.0,2.5,5.5,6.252,8000,Fund remedial / catch-up classes,School + education NGO
435,19,Academic Strugglers,2,0.669,1,1,academic_tutoring,Academic Tutoring,3.0,2.5,5.5,6.243,8000,Fund remedial / catch-up classes,School + education NGO
388,28,Academic Strugglers,1,0.662,0,1,academic_tutoring,Academic Tutoring,3.0,2.5,5.5,6.215,8000,Fund remedial / catch-up classes,School + education NGO
273,34,Health-Constrained,1,0.659,0,1,health_support,Health & Attendance,3.0,2.5,5.5,6.199,5000,Medical vouchers + attendance follow-up,School health partner
960,40,Academic Strugglers,1,0.654,1,1,academic_tutoring,Academic Tutoring,3.0,2.5,5.5,6.177,8000,Fund remedial / catch-up classes,School + education NGO
22,46,Health-Constrained,1,0.646,0,1,health_support,Health & Attendance,3.0,2.5,5.5,6.143,5000,Medical vouchers + attendance follow-up,School health partner
572,42,Academic Strugglers,1,0.646,1,1,academic_tutoring,Academic Tutoring,3.0,2.5,5.5,6.143,8000,Fund remedial / catch-up classes,School + education NGO
732,18,Academic Strugglers,1,0.645,0,1,academic_tutoring,Academic Tutoring,3.0,2.5,5.5,6.138,8000,Fund remedial / catch-up classes,School + education NGO
190,31,Academic Strugglers,1,0.645,0,1,academic_tutoring,Academic Tutoring,3.0,2.5,5.5,6.137,8000,Fund remedial / catch-up classes,School + education NGO
103,2,Academic Strugglers,1,0.643,1,1,academic_tutoring,Academic Tutoring,3.0,2.5,5.5,6.127,8000,Fund remedial / catch-up classes,School + education NGO
228,7,Academic Strugglers,1,0.642,1,1,academic_tutoring,Academic Tutoring,3.0,2.5,5.5,6.123,8000,Fund remedial / catch-up classes,School + education NGO
469,31,Health-Constrained,1,0.641,1,1,health_support,Health & Attendance,3.0,2.5,5.5,6.12,5000,Medical vouchers + attendance follow-up,School health partner
34,22,Academic Strugglers,1,0.639,1,1,academic_tutoring,Academic Tutoring,3.0,2.5,5.5,6.113,8000,Fund remedial / catch-up classes,School + education NGO
436,44,Health-Constrained,2,0.637,1,1,health_support,Health & Attendance,3.0,2.5,5.5,6.105,5000,Medical vouchers + attendance follow-up,School health partner
757,39,Academic Strugglers,1,0.637,1,1,academic_tutoring,Academic Tutoring,3.0,2.5,5.5,6.103,8000,Fund remedial / catch-up classes,School + education NGO
330,18,Academic Strugglers,1,0.635,1,1,academic_tutoring,Academic Tutoring,3.0,2.5,5.5,6.094,8000,Fund remedial / catch-up classes,School + education NGO
107,35,Health-Constrained,2,0.635,0,1,health_support,Health & Attendance,3.0,2.5,5.5,6.093,5000,Medical vouchers + attendance follow-up,School health partner
684,43,Health-Constrained,1,0.634,1,1,health_support,Health & Attendance,3.0,2.5,5.5,6.089,5000,Medical vouchers + attendance follow-up,School health partner
511,42,Health-Constrained,2,0.631,1,1,health_support,Health & Attendance,3.0,2.5,5.5,6.075,5000,Medical vouchers + attendance follow-up,School health partner
539,3,Academic Strugglers,1,0.629,1,1,academic_tutoring,Academic Tutoring,3.0,2.5,5.5,6.067,8000,Fund remedial / catch-up classes,School + education NGO
868,44,Health-Constrained,1,0.627,1,1,health_support,Health & Attendance,3.0,2.5,5.5,6.06,5000,Medical vouchers + attendance follow-up,School health partner
814,15,Academic Strugglers,2,0.625,1,1,academic_tutoring,Academic Tutoring,3.0,2.5,5.5,6.049,8000,Fund remedial / catch-up classes,School + education NGO
375,33,Health-Constrained,2,0.624,0,1,health_support,Health & Attendance,3.0,2.5,5.5,6.047,5000,Medical vouchers + attendance follow-up,School health partner
551,27,Academic Strugglers,1,0.623,1,1,academic_tutoring,Academic Tutoring,3.0,2.5,5.5,6.039,8000,Fund remedial / catch-up classes,School + education NGO
791,15,Health-Constrained,2,0.62,0,1,health_support,Health & Attendance,3.0,2.5,5.5,6.029,5000,Medical vouchers + attendance follow-up,School health partner
761,9,Academic Strugglers,1,0.62,1,1,academic_tutoring,Academic Tutoring,3.0,2.5,5.5,6.028,8000,Fund remedial / catch-up classes,School + education NGO
544,45,Health-Constrained,1,0.62,1,1,health_support,Health & Attendance,3.0,2.5,5.5,6.027,5000,Medical vouchers + attendance follow-up,School health partner
123,36,Academic Strugglers,1,0.617,1,1,academic_tutoring,Academic Tutoring,3.0,2.5,5.5,6.016,8000,Fund remedial / catch-up classes,School + education NGO
156,45,Academic Strugglers,2,0.615,1,1,academic_tutoring,Academic Tutoring,3.0,2.5,5.5,6.007,8000,Fund remedial / catch-up classes,School + education NGO
946,10,Academic Strugglers,2,0.615,1,1,academic_tutoring,Academic Tutoring,3.0,2.5,5.5,6.005,8000,Fund remedial / catch-up classes,School + education NGO
134,3,Academic Strugglers,1,0.614,1,1,academic_tutoring,Academic Tutoring,3.0,2.5,5.5,6.0,8000,Fund remedial / catch-up classes,School + education NGO
347,33,Academic Strugglers,2,0.614,0,1,academic_tutoring,Academic Tutoring,3.0,2.5,5.5,6.0,8000,Fund remedial / catch-up classes,School + education NGO
736,5,Academic Strugglers,1,0.612,1,1,academic_tutoring,Academic Tutoring,3.0,2.5,5.5,5.994,8000,Fund remedial / catch-up classes,School + education NGO
180,42,Academic Strugglers,2,0.611,1,1,academic_tutoring,Academic Tutoring,3.0,2.5,5.5,5.989,8000,Fund remedial / catch-up classes,School + education NGO
827,18,Academic Strugglers,1,0.61,1,1,academic_tutoring,Academic Tutoring,3.0,2.5,5.5,5.984,8000,Fund remedial / catch-up classes,School + education NGO
56,28,Academic Strugglers,1,0.61,0,1,academic_tutoring,Academic Tutoring,3.0,2.5,5.5,5.983,8000,Fund remedial / catch-up classes,School + education NGO
922,40,Academic Strugglers,1,0.609,1,1,academic_tutoring,Academic Tutoring,3.0,2.5,5.5,5.982,8000,Fund remedial / catch-up classes,School + education NGO
264,33,Academic Strugglers,1,0.609,0,1,academic_tutoring,Academic Tutoring,3.0,2.5,5.5,5.98,8000,Fund remedial / catch-up classes,School + education NGO
15,34,Academic Strugglers,1,0.608,1,1,academic_tutoring,Academic Tutoring,3.0,2.5,5.5,5.976,8000,Fund remedial / catch-up classes,School + education NGO
55,23,Academic Strugglers,2,0.608,1,1,academic_tutoring,Academic Tutoring,3.0,2.5,5.5,5.976,8000,Fund remedial / catch-up classes,School + education NGO
638,5,Academic Strugglers,1,0.608,1,1,academic_tutoring,Academic Tutoring,3.0,2.5,5.5,5.974,8000,Fund remedial / catch-up classes,School + education NGO
431,5,Academic Strugglers,1,0.607,0,1,academic_tutoring,Academic Tutoring,3.0,2.5,5.5,5.972,8000,Fund remedial / catch-up classes,School + education NGO
822,11,Academic Strugglers,1,0.607,0,1,academic_tutoring,Academic Tutoring,3.0,2.5,5.5,5.969,8000,Fund remedial / catch-up classes,School + education NGO
618,22,Academic Strugglers,2,0.605,1,1,academic_tutoring,Academic Tutoring,3.0,2.5,5.5,5.963,8000,Fund remedial / catch-up classes,School + education NGO
806,19,Academic Strugglers,1,0.604,1,1,academic_tutoring,Academic Tutoring,3.0,2.5,5.5,5.957,8000,Fund remedial / catch-up classes,School + education NGO
445,6,Academic Strugglers,2,0.602,1,1,academic_tutoring,Academic Tutoring,3.0,2.5,5.5,5.95,8000,Fund remedial / catch-up classes,School + education NGO
412,37,Health-Constrained,1,0.602,1,1,health_support,Health & Attendance,3.0,2.5,5.5,5.949,5000,Medical vouchers + attendance follow-up,School health partner
668,33,Academic Strugglers,1,0.601,0,1,academic_tutoring,Academic Tutoring,3.0,2.5,5.5,5.945,8000,Fund remedial / catch-up classes,School + education NGO
990,39,Academic Strugglers,1,0.601,0,1,academic_tutoring,Academic Tutoring,3.0,2.5,5.5,5.945,8000,Fund remedial / catch-up classes,School + education NGO
338,6,Academic Strugglers,2,0.598,1,1,academic_tutoring,Academic Tutoring,3.0,2.5,5.5,5.93,8000,Fund remedial / catch-up classes,School + education NGO
342,10,Health-Constrained,2,0.598,0,1,health_support,Health & Attendance,3.0,2.5,5.5,5.929,5000,Medical vouchers + attendance follow-up,School health partner
879,11,Health-Constrained,2,0.593,1,1,health_support,Health & Attendance,3.0,2.5,5.5,5.909,5000,Medical vouchers + attendance follow-up,School health partner
738,47,Academic Strugglers,1,0.593,1,1,academic_tutoring,Academic Tutoring,3.0,2.5,5.5,5.908,8000,Fund remedial / catch-up classes,School + education NGO
457,8,Academic Strugglers,2,0.592,1,1,academic_tutoring,Academic Tutoring,3.0,2.5,5.5,5.905,8000,Fund remedial / catch-up classes,School + education NGO
36,16,Academic Strugglers,2,0.59,1,1,academic_tutoring,Academic Tutoring,3.0,2.5,5.5,5.897,8000,Fund remedial / catch-up classes,School + education NGO
577,15,Academic Strugglers,2,0.59,1,1,academic_tutoring,Academic Tutoring,3.0,2.5,5.5,5.894,8000,Fund remedial / catch-up classes,School + education NGO
532,10,Academic Strugglers,2,0.588,0,1,academic_tutoring,Academic Tutoring,3.0,2.5,5.5,5.889,8000,Fund remedial / catch-up classes,School + education NGO
281,29,Academic Strugglers,1,0.588,1,1,academic_tutoring,Academic Tutoring,3.0,2.5,5.5,5.887,8000,Fund remedial / catch-up classes,School + education NGO
448,26,Academic Strugglers,1,0.587,1,1,academic_tutoring,Academic Tutoring,3.0,2.5,5.5,5.884,8000,Fund remedial / catch-up classes,School + education NGO
21,8,Academic Strugglers,1,0.587,1,1,academic_tutoring,Academic Tutoring,3.0,2.5,5.5,5.882,8000,Fund remedial / catch-up classes,School + education NGO
781,28,Academic Strugglers,1,0.586,1,1,academic_tutoring,Academic Tutoring,3.0,2.5,5.5,5.878,8000,Fund remedial / catch-up classes,School + education NGO
267,23,Academic Strugglers,1,0.585,1,1,academic_tutoring,Academic Tutoring,3.0,2.5,5.5,5.873,8000,Fund remedial / catch-up classes,School + education NGO
176,29,Academic Strugglers,2,0.583,1,1,academic_tutoring,Academic Tutoring,3.0,2.5,5.5,5.865,8000,Fund remedial / catch-up classes,School + education NGO
201,35,Academic Strugglers,1,0.582,1,1,academic_tutoring,Academic Tutoring,3.0,2.5,5.5,5.862,8000,Fund remedial / catch-up classes,School + education NGO
243,47,Health-Constrained,3,0.582,0,1,health_support,Health & Attendance,3.0,2.5,5.5,5.86,5000,Medical vouchers + attendance follow-up,School health partner
3,2,Health-Constrained,2,0.581,0,1,health_support,Health & Attendance,3.0,2.5,5.5,5.858,5000,Medical vouchers + attendance follow-up,School health partner
269,4,Academic Strugglers,1,0.579,1,1,academic_tutoring,Academic Tutoring,3.0,2.5,5.5,5.85,8000,Fund remedial / catch-up classes,School + education NGO
586,43,Academic Strugglers,3,0.578,1,1,academic_tutoring,Academic Tutoring,3.0,2.5,5.5,5.843,8000,Fund remedial / catch-up classes,School + education NGO
581,16,Academic Strugglers,2,0.578,1,1,academic_tutoring,Academic Tutoring,3.0,2.5,5.5,5.841,8000,Fund remedial / catch-up classes,School + education NGO
617,43,Health-Constrained,1,0.578,0,1,health_support,Health & Attendance,3.0,2.5,5.5,5.841,5000,Medical vouchers + attendance follow-up,School health partner
543,3,Health-Constrained,2,0.576,1,1,health_support,Health & Attendance,3.0,2.5,5.5,5.835,5000,Medical vouchers + attendance follow-up,School health partner
999,16,Academic Strugglers,2,0.574,1,1,academic_tutoring,Academic Tutoring,3.0,2.5,5.5,5.825,8000,Fund remedial / catch-up classes,School + education NGO
554,1,Health-Constrained,2,0.574,1,1,health_support,Health & Attendance,3.0,2.5,5.5,5.824,5000,Medical vouchers + attendance follow-up,School health partner
832,2,Health-Constrained,3,0.573,1,1,health_support,Health & Attendance,3.0,2.5,5.5,5.819,5000,Medical vouchers + attendance follow-up,School health partner
100,26,Academic Strugglers,2,0.572,1,1,academic_tutoring,Academic Tutoring,3.0,2.5,5.5,5.817,8000,Fund remedial / catch-up classes,School + education NGO
271,22,Health-Constrained,2,0.704,1,1,school_fee_support,School Fee Support,2.0,3.0,5.0,5.817,15000,Pay term fees / bursary,Sponsor / Bursary fund
352,4,Health-Constrained,1,0.571,1,1,health_support,Health & Attendance,3.0,2.5,5.5,5.813,5000,Medical vouchers + attendance follow-up,School health partner
597,11,Academic Strugglers,2,0.57,1,1,academic_tutoring,Academic Tutoring,3.0,2.5,5.5,5.809,8000,Fund remedial / catch-up classes,School + education NGO
959,24,Health-Constrained,2,0.57,1,1,health_support,Health & Attendance,3.0,2.5,5.5,5.806,5000,Medical vouchers + attendance follow-up,School health partner
676,22,Health-Constrained,2,0.569,1,1,health_support,Health & Attendance,3.0,2.5,5.5,5.805,5000,Medical vouchers + attendance follow-up,School health partner
852,11,Academic Strugglers,1,0.569,1,1,academic_tutoring,Academic Tutoring,3.0,2.5,5.5,5.802,8000,Fund remedial / catch-up classes,School + education NGO
182,44,Academic Strugglers,2,0.568,1,1,academic_tutoring,Academic Tutoring,3.0,2.5,5.5,5.801,8000,Fund remedial / catch-up classes,School + education NGO
237,20,Academic Strugglers,2,0.568,1,1,academic_tutoring,Academic Tutoring,3.0,2.5,5.5,5.801,8000,Fund remedial / catch-up classes,School + education NGO
170,1,Academic Strugglers,2,0.568,1,1,academic_tutoring,Academic Tutoring,3.0,2.5,5.5,5.799,8000,Fund remedial / catch-up classes,School + education NGO
272,31,Academic Strugglers,1,0.568,1,1,academic_tutoring,Academic Tutoring,3.0,2.5,5.5,5.798,8000,Fund remedial / catch-up classes,School + education NGO
701,37,Health-Constrained,1,0.568,1,1,health_support,Health & Attendance,3.0,2.5,5.5,5.798,5000,Medical vouchers + attendance follow-up,School health partner
16,9,Academic Strugglers,1,0.566,1,1,academic_tutoring,Academic Tutoring,3.0,2.5,5.5,5.79,8000,Fund remedial / catch-up classes,School + education NGO
947,32,Academic Strugglers,3,0.566,1,1,academic_tutoring,Academic Tutoring,3.0,2.5,5.5,5.789,8000,Fund remedial / catch-up classes,School + education NGO
870,6,Academic Strugglers,2,0.565,1,1,academic_tutoring,Academic Tutoring,3.0,2.5,5.5,5.784,8000,Fund remedial / catch-up classes,School + education NGO
825,6,Academic Strugglers,2,0.564,0,1,academic_tutoring,Academic Tutoring,3.0,2.5,5.5,5.78,8000,Fund remedial / catch-up classes,School + education NGO
212,4,Health-Constrained,2,0.563,1,1,health_support,Health & Attendance,3.0,2.5,5.5,5.779,5000,Medical vouchers + attendance follow-up,School health partner
773,30,Academic Strugglers,1,0.563,0,1,academic_tutoring,Academic Tutoring,3.0,2.5,5.5,5.777,8000,Fund remedial / catch-up classes,School + education NGO
392,24,Academic Strugglers,1,0.562,1,1,academic_tutoring,Academic Tutoring,3.0,2.5,5.5,5.774,8000,Fund remedial / catch-up classes,School + education NGO
545,24,Academic Strugglers,3,0.562,0,1,academic_tutoring,Academic Tutoring,3.0,2.5,5.5,5.773,8000,Fund remedial / catch-up classes,School + education NGO
535,10,Academic Strugglers,1,0.56,1,1,academic_tutoring,Academic Tutoring,3.0,2.5,5.5,5.763,8000,Fund remedial / catch-up classes,School + education NGO
164,32,Health-Constrained,1,0.559,0,1,health_support,Health & Attendance,3.0,2.5,5.5,5.759,5000,Medical vouchers + attendance follow-up,School health partner
962,11,Academic Strugglers,1,0.559,1,1,academic_tutoring,Academic Tutoring,3.0,2.5,5.5,5.758,8000,Fund remedial / catch-up classes,School + education NGO
918,11,Academic Strugglers,2,0.558,1,1,academic_tutoring,Academic Tutoring,3.0,2.5,5.5,5.756,8000,Fund remedial / catch-up classes,School + education NGO
398,14,Academic Strugglers,2,0.558,1,1,academic_tutoring,Academic Tutoring,3.0,2.5,5.5,5.753,8000,Fund remedial / catch-up classes,School + education NGO
486,47,Academic Strugglers,2,0.556,1,1,academic_tutoring,Academic Tutoring,3.0,2.5,5.5,5.745,8000,Fund remedial / catch-up classes,School + education NGO
987,43,Academic Strugglers,1,0.554,1,1,academic_tutoring,Academic Tutoring,3.0,2.5,5.5,5.736,8000,Fund remedial / catch-up classes,School + education NGO
229,23,Academic Strugglers,2,0.553,0,1,academic_tutoring,Academic Tutoring,3.0,2.5,5.5,5.734,8000,Fund remedial / catch-up classes,School + education NGO
894,36,Health-Constrained,2,0.553,0,1,health_support,Health & Attendance,3.0,2.5,5.5,5.734,5000,Medical vouchers + attendance follow-up,School health partner
598,24,Health-Constrained,1,0.552,1,1,health_support,Health & Attendance,3.0,2.5,5.5,5.731,5000,Medical vouchers + attendance follow-up,School health partner
519,19,Academic Strugglers,3,0.552,1,1,academic_tutoring,Academic Tutoring,3.0,2.5,5.5,5.727,8000,Fund remedial / catch-up classes,School + education NGO
865,3,Academic Strugglers,1,0.551,1,1,academic_tutoring,Academic Tutoring,3.0,2.5,5.5,5.724,8000,Fund remedial / catch-up classes,School + education NGO
135,13,Academic Strugglers,1,0.55,1,1,academic_tutoring,Academic Tutoring,3.0,2.5,5.5,5.72,8000,Fund remedial / catch-up classes,School + education NGO
259,16,Academic Strugglers,1,0.55,1,1,academic_tutoring,Academic Tutoring,3.0,2.5,5.5,5.719,8000,Fund remedial / catch-up classes,School + education NGO
733,28,Health-Constrained,1,0.549,1,1,health_support,Health & Attendance,3.0,2.5,5.5,5.715,5000,Medical vouchers + attendance follow-up,School health partner
625,46,Academic Strugglers,2,0.547,1,1,academic_tutoring,Academic Tutoring,3.0,2.5,5.5,5.706,8000,Fund remedial / catch-up classes,School + education NGO
334,46,Health-Constrained,1,0.676,1,1,school_fee_support,School Fee Support,2.0,3.0,5.0,5.705,15000,Pay term fees / bursary,Sponsor / Bursary fund
762,2,Academic Strugglers,1,0.676,1,1,school_fee_support,School Fee Support,2.0,3.0,5.0,5.705,15000,Pay term fees / bursary,Sponsor / Bursary fund
885,29,Health-Constrained,1,0.546,1,1,health_support,Health & Attendance,3.0,2.5,5.5,5.704,5000,Medical vouchers + attendance follow-up,School health partner
145,9,Academic Strugglers,1,0.546,1,1,academic_tutoring,Academic Tutoring,3.0,2.5,5.5,5.703,8000,Fund remedial / catch-up classes,School + education NGO
890,14,Academic Strugglers,2,0.546,1,1,academic_tutoring,Academic Tutoring,3.0,2.5,5.5,5.702,8000,Fund remedial / catch-up classes,School + education NGO
800,29,Health-Constrained,1,0.546,0,1,health_support,Health & Attendance,3.0,2.5,5.5,5.701,5000,Medical vouchers + attendance follow-up,School health partner
166,23,Academic Strugglers,3,0.545,1,1,academic_tutoring,Academic Tutoring,3.0,2.5,5.5,5.7,8000,Fund remedial / catch-up classes,School + education NGO
325,8,Health-Constrained,1,0.545,0,1,health_support,Health & Attendance,3.0,2.5,5.5,5.7,5000,Medical vouchers + attendance follow-up,School health partner
360,14,Health-Constrained,2,0.545,1,1,health_support,Health & Attendance,3.0,2.5,5.5,5.698,5000,Medical vouchers + attendance follow-up,School health partner
895,36,Academic Strugglers,3,0.545,1,1,academic_tutoring,Academic Tutoring,3.0,2.5,5.5,5.698,8000,Fund remedial / catch-up classes,School + education NGO
662,15,Academic Strugglers,1,0.544,1,1,academic_tutoring,Academic Tutoring,3.0,2.5,5.5,5.693,8000,Fund remedial / catch-up classes,School + education NGO
219,45,Academic Strugglers,1,0.673,0,1,school_fee_support,School Fee Support,2.0,3.0,5.0,5.691,15000,Pay term fees / bursary,Sponsor / Bursary fund
938,1,Health-Constrained,2,0.673,1,1,school_fee_support,School Fee Support,2.0,3.0,5.0,5.691,15000,Pay term fees / bursary,Sponsor / Bursary fund
238,11,Health-Constrained,2,0.54,1,1,health_support,Health & Attendance,3.0,2.5,5.5,5.675,5000,Medical vouchers + attendance follow-up,School health partner
636,25,Health-Constrained,2,0.54,1,1,health_support,Health & Attendance,3.0,2.5,5.5,5.675,5000,Medical vouchers + attendance follow-up,School health partner
968,23,Academic Strugglers,2,0.538,0,1,academic_tutoring,Academic Tutoring,3.0,2.5,5.5,5.669,8000,Fund remedial / catch-up classes,School + education NGO
256,39,Health-Constrained,2,0.536,1,1,health_support,Health & Attendance,3.0,2.5,5.5,5.66,5000,Medical vouchers + attendance follow-up,School health partner
559,44,Academic Strugglers,3,0.536,1,1,academic_tutoring,Academic Tutoring,3.0,2.5,5.5,5.659,8000,Fund remedial / catch-up classes,School + education NGO
760,31,Health-Constrained,1,0.535,1,1,health_support,Health & Attendance,3.0,2.5,5.5,5.653,5000,Medical vouchers + attendance follow-up,School health partner
430,1,Health-Constrained,2,0.535,1,1,health_support,Health & Attendance,3.0,2.5,5.5,5.652,5000,Medical vouchers + attendance follow-up,School health partner
810,3,Health-Constrained,2,0.534,1,1,health_support,Health & Attendance,3.0,2.5,5.5,5.651,5000,Medical vouchers + attendance follow-up,School health partner
167,5,Academic Strugglers,2,0.53,1,1,academic_tutoring,Academic Tutoring,3.0,2.5,5.5,5.631,8000,Fund remedial / catch-up classes,School + education NGO
250,15,Health-Constrained,1,0.529,1,1,health_support,Health & Attendance,3.0,2.5,5.5,5.626,5000,Medical vouchers + attendance follow-up,School health partner
965,6,Academic Strugglers,2,0.528,0,1,academic_tutoring,Academic Tutoring,3.0,2.5,5.5,5.624,8000,Fund remedial / catch-up classes,School + education NGO
163,5,Academic Strugglers,3,0.528,1,1,academic_tutoring,Academic Tutoring,3.0,2.5,5.5,5.622,8000,Fund remedial / catch-up classes,School + education NGO
159,2,Academic Strugglers,2,0.527,1,1,academic_tutoring,Academic Tutoring,3.0,2.5,5.5,5.619,8000,Fund remedial / catch-up classes,School + education NGO
245,35,Academic Strugglers,1,0.654,0,1,school_fee_support,School Fee Support,2.0,3.0,5.0,5.617,15000,Pay term fees / bursary,Sponsor / Bursary fund
68,29,Health-Constrained,1,0.526,1,1,health_support,Health & Attendance,3.0,2.5,5.5,5.614,5000,Medical vouchers + attendance follow-up,School health partner
553,7,Health-Constrained,3,0.526,0,1,health_support,Health & Attendance,3.0,2.5,5.5,5.613,5000,Medical vouchers + attendance follow-up,School health partner
169,17,Academic Strugglers,2,0.525,1,1,academic_tutoring,Academic Tutoring,3.0,2.5,5.5,5.612,8000,Fund remedial / catch-up classes,School + education NGO
712,32,Academic Strugglers,1,0.653,0,1,school_fee_support,School Fee Support,2.0,3.0,5.0,5.61,15000,Pay term fees / bursary,Sponsor / Bursary fund
493,6,Health-Constrained,3,0.525,0,1,health_support,Health & Attendance,3.0,2.5,5.5,5.609,5000,Medical vouchers + attendance follow-up,School health partner
640,5,Academic Strugglers,1,0.652,1,1,school_fee_support,School Fee Support,2.0,3.0,5.0,5.608,15000,Pay term fees / bursary,Sponsor / Bursary fund
353,41,Academic Strugglers,3,0.524,1,1,academic_tutoring,Academic Tutoring,3.0,2.5,5.5,5.604,8000,Fund remedial / catch-up classes,School + education NGO
659,19,Health-Constrained,2,0.524,1,1,health_support,Health & Attendance,3.0,2.5,5.5,5.604,5000,Medical vouchers + attendance follow-up,School health partner
950,16,Academic Strugglers,1,0.649,0,1,school_fee_support,School Fee Support,2.0,3.0,5.0,5.597,15000,Pay term fees / bursary,Sponsor / Bursary fund
706,4,Academic Strugglers,2,0.522,1,1,academic_tutoring,Academic Tutoring,3.0,2.5,5.5,5.595,8000,Fund remedial / catch-up classes,School + education NGO
606,1,Academic Strugglers,3,0.52,1,1,academic_tutoring,Academic Tutoring,3.0,2.5,5.5,5.589,8000,Fund remedial / catch-up classes,School + education NGO
220,16,Academic Strugglers,1,0.647,1,1,school_fee_support,School Fee Support,2.0,3.0,5.0,5.586,15000,Pay term fees / bursary,Sponsor / Bursary fund
558,16,Academic Strugglers,1,0.647,0,1,school_fee_support,School Fee Support,2.0,3.0,5.0,5.586,15000,Pay term fees / bursary,Sponsor / Bursary fund
656,23,Academic Strugglers,1,0.646,1,1,school_fee_support,School Fee Support,2.0,3.0,5.0,5.585,15000,Pay term fees / bursary,Sponsor / Bursary fund
967,47,Health-Constrained,2,0.519,1,1,health_support,Health & Attendance,3.0,2.5,5.5,5.582,5000,Medical vouchers + attendance follow-up,School health partner
172,29,Health-Constrained,3,0.518,0,1,health_support,Health & Attendance,3.0,2.5,5.5,5.58,5000,Medical vouchers + attendance follow-up,School health partner
755,11,Health-Constrained,1,0.518,1,1,health_support,Health & Attendance,3.0,2.5,5.5,5.578,5000,Medical vouchers + attendance follow-up,School health partner
973,46,Health-Constrained,2,0.518,1,1,health_support,Health & Attendance,3.0,2.5,5.5,5.578,5000,Medical vouchers + attendance follow-up,School health partner
109,41,Academic Strugglers,1,0.644,0,1,school_fee_support,School Fee Support,2.0,3.0,5.0,5.575,15000,Pay term fees / bursary,Sponsor / Bursary fund
759,40,Academic Strugglers,2,0.517,1,1,academic_tutoring,Academic Tutoring,3.0,2.5,5.5,5.573,8000,Fund remedial / catch-up classes,School + education NGO
456,46,Academic Strugglers,1,0.643,0,1,school_fee_support,School Fee Support,2.0,3.0,5.0,5.572,15000,Pay term fees / bursary,Sponsor / Bursary fund
417,41,Health-Constrained,1,0.515,0,1,health_support,Health & Attendance,3.0,2.5,5.5,5.565,5000,Medical vouchers + attendance follow-up,School health partner
60,15,Academic Strugglers,1,0.64,0,1,school_fee_support,School Fee Support,2.0,3.0,5.0,5.559,15000,Pay term fees / bursary,Sponsor / Bursary fund
784,18,Academic Strugglers,2,0.51,1,1,academic_tutoring,Academic Tutoring,3.0,2.5,5.5,5.546,8000,Fund remedial / catch-up classes,School + education NGO
847,14,Academic Strugglers,3,0.51,0,1,academic_tutoring,Academic Tutoring,3.0,2.5,5.5,5.546,8000,Fund remedial / catch-up classes,School + education NGO
120,38,Academic Strugglers,3,0.51,1,1,academic_tutoring,Academic Tutoring,3.0,2.5,5.5,5.545,8000,Fund remedial / catch-up classes,School + education NGO
608,26,Academic Strugglers,2,0.509,0,1,academic_tutoring,Academic Tutoring,3.0,2.5,5.5,5.538,8000,Fund remedial / catch-up classes,School + education NGO
750,46,Academic Strugglers,4,0.509,1,1,academic_tutoring,Academic Tutoring,3.0,2.5,5.5,5.538,8000,Fund remedial / catch-up classes,School + education NGO
50,22,Academic Strugglers,1,0.632,1,1,school_fee_support,School Fee Support,2.0,3.0,5.0,5.529,15000,Pay term fees / bursary,Sponsor / Bursary fund
355,14,Health-Constrained,1,0.506,1,1,health_support,Health & Attendance,3.0,2.5,5.5,5.527,5000,Medical vouchers + attendance follow-up,School health partner
642,40,Academic Strugglers,1,0.631,1,1,school_fee_support,School Fee Support,2.0,3.0,5.0,5.522,15000,Pay term fees / bursary,Sponsor / Bursary fund
931,41,Academic Strugglers,2,0.504,0,1,academic_tutoring,Academic Tutoring,3.0,2.5,5.5,5.517,8000,Fund remedial / catch-up classes,School + education NGO
787,43,Academic Strugglers,3,0.502,1,1,academic_tutoring,Academic Tutoring,3.0,2.5,5.5,5.508,8000,Fund remedial / catch-up classes,School + education NGO
793,7,Academic Strugglers,3,0.502,1,1,academic_tutoring,Academic Tutoring,3.0,2.5,5.5,5.508,8000,Fund remedial / catch-up classes,School + education NGO
861,32,Academic Strugglers,1,0.627,0,1,school_fee_support,School Fee Support,2.0,3.0,5.0,5.508,15000,Pay term fees / bursary,Sponsor / Bursary fund
912,7,Academic Strugglers,4,0.501,1,1,academic_tutoring,Academic Tutoring,3.0,2.5,5.5,5.505,8000,Fund remedial / catch-up classes,School + education NGO
555,29,Academic Strugglers,2,0.501,1,1,academic_tutoring,Academic Tutoring,3.0,2.5,5.5,5.504,8000,Fund remedial / catch-up classes,School + education NGO
969,39,Academic Strugglers,2,0.501,1,1,academic_tutoring,Academic Tutoring,3.0,2.5,5.5,5.503,8000,Fund remedial / catch-up classes,School + education NGO
419,10,Academic Strugglers,2,0.499,1,1,academic_tutoring,Academic Tutoring,3.0,2.5,5.5,5.494,8000,Fund remedial / catch-up classes,School + education NGO
872,7,Health-Constrained,2,0.499,1,1,health_support,Health & Attendance,3.0,2.5,5.5,5.493,5000,Medical vouchers + attendance follow-up,School health partner
17,41,Academic Strugglers,2,0.497,1,1,academic_tutoring,Academic Tutoring,3.0,2.5,5.5,5.489,8000,Fund remedial / catch-up classes,School + education NGO
39,7,Academic Strugglers,3,0.497,1,1,academic_tutoring,Academic Tutoring,3.0,2.5,5.5,5.488,8000,Fund remedial / catch-up classes,School + education NGO
569,7,Health-Constrained,1,0.497,1,1,health_support,Health & Attendance,3.0,2.5,5.5,5.485,5000,Medical vouchers + attendance follow-up,School health partner
490,7,Health-Constrained,1,0.62,1,1,school_fee_support,School Fee Support,2.0,3.0,5.0,5.481,15000,Pay term fees / bursary,Sponsor / Bursary fund
174,24,Health-Constrained,1,0.496,1,1,health_support,Health & Attendance,3.0,2.5,5.5,5.48,5000,Medical vouchers + attendance follow-up,School health partner
849,42,Health-Constrained,2,0.493,1,1,health_support,Health & Attendance,3.0,2.5,5.5,5.471,5000,Medical vouchers + attendance follow-up,School health partner
587,12,Health-Constrained,3,0.492,1,1,health_support,Health & Attendance,3.0,2.5,5.5,5.465,5000,Medical vouchers + attendance follow-up,School health partner
982,29,Academic Strugglers,1,0.616,1,1,school_fee_support,School Fee Support,2.0,3.0,5.0,5.464,15000,Pay term fees / bursary,Sponsor / Bursary fund
556,6,Academic Strugglers,1,0.614,1,1,school_fee_support,School Fee Support,2.0,3.0,5.0,5.455,15000,Pay term fees / bursary,Sponsor / Bursary fund
747,19,Academic Strugglers,3,0.485,1,1,academic_tutoring,Academic Tutoring,3.0,2.5,5.5,5.432,8000,Fund remedial / catch-up classes,School + education NGO
685,39,Health-Constrained,2,0.482,1,1,health_support,Health & Attendance,3.0,2.5,5.5,5.422,5000,Medical vouchers + attendance follow-up,School health partner
67,25,Academic Strugglers,2,0.482,1,1,academic_tutoring,Academic Tutoring,3.0,2.5,5.5,5.42,8000,Fund remedial / catch-up classes,School + education NGO
411,31,Health-Constrained,2,0.481,1,1,health_support,Health & Attendance,3.0,2.5,5.5,5.417,5000,Medical vouchers + attendance follow-up,School health partner
584,17,Academic Strugglers,1,0.604,1,1,school_fee_support,School Fee Support,2.0,3.0,5.0,5.417,15000,Pay term fees / bursary,Sponsor / Bursary fund
980,7,Academic Strugglers,2,0.604,1,1,school_fee_support,School Fee Support,2.0,3.0,5.0,5.417,15000,Pay term fees / bursary,Sponsor / Bursary fund
687,7,Health-Constrained,3,0.48,0,1,health_support,Health & Attendance,3.0,2.5,5.5,5.412,5000,Medical vouchers + attendance follow-up,School health partner
667,26,Academic Strugglers,1,0.6,1,1,school_fee_support,School Fee Support,2.0,3.0,5.0,5.398,15000,Pay term fees / bursary,Sponsor / Bursary fund
920,5,Academic Strugglers,2,0.598,1,1,school_fee_support,School Fee Support,2.0,3.0,5.0,5.391,15000,Pay term fees / bursary,Sponsor / Bursary fund
489,26,Academic Strugglers,1,0.595,1,1,school_fee_support,School Fee Support,2.0,3.0,5.0,5.38,15000,Pay term fees / bursary,Sponsor / Bursary fund
524,24,Academic Strugglers,1,0.594,0,1,school_fee_support,School Fee Support,2.0,3.0,5.0,5.374,15000,Pay term fees / bursary,Sponsor / Bursary fund
285,7,Academic Strugglers,1,0.593,0,1,school_fee_support,School Fee Support,2.0,3.0,5.0,5.373,15000,Pay term fees / bursary,Sponsor / Bursary fund
516,44,Health-Constrained,1,0.661,0,1,health_support,Health & Attendance,3.0,1.75,4.75,5.362,5000,Medical vouchers + attendance follow-up,School health partner
522,47,Health-Constrained,2,0.468,1,1,health_support,Health & Attendance,3.0,2.5,5.5,5.359,5000,Medical vouchers + attendance follow-up,School health partner
600,34,Academic Strugglers,1,0.59,1,1,school_fee_support,School Fee Support,2.0,3.0,5.0,5.359,15000,Pay term fees / bursary,Sponsor / Bursary fund
654,15,Health-Constrained,2,0.59,1,1,school_fee_support,School Fee Support,2.0,3.0,5.0,5.359,15000,Pay term fees / bursary,Sponsor / Bursary fund
86,13,Academic Strugglers,1,0.589,1,1,school_fee_support,School Fee Support,2.0,3.0,5.0,5.354,15000,Pay term fees / bursary,Sponsor / Bursary fund
366,40,Health-Constrained,4,0.467,1,1,health_support,Health & Attendance,3.0,2.5,5.5,5.353,5000,Medical vouchers + attendance follow-up,School health partner
465,39,Academic Strugglers,1,0.588,1,1,school_fee_support,School Fee Support,2.0,3.0,5.0,5.353,15000,Pay term fees / bursary,Sponsor / Bursary fund
340,22,Academic Strugglers,2,0.585,1,1,school_fee_support,School Fee Support,2.0,3.0,5.0,5.341,15000,Pay term fees / bursary,Sponsor / Bursary fund
739,22,Academic Strugglers,1,0.583,1,1,school_fee_support,School Fee Support,2.0,3.0,5.0,5.332,15000,Pay term fees / bursary,Sponsor / Bursary fund
941,42,Academic Strugglers,1,0.581,1,1,school_fee_support,School Fee Support,2.0,3.0,5.0,5.326,15000,Pay term fees / bursary,Sponsor / Bursary fund
488,23,Academic Strugglers,1,0.581,1,1,school_fee_support,School Fee Support,2.0,3.0,5.0,5.325,15000,Pay term fees / bursary,Sponsor / Bursary fund
116,20,Academic Strugglers,3,0.46,1,1,academic_tutoring,Academic Tutoring,3.0,2.5,5.5,5.322,8000,Fund remedial / catch-up classes,School + education NGO
215,28,Health-Constrained,3,0.459,0,1,health_support,Health & Attendance,3.0,2.5,5.5,5.321,5000,Medical vouchers + attendance follow-up,School health partner
480,21,Academic Strugglers,1,0.58,1,1,school_fee_support,School Fee Support,2.0,3.0,5.0,5.321,15000,Pay term fees / bursary,Sponsor / Bursary fund
83,20,Health-Constrained,3,0.458,0,1,health_support,Health & Attendance,3.0,2.5,5.5,5.315,5000,Medical vouchers + attendance follow-up,School health partner
669,24,Academic Strugglers,2,0.578,1,1,school_fee_support,School Fee Support,2.0,3.0,5.0,5.314,15000,Pay term fees / bursary,Sponsor / Bursary fund
49,22,Health-Constrained,1,0.457,1,1,health_support,Health & Attendance,3.0,2.5,5.5,5.312,5000,Medical vouchers + attendance follow-up,School health partner
823,19,Academic Strugglers,1,0.577,0,1,school_fee_support,School Fee Support,2.0,3.0,5.0,5.308,15000,Pay term fees / bursary,Sponsor / Bursary fund
64,42,Health-Constrained,3,0.456,1,1,health_support,Health & Attendance,3.0,2.5,5.5,5.306,5000,Medical vouchers + attendance follow-up,School health partner
127,15,Academic Strugglers,1,0.576,1,1,school_fee_support,School Fee Support,2.0,3.0,5.0,5.305,15000,Pay term fees / bursary,Sponsor / Bursary fund
589,8,Health-Constrained,1,0.456,1,1,health_support,Health & Attendance,3.0,2.5,5.5,5.304,5000,Medical vouchers + attendance follow-up,School health partner
517,22,Academic Strugglers,2,0.576,1,1,school_fee_support,School Fee Support,2.0,3.0,5.0,5.303,15000,Pay term fees / bursary,Sponsor / Bursary fund
774,12,Health-Constrained,1,0.645,1,1,health_support,Health & Attendance,3.0,1.75,4.75,5.301,5000,Medical vouchers + attendance follow-up,School health partner
279,33,Academic Strugglers,3,0.453,1,1,academic_tutoring,Academic Tutoring,3.0,2.5,5.5,5.295,8000,Fund remedial / catch-up classes,School + education NGO
995,10,Academic Strugglers,2,0.453,0,1,academic_tutoring,Academic Tutoring,3.0,2.5,5.5,5.294,8000,Fund remedial / catch-up classes,School + education NGO
428,20,Academic Strugglers,1,0.573,1,1,school_fee_support,School Fee Support,2.0,3.0,5.0,5.293,15000,Pay term fees / bursary,Sponsor / Bursary fund
748,23,Health-Constrained,3,0.452,1,1,health_support,Health & Attendance,3.0,2.5,5.5,5.29,5000,Medical vouchers + attendance follow-up,School health partner
382,8,Academic Strugglers,1,0.572,1,1,school_fee_support,School Fee Support,2.0,3.0,5.0,5.288,15000,Pay term fees / bursary,Sponsor / Bursary fund
627,23,Academic Strugglers,1,0.572,1,1,school_fee_support,School Fee Support,2.0,3.0,5.0,5.287,15000,Pay term fees / bursary,Sponsor / Bursary fund
503,2,Academic Strugglers,1,0.571,1,1,school_fee_support,School Fee Support,2.0,3.0,5.0,5.285,15000,Pay term fees / bursary,Sponsor / Bursary fund
95,30,Health-Constrained,4,0.45,1,1,health_support,Health & Attendance,3.0,2.5,5.5,5.281,5000,Medical vouchers + attendance follow-up,School health partner
605,41,Health-Constrained,1,0.568,1,1,school_fee_support,School Fee Support,2.0,3.0,5.0,5.271,15000,Pay term fees / bursary,Sponsor / Bursary fund
290,46,Academic Strugglers,1,0.566,1,1,school_fee_support,School Fee Support,2.0,3.0,5.0,5.265,15000,Pay term fees / bursary,Sponsor / Bursary fund
217,17,Health-Constrained,4,0.446,1,1,health_support,Health & Attendance,3.0,2.5,5.5,5.262,5000,Medical vouchers + attendance follow-up,School health partner
315,13,Academic Strugglers,2,0.565,1,1,school_fee_support,School Fee Support,2.0,3.0,5.0,5.261,15000,Pay term fees / bursary,Sponsor / Bursary fund
492,2,Academic Strugglers,1,0.565,1,1,school_fee_support,School Fee Support,2.0,3.0,5.0,5.261,15000,Pay term fees / bursary,Sponsor / Bursary fund
653,18,Academic Strugglers,1,0.565,0,1,school_fee_support,School Fee Support,2.0,3.0,5.0,5.26,15000,Pay term fees / bursary,Sponsor / Bursary fund
251,4,Academic Strugglers,1,0.565,1,1,school_fee_support,School Fee Support,2.0,3.0,5.0,5.258,15000,Pay term fees / bursary,Sponsor / Bursary fund
379,20,Academic Strugglers,2,0.564,1,1,school_fee_support,School Fee Support,2.0,3.0,5.0,5.254,15000,Pay term fees / bursary,Sponsor / Bursary fund
423,13,Academic Strugglers,1,0.562,1,1,school_fee_support,School Fee Support,2.0,3.0,5.0,5.249,15000,Pay term fees / bursary,Sponsor / Bursary fund
652,36,Academic Strugglers,1,0.562,1,1,school_fee_support,School Fee Support,2.0,3.0,5.0,5.247,15000,Pay term fees / bursary,Sponsor / Bursary fund
731,27,Health-Constrained,3,0.442,1,1,health_support,Health & Attendance,3.0,2.5,5.5,5.245,5000,Medical vouchers + attendance follow-up,School health partner
780,8,Academic Strugglers,4,0.442,1,1,academic_tutoring,Academic Tutoring,3.0,2.5,5.5,5.243,8000,Fund remedial / catch-up classes,School + education NGO
574,35,Academic Strugglers,1,0.56,1,1,school_fee_support,School Fee Support,2.0,3.0,5.0,5.24,15000,Pay term fees / bursary,Sponsor / Bursary fund
191,4,Health-Constrained,2,0.441,1,1,health_support,Health & Attendance,3.0,2.5,5.5,5.239,5000,Medical vouchers + attendance follow-up,School health partner
276,40,Academic Strugglers,1,0.559,1,1,school_fee_support,School Fee Support,2.0,3.0,5.0,5.238,15000,Pay term fees / bursary,Sponsor / Bursary fund
482,37,Academic Strugglers,1,0.559,1,1,school_fee_support,School Fee Support,2.0,3.0,5.0,5.234,15000,Pay term fees / bursary,Sponsor / Bursary fund
209,7,Academic Strugglers,3,0.439,1,1,academic_tutoring,Academic Tutoring,3.0,2.5,5.5,5.23,8000,Fund remedial / catch-up classes,School + education NGO
348,46,Academic Strugglers,1,0.557,1,1,school_fee_support,School Fee Support,2.0,3.0,5.0,5.227,15000,Pay term fees / bursary,Sponsor / Bursary fund
664,42,Academic Strugglers,1,0.557,1,1,school_fee_support,School Fee Support,2.0,3.0,5.0,5.227,15000,Pay term fees / bursary,Sponsor / Bursary fund
10,17,Academic Strugglers,1,0.556,1,1,school_fee_support,School Fee Support,2.0,3.0,5.0,5.226,15000,Pay term fees / bursary,Sponsor / Bursary fund
526,21,Academic Strugglers,1,0.556,1,1,school_fee_support,School Fee Support,2.0,3.0,5.0,5.226,15000,Pay term fees / bursary,Sponsor / Bursary fund
794,14,Academic Strugglers,1,0.556,1,1,school_fee_support,School Fee Support,2.0,3.0,5.0,5.222,15000,Pay term fees / bursary,Sponsor / Bursary fund
185,12,Academic Strugglers,1,0.624,1,1,academic_tutoring,Academic Tutoring,3.0,1.75,4.75,5.221,8000,Fund remedial / catch-up classes,School + education NGO
105,17,Academic Strugglers,1,0.553,1,1,school_fee_support,School Fee Support,2.0,3.0,5.0,5.211,15000,Pay term fees / bursary,Sponsor / Bursary fund
451,19,Academic Strugglers,1,0.553,1,1,school_fee_support,School Fee Support,2.0,3.0,5.0,5.211,15000,Pay term fees / bursary,Sponsor / Bursary fund
93,23,Academic Strugglers,1,0.552,0,1,school_fee_support,School Fee Support,2.0,3.0,5.0,5.209,15000,Pay term fees / bursary,Sponsor / Bursary fund
139,35,Academic Strugglers,1,0.552,1,1,school_fee_support,School Fee Support,2.0,3.0,5.0,5.209,15000,Pay term fees / bursary,Sponsor / Bursary fund
376,4,Academic Strugglers,1,0.552,1,1,school_fee_support,School Fee Support,2.0,3.0,5.0,5.207,15000,Pay term fees / bursary,Sponsor / Bursary fund
873,43,Academic Strugglers,1,0.552,1,1,school_fee_support,School Fee Support,2.0,3.0,5.0,5.206,15000,Pay term fees / bursary,Sponsor / Bursary fund
473,24,Academic Strugglers,1,0.551,1,1,school_fee_support,School Fee Support,2.0,3.0,5.0,5.204,15000,Pay term fees / bursary,Sponsor / Bursary fund
614,27,Academic Strugglers,1,0.55,0,1,school_fee_support,School Fee Support,2.0,3.0,5.0,5.199,15000,Pay term fees / bursary,Sponsor / Bursary fund
721,27,Academic Strugglers,1,0.618,1,1,academic_tutoring,Academic Tutoring,3.0,1.75,4.75,5.199,8000,Fund remedial / catch-up classes,School + education NGO
179,27,Academic Strugglers,1,0.549,1,1,school_fee_support,School Fee Support,2.0,3.0,5.0,5.197,15000,Pay term fees / bursary,Sponsor / Bursary fund
704,35,Academic Strugglers,1,0.548,1,1,school_fee_support,School Fee Support,2.0,3.0,5.0,5.194,15000,Pay term fees / bursary,Sponsor / Bursary fund
752,7,Health-Constrained,2,0.43,0,1,health_support,Health & Attendance,3.0,2.5,5.5,5.193,5000,Medical vouchers + attendance follow-up,School health partner
966,9,Academic Strugglers,2,0.547,1,1,school_fee_support,School Fee Support,2.0,3.0,5.0,5.187,15000,Pay term fees / bursary,Sponsor / Bursary fund
8,18,Academic Strugglers,1,0.546,0,1,school_fee_support,School Fee Support,2.0,3.0,5.0,5.183,15000,Pay term fees / bursary,Sponsor / Bursary fund
282,29,Academic Strugglers,2,0.546,0,1,school_fee_support,School Fee Support,2.0,3.0,5.0,5.183,15000,Pay term fees / bursary,Sponsor / Bursary fund
410,37,Academic Strugglers,1,0.546,1,1,school_fee_support,School Fee Support,2.0,3.0,5.0,5.182,15000,Pay term fees / bursary,Sponsor / Bursary fund
848,38,Academic Strugglers,1,0.545,0,1,school_fee_support,School Fee Support,2.0,3.0,5.0,5.181,15000,Pay term fees / bursary,Sponsor / Bursary fund
914,43,Academic Strugglers,1,0.545,0,1,school_fee_support,School Fee Support,2.0,3.0,5.0,5.18,15000,Pay term fees / bursary,Sponsor / Bursary fund
284,20,Academic Strugglers,1,0.613,1,1,academic_tutoring,Academic Tutoring,3.0,1.75,4.75,5.178,8000,Fund remedial / catch-up classes,School + education NGO
867,1,Academic Strugglers,1,0.544,1,1,school_fee_support,School Fee Support,2.0,3.0,5.0,5.175,15000,Pay term fees / bursary,Sponsor / Bursary fund
715,17,Academic Strugglers,1,0.542,1,1,school_fee_support,School Fee Support,2.0,3.0,5.0,5.168,15000,Pay term fees / bursary,Sponsor / Bursary fund
427,33,Health-Constrained,3,0.424,0,1,health_support,Health & Attendance,3.0,2.5,5.5,5.164,5000,Medical vouchers + attendance follow-up,School health partner
819,16,Academic Strugglers,1,0.541,1,1,school_fee_support,School Fee Support,2.0,3.0,5.0,5.164,15000,Pay term fees / bursary,Sponsor / Bursary fund
133,17,Academic Strugglers,2,0.54,1,1,school_fee_support,School Fee Support,2.0,3.0,5.0,5.162,15000,Pay term fees / bursary,Sponsor / Bursary fund
455,5,Academic Strugglers,2,0.54,0,1,school_fee_support,School Fee Support,2.0,3.0,5.0,5.161,15000,Pay term fees / bursary,Sponsor / Bursary fund
665,15,Academic Strugglers,3,0.423,1,1,academic_tutoring,Academic Tutoring,3.0,2.5,5.5,5.161,8000,Fund remedial / catch-up classes,School + education NGO
144,20,Academic Strugglers,1,0.54,1,1,school_fee_support,School Fee Support,2.0,3.0,5.0,5.159,15000,Pay term fees / bursary,Sponsor / Bursary fund
75,28,Health-Constrained,3,0.422,1,1,health_support,Health & Attendance,3.0,2.5,5.5,5.158,5000,Medical vouchers + attendance follow-up,School health partner
650,25,Health-Constrained,2,0.422,1,1,health_support,Health & Attendance,3.0,2.5,5.5,5.158,5000,Medical vouchers + attendance follow-up,School health partner
737,15,Academic Strugglers,1,0.539,1,1,school_fee_support,School Fee Support,2.0,3.0,5.0,5.156,15000,Pay term fees / bursary,Sponsor / Bursary fund
27,29,Health-Constrained,2,0.538,1,1,school_fee_support,School Fee Support,2.0,3.0,5.0,5.153,15000,Pay term fees / bursary,Sponsor / Bursary fund
623,41,Health-Constrained,4,0.421,1,1,health_support,Health & Attendance,3.0,2.5,5.5,5.152,5000,Medical vouchers + attendance follow-up,School health partner
196,44,Academic Strugglers,2,0.538,1,1,school_fee_support,School Fee Support,2.0,3.0,5.0,5.15,15000,Pay term fees / bursary,Sponsor / Bursary fund
479,19,Academic Strugglers,3,0.42,1,1,academic_tutoring,Academic Tutoring,3.0,2.5,5.5,5.15,8000,Fund remedial / catch-up classes,School + education NGO
933,16,Academic Strugglers,1,0.605,0,1,academic_tutoring,Academic Tutoring,3.0,1.75,4.75,5.148,8000,Fund remedial / catch-up classes,School + education NGO
494,24,Health-Constrained,2,0.42,1,1,health_support,Health & Attendance,3.0,2.5,5.5,5.147,5000,Medical vouchers + attendance follow-up,School health partner
418,43,Academic Strugglers,1,0.537,1,1,school_fee_support,School Fee Support,2.0,3.0,5.0,5.146,15000,Pay term fees / bursary,Sponsor / Bursary fund
99,46,Health-Constrained,2,0.419,1,1,health_support,Health & Attendance,3.0,2.5,5.5,5.143,5000,Medical vouchers + attendance follow-up,School health partner
954,39,Health-Constrained,3,0.419,1,1,health_support,Health & Attendance,3.0,2.5,5.5,5.142,5000,Medical vouchers + attendance follow-up,School health partner
79,1,Health-Constrained,2,0.418,1,1,health_support,Health & Attendance,3.0,2.5,5.5,5.141,5000,Medical vouchers + attendance follow-up,School health partner
19,5,Academic Strugglers,1,0.534,1,1,school_fee_support,School Fee Support,2.0,3.0,5.0,5.136,15000,Pay term fees / bursary,Sponsor / Bursary fund
932,7,Academic Strugglers,1,0.534,1,1,school_fee_support,School Fee Support,2.0,3.0,5.0,5.136,15000,Pay term fees / bursary,Sponsor / Bursary fund
880,20,Academic Strugglers,3,0.417,1,1,academic_tutoring,Academic Tutoring,3.0,2.5,5.5,5.135,8000,Fund remedial / catch-up classes,School + education NGO
160,14,Academic Strugglers,1,0.533,1,1,school_fee_support,School Fee Support,2.0,3.0,5.0,5.133,15000,Pay term fees / bursary,Sponsor / Bursary fund
147,25,Academic Strugglers,2,0.532,1,1,school_fee_support,School Fee Support,2.0,3.0,5.0,5.129,15000,Pay term fees / bursary,Sponsor / Bursary fund
397,41,Health-Constrained,1,0.599,1,1,health_support,Health & Attendance,3.0,1.75,4.75,5.128,5000,Medical vouchers + attendance follow-up,School health partner
88,33,Academic Strugglers,2,0.531,0,1,school_fee_support,School Fee Support,2.0,3.0,5.0,5.125,15000,Pay term fees / bursary,Sponsor / Bursary fund
165,3,Health-Constrained,2,0.531,1,1,school_fee_support,School Fee Support,2.0,3.0,5.0,5.123,15000,Pay term fees / bursary,Sponsor / Bursary fund
809,26,Academic Strugglers,2,0.53,1,1,school_fee_support,School Fee Support,2.0,3.0,5.0,5.121,15000,Pay term fees / bursary,Sponsor / Bursary fund
40,11,Academic Strugglers,1,0.528,1,1,school_fee_support,School Fee Support,2.0,3.0,5.0,5.113,15000,Pay term fees / bursary,Sponsor / Bursary fund
206,29,Academic Strugglers,2,0.528,1,1,school_fee_support,School Fee Support,2.0,3.0,5.0,5.111,15000,Pay term fees / bursary,Sponsor / Bursary fund
765,46,Academic Strugglers,2,0.528,1,1,school_fee_support,School Fee Support,2.0,3.0,5.0,5.111,15000,Pay term fees / bursary,Sponsor / Bursary fund
680,45,Academic Strugglers,2,0.527,1,1,school_fee_support,School Fee Support,2.0,3.0,5.0,5.106,15000,Pay term fees / bursary,Sponsor / Bursary fund
70,17,Academic Strugglers,1,0.526,1,1,school_fee_support,School Fee Support,2.0,3.0,5.0,5.104,15000,Pay term fees / bursary,Sponsor / Bursary fund
37,8,Academic Strugglers,1,0.525,1,1,school_fee_support,School Fee Support,2.0,3.0,5.0,5.099,15000,Pay term fees / bursary,Sponsor / Bursary fund
227,39,Health-Constrained,3,0.407,1,1,health_support,Health & Attendance,3.0,2.5,5.5,5.091,5000,Medical vouchers + attendance follow-up,School health partner
594,6,Health-Constrained,3,0.407,1,1,health_support,Health & Attendance,3.0,2.5,5.5,5.09,5000,Medical vouchers + attendance follow-up,School health partner
377,11,Health-Constrained,2,0.405,1,1,health_support,Health & Attendance,3.0,2.5,5.5,5.084,5000,Medical vouchers + attendance follow-up,School health partner
619,4,Academic Strugglers,2,0.521,1,1,school_fee_support,School Fee Support,2.0,3.0,5.0,5.083,15000,Pay term fees / bursary,Sponsor / Bursary fund
390,31,Health-Constrained,4,0.405,1,1,health_support,Health & Attendance,3.0,2.5,5.5,5.081,5000,Medical vouchers + attendance follow-up,School health partner
442,21,Academic Strugglers,1,0.52,1,1,school_fee_support,School Fee Support,2.0,3.0,5.0,5.081,15000,Pay term fees / bursary,Sponsor / Bursary fund
585,16,Health-Constrained,3,0.405,1,1,health_support,Health & Attendance,3.0,2.5,5.5,5.081,5000,Medical vouchers + attendance follow-up,School health partner
552,28,Health-Constrained,3,0.586,1,1,health_support,Health & Attendance,3.0,1.75,4.75,5.076,5000,Medical vouchers + attendance follow-up,School health partner
483,1,Academic Strugglers,2,0.518,1,1,school_fee_support,School Fee Support,2.0,3.0,5.0,5.073,15000,Pay term fees / bursary,Sponsor / Bursary fund
985,10,Academic Strugglers,2,0.516,1,1,school_fee_support,School Fee Support,2.0,3.0,5.0,5.062,15000,Pay term fees / bursary,Sponsor / Bursary fund
898,29,Health-Constrained,3,0.4,0,1,health_support,Health & Attendance,3.0,2.5,5.5,5.06,5000,Medical vouchers + attendance follow-up,School health partner
641,18,Academic Strugglers,2,0.514,1,1,school_fee_support,School Fee Support,2.0,3.0,5.0,5.055,15000,Pay term fees / bursary,Sponsor / Bursary fund
720,25,Academic Strugglers,1,0.514,1,1,school_fee_support,School Fee Support,2.0,3.0,5.0,5.054,15000,Pay term fees / bursary,Sponsor / Bursary fund
141,18,Academic Strugglers,2,0.513,1,1,school_fee_support,School Fee Support,2.0,3.0,5.0,5.051,15000,Pay term fees / bursary,Sponsor / Bursary fund
499,11,Academic Strugglers,1,0.513,1,1,school_fee_support,School Fee Support,2.0,3.0,5.0,5.05,15000,Pay term fees / bursary,Sponsor / Bursary fund
766,23,Academic Strugglers,2,0.512,0,1,school_fee_support,School Fee Support,2.0,3.0,5.0,5.049,15000,Pay term fees / bursary,Sponsor / Bursary fund
911,24,Academic Strugglers,2,0.511,1,1,school_fee_support,School Fee Support,2.0,3.0,5.0,5.046,15000,Pay term fees / bursary,Sponsor / Bursary fund
257,13,Health-Constrained,4,0.396,1,1,health_support,Health & Attendance,3.0,2.5,5.5,5.041,5000,Medical vouchers + attendance follow-up,School health partner
728,37,Academic Strugglers,2,0.51,0,1,school_fee_support,School Fee Support,2.0,3.0,5.0,5.039,15000,Pay term fees / bursary,Sponsor / Bursary fund
886,39,Health-Constrained,4,0.395,1,1,health_support,Health & Attendance,3.0,2.5,5.5,5.038,5000,Medical vouchers + attendance follow-up,School health partner
302,43,Academic Strugglers,1,0.509,1,1,school_fee_support,School Fee Support,2.0,3.0,5.0,5.034,15000,Pay term fees / bursary,Sponsor / Bursary fund
923,22,Academic Strugglers,2,0.574,1,1,academic_tutoring,Academic Tutoring,3.0,1.75,4.75,5.03,8000,Fund remedial / catch-up classes,School + education NGO
949,42,Health-Constrained,3,0.393,1,1,health_support,Health & Attendance,3.0,2.5,5.5,5.028,5000,Medical vouchers + attendance follow-up,School health partner
764,25,Health-Constrained,4,0.391,0,1,health_support,Health & Attendance,3.0,2.5,5.5,5.022,5000,Medical vouchers + attendance follow-up,School health partner
788,18,Academic Strugglers,2,0.506,0,1,school_fee_support,School Fee Support,2.0,3.0,5.0,5.022,15000,Pay term fees / bursary,Sponsor / Bursary fund
984,25,Academic Strugglers,2,0.505,1,1,school_fee_support,School Fee Support,2.0,3.0,5.0,5.02,15000,Pay term fees / bursary,Sponsor / Bursary fund
454,28,Health-Constrained,3,0.389,0,1,health_support,Health & Attendance,3.0,2.5,5.5,5.012,5000,Medical vouchers + attendance follow-up,School health partner
971,3,Health-Constrained,2,0.389,1,1,health_support,Health & Attendance,3.0,2.5,5.5,5.011,5000,Medical vouchers + attendance follow-up,School health partner
124,16,Academic Strugglers,2,0.502,1,1,school_fee_support,School Fee Support,2.0,3.0,5.0,5.009,15000,Pay term fees / bursary,Sponsor / Bursary fund
136,17,Health-Constrained,2,0.568,1,1,health_support,Health & Attendance,3.0,1.75,4.75,5.009,5000,Medical vouchers + attendance follow-up,School health partner
149,45,Academic Strugglers,2,0.502,0,1,school_fee_support,School Fee Support,2.0,3.0,5.0,5.008,15000,Pay term fees / bursary,Sponsor / Bursary fund
239,45,Academic Strugglers,1,0.5,1,1,school_fee_support,School Fee Support,2.0,3.0,5.0,5.0,15000,Pay term fees / bursary,Sponsor / Bursary fund
305,3,Academic Strugglers,2,0.5,0,1,school_fee_support,School Fee Support,2.0,3.0,5.0,5.0,15000,Pay term fees / bursary,Sponsor / Bursary fund
211,16,Academic Strugglers,1,0.565,0,1,academic_tutoring,Academic Tutoring,3.0,1.75,4.75,4.997,8000,Fund remedial / catch-up classes,School + education NGO
961,5,Health-Constrained,3,0.385,1,1,health_support,Health & Attendance,3.0,2.5,5.5,4.995,5000,Medical vouchers + attendance follow-up,School health partner
240,25,Academic Strugglers,2,0.498,1,1,school_fee_support,School Fee Support,2.0,3.0,5.0,4.993,15000,Pay term fees / bursary,Sponsor / Bursary fund
18,31,Academic Strugglers,2,0.498,1,1,school_fee_support,School Fee Support,2.0,3.0,5.0,4.99,15000,Pay term fees / bursary,Sponsor / Bursary fund
955,44,Academic Strugglers,2,0.497,1,1,school_fee_support,School Fee Support,2.0,3.0,5.0,4.988,15000,Pay term fees / bursary,Sponsor / Bursary fund
472,18,Health-Constrained,3,0.383,1,1,health_support,Health & Attendance,3.0,2.5,5.5,4.985,5000,Medical vouchers + attendance follow-up,School health partner
384,26,Academic Strugglers,2,0.496,0,1,school_fee_support,School Fee Support,2.0,3.0,5.0,4.983,15000,Pay term fees / bursary,Sponsor / Bursary fund
283,25,Academic Strugglers,2,0.495,1,1,school_fee_support,School Fee Support,2.0,3.0,5.0,4.978,15000,Pay term fees / bursary,Sponsor / Bursary fund
433,18,Academic Strugglers,3,0.559,1,1,academic_tutoring,Academic Tutoring,3.0,1.75,4.75,4.974,8000,Fund remedial / catch-up classes,School + education NGO
945,38,Academic Strugglers,2,0.492,1,1,school_fee_support,School Fee Support,2.0,3.0,5.0,4.969,15000,Pay term fees / bursary,Sponsor / Bursary fund
255,14,Academic Strugglers,2,0.492,1,1,school_fee_support,School Fee Support,2.0,3.0,5.0,4.967,15000,Pay term fees / bursary,Sponsor / Bursary fund
404,31,Academic Strugglers,1,0.492,1,1,school_fee_support,School Fee Support,2.0,3.0,5.0,4.966,15000,Pay term fees / bursary,Sponsor / Bursary fund
443,30,Academic Strugglers,1,0.491,1,1,school_fee_support,School Fee Support,2.0,3.0,5.0,4.964,15000,Pay term fees / bursary,Sponsor / Bursary fund
777,26,Academic Strugglers,2,0.49,1,1,school_fee_support,School Fee Support,2.0,3.0,5.0,4.96,15000,Pay term fees / bursary,Sponsor / Bursary fund
224,16,Health-Constrained,2,0.376,1,1,health_support,Health & Attendance,3.0,2.5,5.5,4.954,5000,Medical vouchers + attendance follow-up,School health partner
76,21,Academic Strugglers,2,0.487,1,1,school_fee_support,School Fee Support,2.0,3.0,5.0,4.949,15000,Pay term fees / bursary,Sponsor / Bursary fund
877,31,Academic Strugglers,2,0.487,1,1,school_fee_support,School Fee Support,2.0,3.0,5.0,4.948,15000,Pay term fees / bursary,Sponsor / Bursary fund
817,31,Health-Constrained,3,0.552,0,1,health_support,Health & Attendance,3.0,1.75,4.75,4.947,5000,Medical vouchers + attendance follow-up,School health partner
132,47,Academic Strugglers,1,0.486,1,1,school_fee_support,School Fee Support,2.0,3.0,5.0,4.944,15000,Pay term fees / bursary,Sponsor / Bursary fund
14,43,Academic Strugglers,2,0.484,1,1,school_fee_support,School Fee Support,2.0,3.0,5.0,4.934,15000,Pay term fees / bursary,Sponsor / Bursary fund
102,30,Academic Strugglers,1,0.548,0,1,academic_tutoring,Academic Tutoring,3.0,1.75,4.75,4.932,8000,Fund remedial / catch-up classes,School + education NGO
54,10,Health-Constrained,3,0.37,1,1,health_support,Health & Attendance,3.0,2.5,5.5,4.928,5000,Medical vouchers + attendance follow-up,School health partner
336,2,Academic Strugglers,2,0.481,1,1,school_fee_support,School Fee Support,2.0,3.0,5.0,4.923,15000,Pay term fees / bursary,Sponsor / Bursary fund
729,19,Academic Strugglers,2,0.481,1,1,school_fee_support,School Fee Support,2.0,3.0,5.0,4.922,15000,Pay term fees / bursary,Sponsor / Bursary fund
424,26,Academic Strugglers,1,0.48,1,1,school_fee_support,School Fee Support,2.0,3.0,5.0,4.92,15000,Pay term fees / bursary,Sponsor / Bursary fund
694,25,Academic Strugglers,2,0.48,1,1,school_fee_support,School Fee Support,2.0,3.0,5.0,4.919,15000,Pay term fees / bursary,Sponsor / Bursary fund
74,27,Academic Strugglers,2,0.479,1,1,school_fee_support,School Fee Support,2.0,3.0,5.0,4.917,15000,Pay term fees / bursary,Sponsor / Bursary fund
743,16,Academic Strugglers,2,0.478,1,1,school_fee_support,School Fee Support,2.0,3.0,5.0,4.912,15000,Pay term fees / bursary,Sponsor / Bursary fund
420,42,Academic Strugglers,2,0.478,1,1,school_fee_support,School Fee Support,2.0,3.0,5.0,4.911,15000,Pay term fees / bursary,Sponsor / Bursary fund
498,6,Health-Constrained,2,0.542,1,1,health_support,Health & Attendance,3.0,1.75,4.75,4.909,5000,Medical vouchers + attendance follow-up,School health partner
992,38,Academic Strugglers,1,0.477,1,1,school_fee_support,School Fee Support,2.0,3.0,5.0,4.907,15000,Pay term fees / bursary,Sponsor / Bursary fund
829,21,Academic Strugglers,1,0.477,1,1,school_fee_support,School Fee Support,2.0,3.0,5.0,4.906,15000,Pay term fees / bursary,Sponsor / Bursary fund
464,10,Academic Strugglers,2,0.476,1,1,school_fee_support,School Fee Support,2.0,3.0,5.0,4.904,15000,Pay term fees / bursary,Sponsor / Bursary fund
735,21,Academic Strugglers,1,0.475,1,1,school_fee_support,School Fee Support,2.0,3.0,5.0,4.9,15000,Pay term fees / bursary,Sponsor / Bursary fund
261,9,Academic Strugglers,1,0.475,1,1,school_fee_support,School Fee Support,2.0,3.0,5.0,4.898,15000,Pay term fees / bursary,Sponsor / Bursary fund
171,40,Academic Strugglers,1,0.474,1,1,school_fee_support,School Fee Support,2.0,3.0,5.0,4.894,15000,Pay term fees / bursary,Sponsor / Bursary fund
38,14,Academic Strugglers,2,0.473,0,1,school_fee_support,School Fee Support,2.0,3.0,5.0,4.891,15000,Pay term fees / bursary,Sponsor / Bursary fund
957,41,Health-Constrained,1,0.472,1,1,school_fee_support,School Fee Support,2.0,3.0,5.0,4.889,15000,Pay term fees / bursary,Sponsor / Bursary fund
381,26,Academic Strugglers,2,0.47,1,1,school_fee_support,School Fee Support,2.0,3.0,5.0,4.879,15000,Pay term fees / bursary,Sponsor / Bursary fund
576,47,Health-Constrained,3,0.358,1,1,health_support,Health & Attendance,3.0,2.5,5.5,4.875,5000,Medical vouchers + attendance follow-up,School health partner
907,16,Academic Strugglers,2,0.469,1,1,school_fee_support,School Fee Support,2.0,3.0,5.0,4.875,15000,Pay term fees / bursary,Sponsor / Bursary fund
289,18,Academic Strugglers,2,0.468,1,1,school_fee_support,School Fee Support,2.0,3.0,5.0,4.871,15000,Pay term fees / bursary,Sponsor / Bursary fund
900,29,Academic Strugglers,2,0.466,1,1,school_fee_support,School Fee Support,2.0,3.0,5.0,4.866,15000,Pay term fees / bursary,Sponsor / Bursary fund
389,24,Academic Strugglers,1,0.466,1,1,school_fee_support,School Fee Support,2.0,3.0,5.0,4.863,15000,Pay term fees / bursary,Sponsor / Bursary fund
673,40,Academic Strugglers,1,0.465,1,1,school_fee_support,School Fee Support,2.0,3.0,5.0,4.862,15000,Pay term fees / bursary,Sponsor / Bursary fund
754,42,Academic Strugglers,2,0.465,1,1,school_fee_support,School Fee Support,2.0,3.0,5.0,4.861,15000,Pay term fees / bursary,Sponsor / Bursary fund
98,35,Academic Strugglers,1,0.465,1,1,school_fee_support,School Fee Support,2.0,3.0,5.0,4.859,15000,Pay term fees / bursary,Sponsor / Bursary fund
369,34,Health-Constrained,2,0.354,1,1,health_support,Health & Attendance,3.0,2.5,5.5,4.859,5000,Medical vouchers + attendance follow-up,School health partner
386,22,Health-Constrained,3,0.353,1,1,health_support,Health & Attendance,3.0,2.5,5.5,4.854,5000,Medical vouchers + attendance follow-up,School health partner
459,15,Academic Strugglers,1,0.463,0,1,school_fee_support,School Fee Support,2.0,3.0,5.0,4.852,15000,Pay term fees / bursary,Sponsor / Bursary fund
580,37,Academic Strugglers,2,0.463,1,1,school_fee_support,School Fee Support,2.0,3.0,5.0,4.852,15000,Pay term fees / bursary,Sponsor / Bursary fund
41,41,Academic Strugglers,2,0.462,1,1,school_fee_support,School Fee Support,2.0,3.0,5.0,4.849,15000,Pay term fees / bursary,Sponsor / Bursary fund
703,38,Academic Strugglers,2,0.526,1,1,academic_tutoring,Academic Tutoring,3.0,1.75,4.75,4.848,8000,Fund remedial / catch-up classes,School + education NGO
782,36,Academic Strugglers,2,0.46,1,1,school_fee_support,School Fee Support,2.0,3.0,5.0,4.84,15000,Pay term fees / bursary,Sponsor / Bursary fund
437,22,Academic Strugglers,2,0.46,1,1,school_fee_support,School Fee Support,2.0,3.0,5.0,4.839,15000,Pay term fees / bursary,Sponsor / Bursary fund
52,18,Academic Strugglers,2,0.456,1,1,school_fee_support,School Fee Support,2.0,3.0,5.0,4.824,15000,Pay term fees / bursary,Sponsor / Bursary fund
709,24,Health-Constrained,2,0.346,0,1,health_support,Health & Attendance,3.0,2.5,5.5,4.823,5000,Medical vouchers + attendance follow-up,School health partner
409,22,Academic Strugglers,2,0.456,0,1,school_fee_support,School Fee Support,2.0,3.0,5.0,4.822,15000,Pay term fees / bursary,Sponsor / Bursary fund
24,44,Health-Constrained,3,0.518,1,1,health_support,Health & Attendance,3.0,1.75,4.75,4.819,5000,Medical vouchers + attendance follow-up,School health partner
177,22,Academic Strugglers,2,0.454,1,1,school_fee_support,School Fee Support,2.0,3.0,5.0,4.817,15000,Pay term fees / bursary,Sponsor / Bursary fund
944,32,Academic Strugglers,2,0.454,1,1,school_fee_support,School Fee Support,2.0,3.0,5.0,4.817,15000,Pay term fees / bursary,Sponsor / Bursary fund
573,38,Health-Constrained,1,0.517,1,1,health_support,Health & Attendance,3.0,1.75,4.75,4.816,5000,Medical vouchers + attendance follow-up,School health partner
929,20,Academic Strugglers,1,0.454,1,1,school_fee_support,School Fee Support,2.0,3.0,5.0,4.815,15000,Pay term fees / bursary,Sponsor / Bursary fund
566,6,Academic Strugglers,2,0.453,1,1,school_fee_support,School Fee Support,2.0,3.0,5.0,4.813,15000,Pay term fees / bursary,Sponsor / Bursary fund
841,23,Health-Constrained,1,0.516,1,1,health_support,Health & Attendance,3.0,1.75,4.75,4.811,5000,Medical vouchers + attendance follow-up,School health partner
208,19,Academic Strugglers,2,0.451,1,1,school_fee_support,School Fee Support,2.0,3.0,5.0,4.804,15000,Pay term fees / bursary,Sponsor / Bursary fund
891,41,Health-Constrained,4,0.341,0,1,health_support,Health & Attendance,3.0,2.5,5.5,4.8,5000,Medical vouchers + attendance follow-up,School health partner
1,41,Academic Strugglers,1,0.449,1,1,school_fee_support,School Fee Support,2.0,3.0,5.0,4.798,15000,Pay term fees / bursary,Sponsor / Bursary fund
65,45,Academic Strugglers,1,0.513,1,1,academic_tutoring,Academic Tutoring,3.0,1.75,4.75,4.798,8000,Fund remedial / catch-up classes,School + education NGO
795,19,Academic Strugglers,2,0.448,1,1,school_fee_support,School Fee Support,2.0,3.0,5.0,4.792,15000,Pay term fees / bursary,Sponsor / Bursary fund
168,5,Health-Constrained,1,0.511,1,1,health_support,Health & Attendance,3.0,1.75,4.75,4.791,5000,Medical vouchers + attendance follow-up,School health partner
322,27,Health-Constrained,2,0.51,1,1,health_support,Health & Attendance,3.0,1.75,4.75,4.789,5000,Medical vouchers + attendance follow-up,School health partner
189,28,Academic Strugglers,1,0.447,1,1,school_fee_support,School Fee Support,2.0,3.0,5.0,4.787,15000,Pay term fees / bursary,Sponsor / Bursary fund
683,21,Academic Strugglers,1,0.446,1,1,school_fee_support,School Fee Support,2.0,3.0,5.0,4.783,15000,Pay term fees / bursary,Sponsor / Bursary fund
542,3,Academic Strugglers,1,0.444,1,1,school_fee_support,School Fee Support,2.0,3.0,5.0,4.776,15000,Pay term fees / bursary,Sponsor / Bursary fund
887,5,Academic Strugglers,1,0.506,0,1,academic_tutoring,Academic Tutoring,3.0,1.75,4.75,4.772,8000,Fund remedial / catch-up classes,School + education NGO
840,27,Academic Strugglers,2,0.442,1,1,school_fee_support,School Fee Support,2.0,3.0,5.0,4.77,15000,Pay term fees / bursary,Sponsor / Bursary fund
362,34,Academic Strugglers,2,0.441,1,1,school_fee_support,School Fee Support,2.0,3.0,5.0,4.764,15000,Pay term fees / bursary,Sponsor / Bursary fund
622,9,Academic Strugglers,2,0.441,1,1,school_fee_support,School Fee Support,2.0,3.0,5.0,4.764,15000,Pay term fees / bursary,Sponsor / Bursary fund
518,46,Academic Strugglers,3,0.502,0,1,academic_tutoring,Academic Tutoring,3.0,1.75,4.75,4.759,8000,Fund remedial / catch-up classes,School + education NGO
548,35,Health-Constrained,3,0.5,0,1,health_support,Health & Attendance,3.0,1.75,4.75,4.75,5000,Medical vouchers + attendance follow-up,School health partner
117,38,Academic Strugglers,2,0.498,1,1,academic_tutoring,Academic Tutoring,3.0,1.75,4.75,4.743,8000,Fund remedial / catch-up classes,School + education NGO
514,17,Academic Strugglers,2,0.436,1,1,school_fee_support,School Fee Support,2.0,3.0,5.0,4.743,15000,Pay term fees / bursary,Sponsor / Bursary fund
329,13,Academic Strugglers,2,0.434,1,1,school_fee_support,School Fee Support,2.0,3.0,5.0,4.735,15000,Pay term fees / bursary,Sponsor / Bursary fund
768,3,Academic Strugglers,2,0.434,1,1,school_fee_support,School Fee Support,2.0,3.0,5.0,4.734,15000,Pay term fees / bursary,Sponsor / Bursary fund
876,15,Academic Strugglers,2,0.433,1,1,school_fee_support,School Fee Support,2.0,3.0,5.0,4.732,15000,Pay term fees / bursary,Sponsor / Bursary fund
394,43,Academic Strugglers,2,0.432,1,1,school_fee_support,School Fee Support,2.0,3.0,5.0,4.727,15000,Pay term fees / bursary,Sponsor / Bursary fund
46,32,Health-Constrained,3,0.324,1,1,health_support,Health & Attendance,3.0,2.5,5.5,4.724,5000,Medical vouchers + attendance follow-up,School health partner
194,26,Academic Strugglers,1,0.431,1,1,school_fee_support,School Fee Support,2.0,3.0,5.0,4.723,15000,Pay term fees / bursary,Sponsor / Bursary fund
13,34,Health-Constrained,4,0.322,1,1,health_support,Health & Attendance,3.0,2.5,5.5,4.718,5000,Medical vouchers + attendance follow-up,School health partner
796,40,Academic Strugglers,2,0.429,1,1,school_fee_support,School Fee Support,2.0,3.0,5.0,4.718,15000,Pay term fees / bursary,Sponsor / Bursary fund
958,13,Academic Strugglers,2,0.488,1,1,academic_tutoring,Academic Tutoring,3.0,1.75,4.75,4.704,8000,Fund remedial / catch-up classes,School + education NGO
63,44,Academic Strugglers,1,0.555,1,1,academic_tutoring,Academic Tutoring,3.0,1.5,4.5,4.698,8000,Fund remedial / catch-up classes,School + education NGO
198,11,Academic Strugglers,3,0.482,1,1,academic_tutoring,Academic Tutoring,3.0,1.75,4.75,4.68,8000,Fund remedial / catch-up classes,School + education NGO
113,38,Academic Strugglers,2,0.418,1,1,school_fee_support,School Fee Support,2.0,3.0,5.0,4.673,15000,Pay term fees / bursary,Sponsor / Bursary fund
131,21,Academic Strugglers,2,0.477,1,1,academic_tutoring,Academic Tutoring,3.0,1.75,4.75,4.663,8000,Fund remedial / catch-up classes,School + education NGO
679,45,Academic Strugglers,2,0.413,1,1,school_fee_support,School Fee Support,2.0,3.0,5.0,4.654,15000,Pay term fees / bursary,Sponsor / Bursary fund
897,47,Academic Strugglers,1,0.542,1,1,academic_tutoring,Academic Tutoring,3.0,1.5,4.5,4.653,8000,Fund remedial / catch-up classes,School + education NGO
121,42,Academic Strugglers,2,0.412,1,1,school_fee_support,School Fee Support,2.0,3.0,5.0,4.649,15000,Pay term fees / bursary,Sponsor / Bursary fund
570,42,Academic Strugglers,2,0.411,1,1,school_fee_support,School Fee Support,2.0,3.0,5.0,4.644,15000,Pay term fees / bursary,Sponsor / Bursary fund
637,26,Academic Strugglers,3,0.471,1,1,academic_tutoring,Academic Tutoring,3.0,1.75,4.75,4.641,8000,Fund remedial / catch-up classes,School + education NGO
562,36,Academic Strugglers,1,0.408,1,1,school_fee_support,School Fee Support,2.0,3.0,5.0,4.632,15000,Pay term fees / bursary,Sponsor / Bursary fund
363,9,Academic Strugglers,2,0.406,1,1,school_fee_support,School Fee Support,2.0,3.0,5.0,4.625,15000,Pay term fees / bursary,Sponsor / Bursary fund
583,23,Academic Strugglers,1,0.405,1,1,school_fee_support,School Fee Support,2.0,3.0,5.0,4.619,15000,Pay term fees / bursary,Sponsor / Bursary fund
233,20,Academic Strugglers,1,0.523,1,1,academic_tutoring,Academic Tutoring,3.0,1.5,4.5,4.582,8000,Fund remedial / catch-up classes,School + education NGO
321,41,Health-Constrained,3,0.455,1,1,health_support,Health & Attendance,3.0,1.75,4.75,4.58,5000,Medical vouchers + attendance follow-up,School health partner
319,32,Health-Constrained,2,0.393,1,1,school_fee_support,School Fee Support,2.0,3.0,5.0,4.571,15000,Pay term fees / bursary,Sponsor / Bursary fund
940,19,Health-Constrained,2,0.453,1,1,health_support,Health & Attendance,3.0,1.75,4.75,4.57,5000,Medical vouchers + attendance follow-up,School health partner
948,42,Academic Strugglers,1,0.591,1,1,school_fee_support,School Fee Support,2.0,2.25,4.25,4.56,15000,Pay term fees / bursary,Sponsor / Bursary fund
910,16,Academic Strugglers,2,0.386,1,1,school_fee_support,School Fee Support,2.0,3.0,5.0,4.544,15000,Pay term fees / bursary,Sponsor / Bursary fund
772,15,Health-Constrained,5,0.282,1,1,health_support,Health & Attendance,3.0,2.5,5.5,4.54,5000,Medical vouchers + attendance follow-up,School health partner
977,31,Academic Strugglers,2,0.509,1,1,academic_tutoring,Academic Tutoring,3.0,1.5,4.5,4.531,8000,Fund remedial / catch-up classes,School + education NGO
509,11,Academic Strugglers,2,0.382,1,1,school_fee_support,School Fee Support,2.0,3.0,5.0,4.528,15000,Pay term fees / bursary,Sponsor / Bursary fund
925,39,Academic Strugglers,1,0.578,0,1,school_fee_support,School Fee Support,2.0,2.25,4.25,4.515,15000,Pay term fees / bursary,Sponsor / Bursary fund
364,34,Academic Strugglers,1,0.575,1,1,school_fee_support,School Fee Support,2.0,2.25,4.25,4.507,15000,Pay term fees / bursary,Sponsor / Bursary fund
275,45,Health-Constrained,3,0.434,1,1,health_support,Health & Attendance,3.0,1.75,4.75,4.501,5000,Medical vouchers + attendance follow-up,School health partner
854,16,Health-Constrained,4,0.271,1,1,health_support,Health & Attendance,3.0,2.5,5.5,4.492,5000,Medical vouchers + attendance follow-up,School health partner
546,47,Academic Strugglers,3,0.426,1,1,academic_tutoring,Academic Tutoring,3.0,1.75,4.75,4.467,8000,Fund remedial / catch-up classes,School + education NGO
78,43,Academic Strugglers,1,0.489,1,1,academic_tutoring,Academic Tutoring,3.0,1.5,4.5,4.462,8000,Fund remedial / catch-up classes,School + education NGO
310,32,Academic Strugglers,1,0.562,1,1,school_fee_support,School Fee Support,2.0,2.25,4.25,4.461,15000,Pay term fees / bursary,Sponsor / Bursary fund
426,13,Academic Strugglers,2,0.489,0,1,academic_tutoring,Academic Tutoring,3.0,1.5,4.5,4.46,8000,Fund remedial / catch-up classes,School + education NGO
730,45,Academic Strugglers,1,0.562,0,1,school_fee_support,School Fee Support,2.0,2.25,4.25,4.459,15000,Pay term fees / bursary,Sponsor / Bursary fund
751,44,Academic Strugglers,3,0.421,1,1,academic_tutoring,Academic Tutoring,3.0,1.75,4.75,4.451,8000,Fund remedial / catch-up classes,School + education NGO
438,28,Academic Strugglers,2,0.36,1,1,school_fee_support,School Fee Support,2.0,3.0,5.0,4.441,15000,Pay term fees / bursary,Sponsor / Bursary fund
462,1,Health-Constrained,4,0.257,1,1,health_support,Health & Attendance,3.0,2.5,5.5,4.429,5000,Medical vouchers + attendance follow-up,School health partner
331,2,Academic Strugglers,2,0.355,1,1,school_fee_support,School Fee Support,2.0,3.0,5.0,4.421,15000,Pay term fees / bursary,Sponsor / Bursary fund
616,19,Academic Strugglers,2,0.413,1,1,academic_tutoring,Academic Tutoring,3.0,1.75,4.75,4.418,8000,Fund remedial / catch-up classes,School + education NGO
844,22,Health-Constrained,3,0.41,1,1,health_support,Health & Attendance,3.0,1.75,4.75,4.409,5000,Medical vouchers + attendance follow-up,School health partner
635,38,Health-Constrained,4,0.408,1,1,health_support,Health & Attendance,3.0,1.75,4.75,4.399,5000,Medical vouchers + attendance follow-up,School health partner
689,12,Health-Constrained,2,0.408,1,1,health_support,Health & Attendance,3.0,1.75,4.75,4.399,5000,Medical vouchers + attendance follow-up,School health partner
42,25,Academic Strugglers,2,0.349,1,1,school_fee_support,School Fee Support,2.0,3.0,5.0,4.397,15000,Pay term fees / bursary,Sponsor / Bursary fund
406,10,Academic Strugglers,3,0.406,1,1,academic_tutoring,Academic Tutoring,3.0,1.75,4.75,4.391,8000,Fund remedial / catch-up classes,School + education NGO
470,23,Academic Strugglers,3,0.405,1,1,academic_tutoring,Academic Tutoring,3.0,1.75,4.75,4.388,8000,Fund remedial / catch-up classes,School + education NGO
904,5,Academic Strugglers,4,0.468,1,1,academic_tutoring,Academic Tutoring,3.0,1.5,4.5,4.385,8000,Fund remedial / catch-up classes,School + education NGO
821,41,Academic Strugglers,3,0.465,1,1,academic_tutoring,Academic Tutoring,3.0,1.5,4.5,4.374,8000,Fund remedial / catch-up classes,School + education NGO
6,22,Academic Strugglers,1,0.535,1,1,school_fee_support,School Fee Support,2.0,2.25,4.25,4.367,15000,Pay term fees / bursary,Sponsor / Bursary fund
883,27,Academic Strugglers,3,0.46,1,1,academic_tutoring,Academic Tutoring,3.0,1.5,4.5,4.355,8000,Fund remedial / catch-up classes,School + education NGO
345,22,Health-Constrained,3,0.394,1,1,health_support,Health & Attendance,3.0,1.75,4.75,4.346,5000,Medical vouchers + attendance follow-up,School health partner
471,25,Health-Constrained,3,0.392,1,1,health_support,Health & Attendance,3.0,1.75,4.75,4.34,5000,Medical vouchers + attendance follow-up,School health partner
337,27,Academic Strugglers,2,0.334,0,1,school_fee_support,School Fee Support,2.0,3.0,5.0,4.335,15000,Pay term fees / bursary,Sponsor / Bursary fund
218,30,Academic Strugglers,3,0.453,0,1,academic_tutoring,Academic Tutoring,3.0,1.5,4.5,4.332,8000,Fund remedial / catch-up classes,School + education NGO
830,19,Academic Strugglers,1,0.521,1,1,school_fee_support,School Fee Support,2.0,2.25,4.25,4.323,15000,Pay term fees / bursary,Sponsor / Bursary fund
719,15,Health-Constrained,2,0.387,1,1,health_support,Health & Attendance,3.0,1.75,4.75,4.322,5000,Medical vouchers + attendance follow-up,School health partner
249,41,Health-Constrained,5,0.231,1,1,health_support,Health & Attendance,3.0,2.5,5.5,4.318,5000,Medical vouchers + attendance follow-up,School health partner
53,8,Academic Strugglers,2,0.519,0,1,school_fee_support,School Fee Support,2.0,2.25,4.25,4.316,15000,Pay term fees / bursary,Sponsor / Bursary fund
601,44,Academic Strugglers,2,0.442,1,1,academic_tutoring,Academic Tutoring,3.0,1.5,4.5,4.29,8000,Fund remedial / catch-up classes,School + education NGO
307,14,Academic Strugglers,2,0.441,1,1,academic_tutoring,Academic Tutoring,3.0,1.5,4.5,4.287,8000,Fund remedial / catch-up classes,School + education NGO
385,1,Academic Strugglers,1,0.511,0,1,school_fee_support,School Fee Support,2.0,2.25,4.25,4.287,15000,Pay term fees / bursary,Sponsor / Bursary fund
813,12,Academic Strugglers,3,0.437,1,1,academic_tutoring,Academic Tutoring,3.0,1.5,4.5,4.274,8000,Fund remedial / catch-up classes,School + education NGO
286,5,Health-Constrained,4,0.221,1,1,health_support,Health & Attendance,3.0,2.5,5.5,4.273,5000,Medical vouchers + attendance follow-up,School health partner
936,33,Health-Constrained,3,0.372,1,1,health_support,Health & Attendance,3.0,1.75,4.75,4.262,5000,Medical vouchers + attendance follow-up,School health partner
716,22,Academic Strugglers,1,0.503,1,1,school_fee_support,School Fee Support,2.0,2.25,4.25,4.259,15000,Pay term fees / bursary,Sponsor / Bursary fund
268,42,Academic Strugglers,1,0.501,1,1,school_fee_support,School Fee Support,2.0,2.25,4.25,4.253,15000,Pay term fees / bursary,Sponsor / Bursary fund
309,32,Academic Strugglers,2,0.431,1,1,academic_tutoring,Academic Tutoring,3.0,1.5,4.5,4.252,8000,Fund remedial / catch-up classes,School + education NGO
58,21,Academic Strugglers,1,0.497,1,1,school_fee_support,School Fee Support,2.0,2.25,4.25,4.238,15000,Pay term fees / bursary,Sponsor / Bursary fund
447,44,Academic Strugglers,1,0.496,1,1,school_fee_support,School Fee Support,2.0,2.25,4.25,4.238,15000,Pay term fees / bursary,Sponsor / Bursary fund
200,29,Academic Strugglers,3,0.422,1,1,academic_tutoring,Academic Tutoring,3.0,1.5,4.5,4.22,8000,Fund remedial / catch-up classes,School + education NGO
903,13,Academic Strugglers,1,0.488,1,1,school_fee_support,School Fee Support,2.0,2.25,4.25,4.21,15000,Pay term fees / bursary,Sponsor / Bursary fund
846,29,Academic Strugglers,2,0.484,1,1,school_fee_support,School Fee Support,2.0,2.25,4.25,4.194,15000,Pay term fees / bursary,Sponsor / Bursary fund
560,20,Health-Constrained,5,0.203,1,1,health_support,Health & Attendance,3.0,2.5,5.5,4.193,5000,Medical vouchers + attendance follow-up,School health partner
648,34,Health-Constrained,5,0.203,1,1,health_support,Health & Attendance,3.0,2.5,5.5,4.192,5000,Medical vouchers + attendance follow-up,School health partner
339,33,Health-Constrained,3,0.353,1,1,health_support,Health & Attendance,3.0,1.75,4.75,4.19,5000,Medical vouchers + attendance follow-up,School health partner
328,37,Academic Strugglers,2,0.476,1,1,school_fee_support,School Fee Support,2.0,2.25,4.25,4.17,15000,Pay term fees / bursary,Sponsor / Bursary fund
199,37,Academic Strugglers,1,0.469,1,1,school_fee_support,School Fee Support,2.0,2.25,4.25,4.144,15000,Pay term fees / bursary,Sponsor / Bursary fund
326,12,Academic Strugglers,3,0.398,1,1,academic_tutoring,Academic Tutoring,3.0,1.5,4.5,4.134,8000,Fund remedial / catch-up classes,School + education NGO
722,31,Academic Strugglers,1,0.465,1,1,school_fee_support,School Fee Support,2.0,2.25,4.25,4.132,15000,Pay term fees / bursary,Sponsor / Bursary fund
368,47,Academic Strugglers,2,0.464,1,1,school_fee_support,School Fee Support,2.0,2.25,4.25,4.129,15000,Pay term fees / bursary,Sponsor / Bursary fund
888,24,Academic Strugglers,2,0.462,1,1,school_fee_support,School Fee Support,2.0,2.25,4.25,4.12,15000,Pay term fees / bursary,Sponsor / Bursary fund
607,35,Health-Constrained,3,0.333,1,1,health_support,Health & Attendance,3.0,1.75,4.75,4.117,5000,Medical vouchers + attendance follow-up,School health partner
214,29,Academic Strugglers,1,0.461,1,1,school_fee_support,School Fee Support,2.0,2.25,4.25,4.116,15000,Pay term fees / bursary,Sponsor / Bursary fund
57,16,Academic Strugglers,1,0.459,1,1,school_fee_support,School Fee Support,2.0,2.25,4.25,4.111,15000,Pay term fees / bursary,Sponsor / Bursary fund
450,20,Health-Constrained,3,0.332,1,1,health_support,Health & Attendance,3.0,1.75,4.75,4.11,5000,Medical vouchers + attendance follow-up,School health partner
204,7,Academic Strugglers,1,0.458,1,1,school_fee_support,School Fee Support,2.0,2.25,4.25,4.106,15000,Pay term fees / bursary,Sponsor / Bursary fund
260,27,Academic Strugglers,2,0.458,1,1,school_fee_support,School Fee Support,2.0,2.25,4.25,4.106,15000,Pay term fees / bursary,Sponsor / Bursary fund
671,39,Academic Strugglers,1,0.456,1,1,school_fee_support,School Fee Support,2.0,2.25,4.25,4.101,15000,Pay term fees / bursary,Sponsor / Bursary fund
639,6,Health-Constrained,3,0.329,1,1,health_support,Health & Attendance,3.0,1.75,4.75,4.098,5000,Medical vouchers + attendance follow-up,School health partner
643,35,Academic Strugglers,4,0.388,1,1,academic_tutoring,Academic Tutoring,3.0,1.5,4.5,4.096,8000,Fund remedial / catch-up classes,School + education NGO
674,39,Health-Constrained,4,0.327,1,1,health_support,Health & Attendance,3.0,1.75,4.75,4.094,5000,Medical vouchers + attendance follow-up,School health partner
928,25,Academic Strugglers,4,0.387,0,1,academic_tutoring,Academic Tutoring,3.0,1.5,4.5,4.092,8000,Fund remedial / catch-up classes,School + education NGO
808,2,Academic Strugglers,1,0.452,1,1,school_fee_support,School Fee Support,2.0,2.25,4.25,4.087,15000,Pay term fees / bursary,Sponsor / Bursary fund
232,2,Academic Strugglers,2,0.451,0,1,school_fee_support,School Fee Support,2.0,2.25,4.25,4.085,15000,Pay term fees / bursary,Sponsor / Bursary fund
495,15,Academic Strugglers,2,0.451,1,1,school_fee_support,School Fee Support,2.0,2.25,4.25,4.083,15000,Pay term fees / bursary,Sponsor / Bursary fund
595,12,Academic Strugglers,1,0.451,1,1,school_fee_support,School Fee Support,2.0,2.25,4.25,4.083,15000,Pay term fees / bursary,Sponsor / Bursary fund
308,12,Academic Strugglers,3,0.383,1,1,academic_tutoring,Academic Tutoring,3.0,1.5,4.5,4.08,8000,Fund remedial / catch-up classes,School + education NGO
972,45,Academic Strugglers,3,0.383,1,1,academic_tutoring,Academic Tutoring,3.0,1.5,4.5,4.08,8000,Fund remedial / catch-up classes,School + education NGO
87,5,Academic Strugglers,3,0.383,1,1,academic_tutoring,Academic Tutoring,3.0,1.5,4.5,4.077,8000,Fund remedial / catch-up classes,School + education NGO
997,17,Academic Strugglers,2,0.449,0,1,school_fee_support,School Fee Support,2.0,2.25,4.25,4.077,15000,Pay term fees / bursary,Sponsor / Bursary fund
634,19,Academic Strugglers,2,0.436,0,1,school_fee_support,School Fee Support,2.0,2.25,4.25,4.033,15000,Pay term fees / bursary,Sponsor / Bursary fund
463,2,Academic Strugglers,1,0.594,1,1,academic_tutoring,Academic Tutoring,3.0,0.75,3.75,4.032,8000,Fund remedial / catch-up classes,School + education NGO
306,28,Academic Strugglers,2,0.435,1,1,school_fee_support,School Fee Support,2.0,2.25,4.25,4.027,15000,Pay term fees / bursary,Sponsor / Bursary fund
779,27,Health-Constrained,5,0.165,1,1,health_support,Health & Attendance,3.0,2.5,5.5,4.025,5000,Medical vouchers + attendance follow-up,School health partner
51,47,Academic Strugglers,2,0.433,1,1,school_fee_support,School Fee Support,2.0,2.25,4.25,4.021,15000,Pay term fees / bursary,Sponsor / Bursary fund
11,40,Academic Strugglers,1,0.432,1,1,school_fee_support,School Fee Support,2.0,2.25,4.25,4.019,15000,Pay term fees / bursary,Sponsor / Bursary fund
80,16,Academic Strugglers,2,0.43,1,1,school_fee_support,School Fee Support,2.0,2.25,4.25,4.013,15000,Pay term fees / bursary,Sponsor / Bursary fund
536,1,Academic Strugglers,2,0.427,1,1,school_fee_support,School Fee Support,2.0,2.25,4.25,4.002,15000,Pay term fees / bursary,Sponsor / Bursary fund
916,35,Academic Strugglers,3,0.359,1,1,academic_tutoring,Academic Tutoring,3.0,1.5,4.5,3.992,8000,Fund remedial / catch-up classes,School + education NGO
724,8,Academic Strugglers,2,0.421,1,1,school_fee_support,School Fee Support,2.0,2.25,4.25,3.983,15000,Pay term fees / bursary,Sponsor / Bursary fund
850,14,Academic Strugglers,1,0.494,1,1,academic_tutoring,Academic Tutoring,3.0,1.0,4.0,3.981,8000,Fund remedial / catch-up classes,School + education NGO
989,47,Academic Strugglers,1,0.421,1,1,school_fee_support,School Fee Support,2.0,2.25,4.25,3.981,15000,Pay term fees / bursary,Sponsor / Bursary fund
31,31,Academic Strugglers,2,0.417,1,1,school_fee_support,School Fee Support,2.0,2.25,4.25,3.969,15000,Pay term fees / bursary,Sponsor / Bursary fund
725,15,Academic Strugglers,1,0.415,1,1,school_fee_support,School Fee Support,2.0,2.25,4.25,3.961,15000,Pay term fees / bursary,Sponsor / Bursary fund
235,44,Academic Strugglers,2,0.414,1,1,school_fee_support,School Fee Support,2.0,2.25,4.25,3.957,15000,Pay term fees / bursary,Sponsor / Bursary fund
530,31,Academic Strugglers,2,0.413,1,1,school_fee_support,School Fee Support,2.0,2.25,4.25,3.955,15000,Pay term fees / bursary,Sponsor / Bursary fund
682,43,Academic Strugglers,1,0.403,1,1,school_fee_support,School Fee Support,2.0,2.25,4.25,3.922,15000,Pay term fees / bursary,Sponsor / Bursary fund
335,28,Academic Strugglers,1,0.401,1,1,school_fee_support,School Fee Support,2.0,2.25,4.25,3.915,15000,Pay term fees / bursary,Sponsor / Bursary fund
749,12,Academic Strugglers,1,0.396,1,1,school_fee_support,School Fee Support,2.0,2.25,4.25,3.897,15000,Pay term fees / bursary,Sponsor / Bursary fund
675,46,Academic Strugglers,2,0.396,1,1,school_fee_support,School Fee Support,2.0,2.25,4.25,3.896,15000,Pay term fees / bursary,Sponsor / Bursary fund
203,23,Academic Strugglers,2,0.391,1,1,school_fee_support,School Fee Support,2.0,2.25,4.25,3.88,15000,Pay term fees / bursary,Sponsor / Bursary fund
801,42,Academic Strugglers,1,0.39,1,1,school_fee_support,School Fee Support,2.0,2.25,4.25,3.876,15000,Pay term fees / bursary,Sponsor / Bursary fund
407,42,Academic Strugglers,2,0.388,1,1,school_fee_support,School Fee Support,2.0,2.25,4.25,3.87,15000,Pay term fees / bursary,Sponsor / Bursary fund
697,28,Academic Strugglers,1,0.388,1,1,school_fee_support,School Fee Support,2.0,2.25,4.25,3.868,15000,Pay term fees / bursary,Sponsor / Bursary fund
853,28,Academic Strugglers,2,0.539,1,1,academic_tutoring,Academic Tutoring,3.0,0.75,3.75,3.867,8000,Fund remedial / catch-up classes,School + education NGO
320,36,Academic Strugglers,2,0.387,1,1,school_fee_support,School Fee Support,2.0,2.25,4.25,3.865,15000,Pay term fees / bursary,Sponsor / Bursary fund
527,21,Academic Strugglers,1,0.455,1,1,academic_tutoring,Academic Tutoring,3.0,1.0,4.0,3.858,8000,Fund remedial / catch-up classes,School + education NGO
45,13,Academic Strugglers,1,0.53,1,1,academic_tutoring,Academic Tutoring,3.0,0.75,3.75,3.84,8000,Fund remedial / catch-up classes,School + education NGO
468,27,Academic Strugglers,2,0.375,1,1,school_fee_support,School Fee Support,2.0,2.25,4.25,3.824,15000,Pay term fees / bursary,Sponsor / Bursary fund
89,21,Academic Strugglers,2,0.365,1,1,school_fee_support,School Fee Support,2.0,2.25,4.25,3.79,15000,Pay term fees / bursary,Sponsor / Bursary fund
20,15,Academic Strugglers,2,0.363,1,1,school_fee_support,School Fee Support,2.0,2.25,4.25,3.784,15000,Pay term fees / bursary,Sponsor / Bursary fund
758,12,Academic Strugglers,2,0.429,1,1,academic_tutoring,Academic Tutoring,3.0,1.0,4.0,3.773,8000,Fund remedial / catch-up classes,School + education NGO
253,22,Academic Strugglers,2,0.507,1,1,academic_tutoring,Academic Tutoring,3.0,0.75,3.75,3.772,8000,Fund remedial / catch-up classes,School + education NGO
323,14,Academic Strugglers,2,0.353,1,1,school_fee_support,School Fee Support,2.0,2.25,4.25,3.751,15000,Pay term fees / bursary,Sponsor / Bursary fund
578,25,Health-Constrained,3,0.42,1,1,health_support,Health & Attendance,3.0,1.0,4.0,3.745,5000,Medical vouchers + attendance follow-up,School health partner
258,23,Academic Strugglers,2,0.42,1,1,academic_tutoring,Academic Tutoring,3.0,1.0,4.0,3.743,8000,Fund remedial / catch-up classes,School + education NGO
148,46,Academic Strugglers,3,0.414,1,1,academic_tutoring,Academic Tutoring,3.0,1.0,4.0,3.724,8000,Fund remedial / catch-up classes,School + education NGO
988,33,Academic Strugglers,1,0.486,0,1,academic_tutoring,Academic Tutoring,3.0,0.75,3.75,3.709,8000,Fund remedial / catch-up classes,School + education NGO
547,37,Academic Strugglers,3,0.48,1,1,academic_tutoring,Academic Tutoring,3.0,0.75,3.75,3.69,8000,Fund remedial / catch-up classes,School + education NGO
341,18,Academic Strugglers,2,0.331,1,1,school_fee_support,School Fee Support,2.0,2.25,4.25,3.677,15000,Pay term fees / bursary,Sponsor / Bursary fund
333,26,Academic Strugglers,2,0.331,1,1,school_fee_support,School Fee Support,2.0,2.25,4.25,3.675,15000,Pay term fees / bursary,Sponsor / Bursary fund
299,36,Academic Strugglers,2,0.471,0,1,academic_tutoring,Academic Tutoring,3.0,0.75,3.75,3.663,8000,Fund remedial / catch-up classes,School + education NGO
651,5,Stable Achievers,3,0.393,1,1,enrichment,STEM Enrichment,3.0,1.0,4.0,3.657,3000,"Clubs, mentoring, competitions",School / alumni mentors
978,40,Academic Strugglers,3,0.466,1,1,academic_tutoring,Academic Tutoring,3.0,0.75,3.75,3.647,8000,Fund remedial / catch-up classes,School + education NGO
92,24,Stable Achievers,2,0.389,1,1,enrichment,STEM Enrichment,3.0,1.0,4.0,3.644,3000,"Clubs, mentoring, competitions",School / alumni mentors
207,7,Academic Strugglers,3,0.386,0,1,academic_tutoring,Academic Tutoring,3.0,1.0,4.0,3.635,8000,Fund remedial / catch-up classes,School + education NGO
746,40,Academic Strugglers,2,0.457,1,1,academic_tutoring,Academic Tutoring,3.0,0.75,3.75,3.621,8000,Fund remedial / catch-up classes,School + education NGO
695,27,Academic Strugglers,2,0.446,0,1,academic_tutoring,Academic Tutoring,3.0,0.75,3.75,3.589,8000,Fund remedial / catch-up classes,School + education NGO
670,34,Academic Strugglers,1,0.53,1,1,school_fee_support,School Fee Support,2.0,1.5,3.5,3.584,15000,Pay term fees / bursary,Sponsor / Bursary fund
94,28,Stable Achievers,4,0.369,1,1,enrichment,STEM Enrichment,3.0,1.0,4.0,3.581,3000,"Clubs, mentoring, competitions",School / alumni mentors
592,24,Academic Strugglers,3,0.444,1,1,academic_tutoring,Academic Tutoring,3.0,0.75,3.75,3.581,8000,Fund remedial / catch-up classes,School + education NGO
621,18,Health-Constrained,2,0.361,1,1,health_support,Health & Attendance,3.0,1.0,4.0,3.554,5000,Medical vouchers + attendance follow-up,School health partner
153,15,Academic Strugglers,3,0.428,1,1,academic_tutoring,Academic Tutoring,3.0,0.75,3.75,3.533,8000,Fund remedial / catch-up classes,School + education NGO
26,30,Academic Strugglers,3,0.423,1,1,academic_tutoring,Academic Tutoring,3.0,0.75,3.75,3.518,8000,Fund remedial / catch-up classes,School + education NGO
287,1,Academic Strugglers,3,0.421,1,1,academic_tutoring,Academic Tutoring,3.0,0.75,3.75,3.514,8000,Fund remedial / catch-up classes,School + education NGO
91,26,Stable Achievers,3,0.346,1,1,enrichment,STEM Enrichment,3.0,1.0,4.0,3.508,3000,"Clubs, mentoring, competitions",School / alumni mentors
186,45,Stable Achievers,3,0.344,1,1,enrichment,STEM Enrichment,3.0,1.0,4.0,3.501,3000,"Clubs, mentoring, competitions",School / alumni mentors
43,5,Academic Strugglers,1,0.499,1,1,school_fee_support,School Fee Support,2.0,1.5,3.5,3.498,15000,Pay term fees / bursary,Sponsor / Bursary fund
292,11,Academic Strugglers,2,0.416,1,1,academic_tutoring,Academic Tutoring,3.0,0.75,3.75,3.497,8000,Fund remedial / catch-up classes,School + education NGO
919,42,Academic Strugglers,3,0.414,1,1,academic_tutoring,Academic Tutoring,3.0,0.75,3.75,3.492,8000,Fund remedial / catch-up classes,School + education NGO
202,39,Stable Achievers,2,0.34,1,1,enrichment,STEM Enrichment,3.0,1.0,4.0,3.487,3000,"Clubs, mentoring, competitions",School / alumni mentors
188,38,Academic Strugglers,4,0.411,1,1,academic_tutoring,Academic Tutoring,3.0,0.75,3.75,3.482,8000,Fund remedial / catch-up classes,School + education NGO
707,31,Academic Strugglers,3,0.411,1,1,academic_tutoring,Academic Tutoring,3.0,0.75,3.75,3.482,8000,Fund remedial / catch-up classes,School + education NGO
266,36,Stable Achievers,4,0.336,1,1,enrichment,STEM Enrichment,3.0,1.0,4.0,3.476,3000,"Clubs, mentoring, competitions",School / alumni mentors
863,35,Academic Strugglers,3,0.406,1,1,academic_tutoring,Academic Tutoring,3.0,0.75,3.75,3.467,8000,Fund remedial / catch-up classes,School + education NGO
28,36,Academic Strugglers,3,0.483,1,1,school_fee_support,School Fee Support,2.0,1.5,3.5,3.452,15000,Pay term fees / bursary,Sponsor / Bursary fund
981,2,Academic Strugglers,3,0.4,1,1,academic_tutoring,Academic Tutoring,3.0,0.75,3.75,3.45,8000,Fund remedial / catch-up classes,School + education NGO
588,21,Stable Achievers,4,0.326,1,1,enrichment,STEM Enrichment,3.0,1.0,4.0,3.444,3000,"Clubs, mentoring, competitions",School / alumni mentors
32,39,Stable Achievers,4,0.324,1,1,enrichment,STEM Enrichment,3.0,1.0,4.0,3.435,3000,"Clubs, mentoring, competitions",School / alumni mentors
372,30,Stable Achievers,4,0.322,1,1,enrichment,STEM Enrichment,3.0,1.0,4.0,3.432,3000,"Clubs, mentoring, competitions",School / alumni mentors
317,7,Academic Strugglers,1,0.474,1,1,school_fee_support,School Fee Support,2.0,1.5,3.5,3.428,15000,Pay term fees / bursary,Sponsor / Bursary fund
771,21,Stable Achievers,3,0.321,1,1,enrichment,STEM Enrichment,3.0,1.0,4.0,3.426,3000,"Clubs, mentoring, competitions",School / alumni mentors
963,10,Stable Achievers,3,0.314,1,1,enrichment,STEM Enrichment,3.0,1.0,4.0,3.404,3000,"Clubs, mentoring, competitions",School / alumni mentors
763,9,Stable Achievers,4,0.312,1,1,enrichment,STEM Enrichment,3.0,1.0,4.0,3.399,3000,"Clubs, mentoring, competitions",School / alumni mentors
611,14,Stable Achievers,3,0.303,1,1,enrichment,STEM Enrichment,3.0,1.0,4.0,3.369,3000,"Clubs, mentoring, competitions",School / alumni mentors
192,32,Academic Strugglers,2,0.372,1,1,academic_tutoring,Academic Tutoring,3.0,0.75,3.75,3.366,8000,Fund remedial / catch-up classes,School + education NGO
213,14,Stable Achievers,3,0.301,1,1,enrichment,STEM Enrichment,3.0,1.0,4.0,3.362,3000,"Clubs, mentoring, competitions",School / alumni mentors
73,38,Academic Strugglers,1,0.449,1,1,school_fee_support,School Fee Support,2.0,1.5,3.5,3.357,15000,Pay term fees / bursary,Sponsor / Bursary fund
350,45,Academic Strugglers,3,0.448,1,1,school_fee_support,School Fee Support,2.0,1.5,3.5,3.356,15000,Pay term fees / bursary,Sponsor / Bursary fund
226,32,Academic Strugglers,3,0.367,1,1,academic_tutoring,Academic Tutoring,3.0,0.75,3.75,3.351,8000,Fund remedial / catch-up classes,School + education NGO
805,27,Academic Strugglers,2,0.446,1,1,school_fee_support,School Fee Support,2.0,1.5,3.5,3.35,15000,Pay term fees / bursary,Sponsor / Bursary fund
649,33,Stable Achievers,4,0.295,1,1,enrichment,STEM Enrichment,3.0,1.0,4.0,3.343,3000,"Clubs, mentoring, competitions",School / alumni mentors
889,36,Stable Achievers,3,0.292,1,1,enrichment,STEM Enrichment,3.0,1.0,4.0,3.334,3000,"Clubs, mentoring, competitions",School / alumni mentors
769,9,Academic Strugglers,3,0.355,1,1,academic_tutoring,Academic Tutoring,3.0,0.75,3.75,3.314,8000,Fund remedial / catch-up classes,School + education NGO
374,35,Stable Achievers,4,0.285,1,1,enrichment,STEM Enrichment,3.0,1.0,4.0,3.313,3000,"Clubs, mentoring, competitions",School / alumni mentors
343,9,Academic Strugglers,3,0.352,1,1,academic_tutoring,Academic Tutoring,3.0,0.75,3.75,3.305,8000,Fund remedial / catch-up classes,School + education NGO
811,18,Stable Achievers,4,0.283,1,1,enrichment,STEM Enrichment,3.0,1.0,4.0,3.305,3000,"Clubs, mentoring, competitions",School / alumni mentors
858,44,Stable Achievers,3,0.282,1,1,enrichment,STEM Enrichment,3.0,1.0,4.0,3.302,3000,"Clubs, mentoring, competitions",School / alumni mentors
354,41,Academic Strugglers,2,0.427,1,1,school_fee_support,School Fee Support,2.0,1.5,3.5,3.296,15000,Pay term fees / bursary,Sponsor / Bursary fund
837,46,Academic Strugglers,3,0.348,1,1,academic_tutoring,Academic Tutoring,3.0,0.75,3.75,3.294,8000,Fund remedial / catch-up classes,School + education NGO
497,40,Academic Strugglers,3,0.425,1,1,school_fee_support,School Fee Support,2.0,1.5,3.5,3.289,15000,Pay term fees / bursary,Sponsor / Bursary fund
515,3,Academic Strugglers,2,0.422,1,1,school_fee_support,School Fee Support,2.0,1.5,3.5,3.282,15000,Pay term fees / bursary,Sponsor / Bursary fund
579,34,Stable Achievers,5,0.267,1,1,enrichment,STEM Enrichment,3.0,1.0,4.0,3.255,3000,"Clubs, mentoring, competitions",School / alumni mentors
979,1,Stable Achievers,4,0.261,1,1,enrichment,STEM Enrichment,3.0,1.0,4.0,3.236,3000,"Clubs, mentoring, competitions",School / alumni mentors
96,9,Academic Strugglers,3,0.404,1,1,school_fee_support,School Fee Support,2.0,1.5,3.5,3.232,15000,Pay term fees / bursary,Sponsor / Bursary fund
66,38,Academic Strugglers,3,0.403,1,1,school_fee_support,School Fee Support,2.0,1.5,3.5,3.228,15000,Pay term fees / bursary,Sponsor / Bursary fund
300,13,Stable Achievers,4,0.259,1,1,enrichment,STEM Enrichment,3.0,1.0,4.0,3.228,3000,"Clubs, mentoring, competitions",School / alumni mentors
831,18,Stable Achievers,4,0.257,1,1,enrichment,STEM Enrichment,3.0,1.0,4.0,3.224,3000,"Clubs, mentoring, competitions",School / alumni mentors
128,5,Academic Strugglers,3,0.4,1,1,school_fee_support,School Fee Support,2.0,1.5,3.5,3.219,15000,Pay term fees / bursary,Sponsor / Bursary fund
298,5,Academic Strugglers,3,0.322,1,1,academic_tutoring,Academic Tutoring,3.0,0.75,3.75,3.217,8000,Fund remedial / catch-up classes,School + education NGO
125,35,Stable Achievers,5,0.251,1,1,enrichment,STEM Enrichment,3.0,1.0,4.0,3.205,3000,"Clubs, mentoring, competitions",School / alumni mentors
677,40,Stable Achievers,4,0.251,1,1,enrichment,STEM Enrichment,3.0,1.0,4.0,3.205,3000,"Clubs, mentoring, competitions",School / alumni mentors
359,44,Academic Strugglers,2,0.393,1,1,school_fee_support,School Fee Support,2.0,1.5,3.5,3.2,15000,Pay term fees / bursary,Sponsor / Bursary fund
401,40,Academic Strugglers,3,0.392,1,1,school_fee_support,School Fee Support,2.0,1.5,3.5,3.199,15000,Pay term fees / bursary,Sponsor / Bursary fund
723,12,Stable Achievers,5,0.249,1,1,enrichment,STEM Enrichment,3.0,1.0,4.0,3.197,3000,"Clubs, mentoring, competitions",School / alumni mentors
828,33,Stable Achievers,5,0.244,1,1,enrichment,STEM Enrichment,3.0,1.0,4.0,3.182,3000,"Clubs, mentoring, competitions",School / alumni mentors
776,44,Academic Strugglers,3,0.386,1,1,school_fee_support,School Fee Support,2.0,1.5,3.5,3.18,15000,Pay term fees / bursary,Sponsor / Bursary fund
575,14,Stable Achievers,4,0.241,0,1,enrichment,STEM Enrichment,3.0,1.0,4.0,3.171,3000,"Clubs, mentoring, competitions",School / alumni mentors
234,4,Stable Achievers,4,0.239,1,1,enrichment,STEM Enrichment,3.0,1.0,4.0,3.165,3000,"Clubs, mentoring, competitions",School / alumni mentors
713,30,Academic Strugglers,3,0.379,1,1,school_fee_support,School Fee Support,2.0,1.5,3.5,3.16,15000,Pay term fees / bursary,Sponsor / Bursary fund
525,11,Academic Strugglers,3,0.378,1,1,school_fee_support,School Fee Support,2.0,1.5,3.5,3.158,15000,Pay term fees / bursary,Sponsor / Bursary fund
230,14,Academic Strugglers,3,0.377,1,1,digital_access,Digital Access Kit,2.0,1.5,3.5,3.156,7000,Shared device / data bundle,Sponsor / CSR partner
138,35,Academic Strugglers,3,0.375,1,1,digital_access,Digital Access Kit,2.0,1.5,3.5,3.15,7000,Shared device / data bundle,Sponsor / CSR partner
520,27,Stable Achievers,4,0.228,1,1,enrichment,STEM Enrichment,3.0,1.0,4.0,3.131,3000,"Clubs, mentoring, competitions",School / alumni mentors
449,43,Stable Achievers,4,0.228,1,1,enrichment,STEM Enrichment,3.0,1.0,4.0,3.128,3000,"Clubs, mentoring, competitions",School / alumni mentors
917,28,Academic Strugglers,2,0.367,0,1,school_fee_support,School Fee Support,2.0,1.5,3.5,3.128,15000,Pay term fees / bursary,Sponsor / Bursary fund
48,1,Stable Achievers,5,0.226,1,1,enrichment,STEM Enrichment,3.0,1.0,4.0,3.124,3000,"Clubs, mentoring, competitions",School / alumni mentors
183,9,Stable Achievers,5,0.225,1,1,enrichment,STEM Enrichment,3.0,1.0,4.0,3.12,3000,"Clubs, mentoring, competitions",School / alumni mentors
540,26,Academic Strugglers,3,0.364,0,1,digital_access,Digital Access Kit,2.0,1.5,3.5,3.12,7000,Shared device / data bundle,Sponsor / CSR partner
812,32,Academic Strugglers,3,0.363,1,1,digital_access,Digital Access Kit,2.0,1.5,3.5,3.116,7000,Shared device / data bundle,Sponsor / CSR partner
421,16,Stable Achievers,4,0.223,1,1,enrichment,STEM Enrichment,3.0,1.0,4.0,3.113,3000,"Clubs, mentoring, competitions",School / alumni mentors
184,9,Academic Strugglers,2,0.361,1,1,school_fee_support,School Fee Support,2.0,1.5,3.5,3.11,15000,Pay term fees / bursary,Sponsor / Bursary fund
681,19,Academic Strugglers,3,0.359,1,1,digital_access,Digital Access Kit,2.0,1.5,3.5,3.105,7000,Shared device / data bundle,Sponsor / CSR partner
993,30,Academic Strugglers,2,0.357,1,1,school_fee_support,School Fee Support,2.0,1.5,3.5,3.099,15000,Pay term fees / bursary,Sponsor / Bursary fund
564,9,Academic Strugglers,3,0.354,1,1,digital_access,Digital Access Kit,2.0,1.5,3.5,3.092,7000,Shared device / data bundle,Sponsor / CSR partner
615,27,Stable Achievers,4,0.216,1,1,enrichment,STEM Enrichment,3.0,1.0,4.0,3.091,3000,"Clubs, mentoring, competitions",School / alumni mentors
523,41,Stable Achievers,4,0.215,1,1,enrichment,STEM Enrichment,3.0,1.0,4.0,3.088,3000,"Clubs, mentoring, competitions",School / alumni mentors
983,26,Academic Strugglers,2,0.347,1,1,school_fee_support,School Fee Support,2.0,1.5,3.5,3.073,15000,Pay term fees / bursary,Sponsor / Bursary fund
349,2,Academic Strugglers,3,0.343,1,1,digital_access,Digital Access Kit,2.0,1.5,3.5,3.061,7000,Shared device / data bundle,Sponsor / CSR partner
591,38,Stable Achievers,5,0.205,1,1,enrichment,STEM Enrichment,3.0,1.0,4.0,3.057,3000,"Clubs, mentoring, competitions",School / alumni mentors
318,9,Stable Achievers,5,0.201,1,1,enrichment,STEM Enrichment,3.0,1.0,4.0,3.044,3000,"Clubs, mentoring, competitions",School / alumni mentors
505,16,Stable Achievers,5,0.201,1,1,enrichment,STEM Enrichment,3.0,1.0,4.0,3.042,3000,"Clubs, mentoring, competitions",School / alumni mentors
324,21,Academic Strugglers,2,0.336,1,1,school_fee_support,School Fee Support,2.0,1.5,3.5,3.04,15000,Pay term fees / bursary,Sponsor / Bursary fund
893,2,Stable Achievers,5,0.2,1,1,enrichment,STEM Enrichment,3.0,1.0,4.0,3.04,3000,"Clubs, mentoring, competitions",School / alumni mentors
467,26,Academic Strugglers,2,0.335,1,1,school_fee_support,School Fee Support,2.0,1.5,3.5,3.038,15000,Pay term fees / bursary,Sponsor / Bursary fund
602,35,Academic Strugglers,3,0.333,1,1,school_fee_support,School Fee Support,2.0,1.5,3.5,3.031,15000,Pay term fees / bursary,Sponsor / Bursary fund
491,17,Academic Strugglers,3,0.326,1,1,school_fee_support,School Fee Support,2.0,1.5,3.5,3.012,15000,Pay term fees / bursary,Sponsor / Bursary fund
818,4,Academic Strugglers,3,0.325,1,1,school_fee_support,School Fee Support,2.0,1.5,3.5,3.011,15000,Pay term fees / bursary,Sponsor / Bursary fund
484,45,Stable Achievers,5,0.185,1,1,enrichment,STEM Enrichment,3.0,1.0,4.0,2.991,3000,"Clubs, mentoring, competitions",School / alumni mentors
429,33,Academic Strugglers,3,0.317,1,1,digital_access,Digital Access Kit,2.0,1.5,3.5,2.987,7000,Shared device / data bundle,Sponsor / CSR partner
726,37,Stable Achievers,5,0.181,1,1,enrichment,STEM Enrichment,3.0,1.0,4.0,2.979,3000,"Clubs, mentoring, competitions",School / alumni mentors
474,14,Academic Strugglers,3,0.313,1,1,digital_access,Digital Access Kit,2.0,1.5,3.5,2.976,7000,Shared device / data bundle,Sponsor / CSR partner
657,8,Stable Achievers,5,0.18,1,1,enrichment,STEM Enrichment,3.0,1.0,4.0,2.976,3000,"Clubs, mentoring, competitions",School / alumni mentors
734,42,Stable Achievers,5,0.18,1,1,enrichment,STEM Enrichment,3.0,1.0,4.0,2.975,3000,"Clubs, mentoring, competitions",School / alumni mentors
458,26,Stable Achievers,3,0.483,1,1,enrichment,STEM Enrichment,3.0,0.0,3.0,2.96,3000,"Clubs, mentoring, competitions",School / alumni mentors
924,27,Stable Achievers,4,0.17,1,1,enrichment,STEM Enrichment,3.0,1.0,4.0,2.944,3000,"Clubs, mentoring, competitions",School / alumni mentors
446,30,Stable Achievers,3,0.473,1,1,enrichment,STEM Enrichment,3.0,0.0,3.0,2.936,3000,"Clubs, mentoring, competitions",School / alumni mentors
365,11,Stable Achievers,5,0.167,1,1,enrichment,STEM Enrichment,3.0,1.0,4.0,2.934,3000,"Clubs, mentoring, competitions",School / alumni mentors
485,41,Stable Achievers,5,0.165,1,1,enrichment,STEM Enrichment,3.0,1.0,4.0,2.928,3000,"Clubs, mentoring, competitions",School / alumni mentors
688,31,Stable Achievers,5,0.164,1,1,enrichment,STEM Enrichment,3.0,1.0,4.0,2.924,3000,"Clubs, mentoring, competitions",School / alumni mentors
223,29,Stable Achievers,4,0.468,1,1,enrichment,STEM Enrichment,3.0,0.0,3.0,2.923,3000,"Clubs, mentoring, competitions",School / alumni mentors
403,34,Stable Achievers,5,0.16,1,1,enrichment,STEM Enrichment,3.0,1.0,4.0,2.912,3000,"Clubs, mentoring, competitions",School / alumni mentors
804,12,Stable Achievers,5,0.154,1,1,enrichment,STEM Enrichment,3.0,1.0,4.0,2.894,3000,"Clubs, mentoring, competitions",School / alumni mentors
909,16,Stable Achievers,5,0.152,1,1,enrichment,STEM Enrichment,3.0,1.0,4.0,2.886,3000,"Clubs, mentoring, competitions",School / alumni mentors
81,20,Stable Achievers,3,0.449,1,1,enrichment,STEM Enrichment,3.0,0.0,3.0,2.878,3000,"Clubs, mentoring, competitions",School / alumni mentors
4,31,Stable Achievers,4,0.448,1,1,enrichment,STEM Enrichment,3.0,0.0,3.0,2.876,3000,"Clubs, mentoring, competitions",School / alumni mentors
833,43,Stable Achievers,4,0.444,1,1,enrichment,STEM Enrichment,3.0,0.0,3.0,2.865,3000,"Clubs, mentoring, competitions",School / alumni mentors
956,42,Stable Achievers,4,0.443,1,1,enrichment,STEM Enrichment,3.0,0.0,3.0,2.864,3000,"Clubs, mentoring, competitions",School / alumni mentors
241,47,Stable Achievers,5,0.145,1,1,enrichment,STEM Enrichment,3.0,1.0,4.0,2.863,3000,"Clubs, mentoring, competitions",School / alumni mentors
599,28,Stable Achievers,3,0.437,1,1,enrichment,STEM Enrichment,3.0,0.0,3.0,2.848,3000,"Clubs, mentoring, competitions",School / alumni mentors
666,19,Stable Achievers,4,0.431,1,1,enrichment,STEM Enrichment,3.0,0.0,3.0,2.835,3000,"Clubs, mentoring, competitions",School / alumni mentors
655,35,Stable Achievers,3,0.431,1,1,enrichment,STEM Enrichment,3.0,0.0,3.0,2.834,3000,"Clubs, mentoring, competitions",School / alumni mentors
708,20,Stable Achievers,2,0.429,1,1,enrichment,STEM Enrichment,3.0,0.0,3.0,2.828,3000,"Clubs, mentoring, competitions",School / alumni mentors
405,2,Stable Achievers,3,0.424,1,1,enrichment,STEM Enrichment,3.0,0.0,3.0,2.818,3000,"Clubs, mentoring, competitions",School / alumni mentors
892,10,Stable Achievers,3,0.421,1,1,enrichment,STEM Enrichment,3.0,0.0,3.0,2.81,3000,"Clubs, mentoring, competitions",School / alumni mentors
690,35,Stable Achievers,4,0.42,1,1,enrichment,STEM Enrichment,3.0,0.0,3.0,2.807,3000,"Clubs, mentoring, competitions",School / alumni mentors
906,10,Stable Achievers,3,0.415,1,1,enrichment,STEM Enrichment,3.0,0.0,3.0,2.797,3000,"Clubs, mentoring, competitions",School / alumni mentors
270,11,Stable Achievers,5,0.124,1,1,enrichment,STEM Enrichment,3.0,1.0,4.0,2.796,3000,"Clubs, mentoring, competitions",School / alumni mentors
692,25,Stable Achievers,5,0.124,1,1,enrichment,STEM Enrichment,3.0,1.0,4.0,2.796,3000,"Clubs, mentoring, competitions",School / alumni mentors
926,44,Stable Achievers,3,0.409,1,1,enrichment,STEM Enrichment,3.0,0.0,3.0,2.781,3000,"Clubs, mentoring, competitions",School / alumni mentors
178,27,Stable Achievers,3,0.407,0,1,enrichment,STEM Enrichment,3.0,0.0,3.0,2.776,3000,"Clubs, mentoring, competitions",School / alumni mentors
312,6,Stable Achievers,3,0.407,1,1,enrichment,STEM Enrichment,3.0,0.0,3.0,2.776,3000,"Clubs, mentoring, competitions",School / alumni mentors
507,1,Stable Achievers,2,0.404,1,1,enrichment,STEM Enrichment,3.0,0.0,3.0,2.77,3000,"Clubs, mentoring, competitions",School / alumni mentors
396,9,Stable Achievers,4,0.402,0,1,enrichment,STEM Enrichment,3.0,0.0,3.0,2.766,3000,"Clubs, mentoring, competitions",School / alumni mentors
416,10,Stable Achievers,4,0.401,0,1,enrichment,STEM Enrichment,3.0,0.0,3.0,2.763,3000,"Clubs, mentoring, competitions",School / alumni mentors
691,37,Stable Achievers,3,0.399,1,1,enrichment,STEM Enrichment,3.0,0.0,3.0,2.758,3000,"Clubs, mentoring, competitions",School / alumni mentors
380,16,Stable Achievers,4,0.399,1,1,enrichment,STEM Enrichment,3.0,0.0,3.0,2.757,3000,"Clubs, mentoring, competitions",School / alumni mentors
871,15,Stable Achievers,3,0.394,1,1,enrichment,STEM Enrichment,3.0,0.0,3.0,2.745,3000,"Clubs, mentoring, competitions",School / alumni mentors
439,38,Stable Achievers,4,0.39,1,1,enrichment,STEM Enrichment,3.0,0.0,3.0,2.736,3000,"Clubs, mentoring, competitions",School / alumni mentors
785,14,Stable Achievers,3,0.389,1,1,enrichment,STEM Enrichment,3.0,0.0,3.0,2.734,3000,"Clubs, mentoring, competitions",School / alumni mentors
62,10,Stable Achievers,3,0.389,1,1,enrichment,STEM Enrichment,3.0,0.0,3.0,2.733,3000,"Clubs, mentoring, competitions",School / alumni mentors
710,2,Stable Achievers,4,0.387,1,1,enrichment,STEM Enrichment,3.0,0.0,3.0,2.728,3000,"Clubs, mentoring, competitions",School / alumni mentors
82,33,Stable Achievers,3,0.385,0,1,enrichment,STEM Enrichment,3.0,0.0,3.0,2.725,3000,"Clubs, mentoring, competitions",School / alumni mentors
248,15,Stable Achievers,3,0.385,1,1,enrichment,STEM Enrichment,3.0,0.0,3.0,2.725,3000,"Clubs, mentoring, competitions",School / alumni mentors
783,2,Stable Achievers,4,0.385,1,1,enrichment,STEM Enrichment,3.0,0.0,3.0,2.725,3000,"Clubs, mentoring, competitions",School / alumni mentors
610,9,Stable Achievers,4,0.383,1,1,enrichment,STEM Enrichment,3.0,0.0,3.0,2.719,3000,"Clubs, mentoring, competitions",School / alumni mentors
856,3,Stable Achievers,5,0.1,1,1,enrichment,STEM Enrichment,3.0,1.0,4.0,2.719,3000,"Clubs, mentoring, competitions",School / alumni mentors
161,47,Stable Achievers,3,0.379,1,1,enrichment,STEM Enrichment,3.0,0.0,3.0,2.709,3000,"Clubs, mentoring, competitions",School / alumni mentors
399,47,Stable Achievers,4,0.379,1,1,enrichment,STEM Enrichment,3.0,0.0,3.0,2.709,3000,"Clubs, mentoring, competitions",School / alumni mentors
236,27,Stable Achievers,3,0.378,1,1,enrichment,STEM Enrichment,3.0,0.0,3.0,2.708,3000,"Clubs, mentoring, competitions",School / alumni mentors
528,37,Stable Achievers,4,0.376,1,1,enrichment,STEM Enrichment,3.0,0.0,3.0,2.703,3000,"Clubs, mentoring, competitions",School / alumni mentors
413,26,Stable Achievers,3,0.376,1,1,enrichment,STEM Enrichment,3.0,0.0,3.0,2.701,3000,"Clubs, mentoring, competitions",School / alumni mentors
140,15,Stable Achievers,4,0.374,1,1,enrichment,STEM Enrichment,3.0,0.0,3.0,2.698,3000,"Clubs, mentoring, competitions",School / alumni mentors
604,16,Stable Achievers,4,0.373,1,1,enrichment,STEM Enrichment,3.0,0.0,3.0,2.696,3000,"Clubs, mentoring, competitions",School / alumni mentors
391,2,Stable Achievers,3,0.372,1,1,enrichment,STEM Enrichment,3.0,0.0,3.0,2.693,3000,"Clubs, mentoring, competitions",School / alumni mentors
35,22,Stable Achievers,3,0.37,1,1,enrichment,STEM Enrichment,3.0,0.0,3.0,2.688,3000,"Clubs, mentoring, competitions",School / alumni mentors
921,34,Stable Achievers,3,0.37,1,1,enrichment,STEM Enrichment,3.0,0.0,3.0,2.688,3000,"Clubs, mentoring, competitions",School / alumni mentors
108,24,Stable Achievers,4,0.37,1,1,enrichment,STEM Enrichment,3.0,0.0,3.0,2.687,3000,"Clubs, mentoring, competitions",School / alumni mentors
786,29,Stable Achievers,4,0.369,1,1,enrichment,STEM Enrichment,3.0,0.0,3.0,2.686,3000,"Clubs, mentoring, competitions",School / alumni mentors
851,44,Stable Achievers,2,0.369,1,1,school_fee_support,School Fee Support,0.0,3.0,3.0,2.686,15000,Pay term fees / bursary,Sponsor / Bursary fund
905,42,Stable Achievers,4,0.369,1,1,enrichment,STEM Enrichment,3.0,0.0,3.0,2.685,3000,"Clubs, mentoring, competitions",School / alumni mentors
803,30,Stable Achievers,3,0.368,0,1,enrichment,STEM Enrichment,3.0,0.0,3.0,2.683,3000,"Clubs, mentoring, competitions",School / alumni mentors
387,35,Stable Achievers,3,0.367,1,1,enrichment,STEM Enrichment,3.0,0.0,3.0,2.681,3000,"Clubs, mentoring, competitions",School / alumni mentors
9,31,Stable Achievers,3,0.367,1,1,enrichment,STEM Enrichment,3.0,0.0,3.0,2.68,3000,"Clubs, mentoring, competitions",School / alumni mentors
1000,8,Stable Achievers,3,0.367,1,1,enrichment,STEM Enrichment,3.0,0.0,3.0,2.68,3000,"Clubs, mentoring, competitions",School / alumni mentors
626,25,Stable Achievers,4,0.366,1,1,enrichment,STEM Enrichment,3.0,0.0,3.0,2.678,3000,"Clubs, mentoring, competitions",School / alumni mentors
943,20,Stable Achievers,4,0.366,1,1,enrichment,STEM Enrichment,3.0,0.0,3.0,2.678,3000,"Clubs, mentoring, competitions",School / alumni mentors
500,12,Stable Achievers,4,0.364,1,1,enrichment,STEM Enrichment,3.0,0.0,3.0,2.674,3000,"Clubs, mentoring, competitions",School / alumni mentors
927,2,Stable Achievers,3,0.364,1,1,enrichment,STEM Enrichment,3.0,0.0,3.0,2.674,3000,"Clubs, mentoring, competitions",School / alumni mentors
332,3,Stable Achievers,4,0.364,1,1,enrichment,STEM Enrichment,3.0,0.0,3.0,2.673,3000,"Clubs, mentoring, competitions",School / alumni mentors
860,42,Stable Achievers,3,0.364,1,1,enrichment,STEM Enrichment,3.0,0.0,3.0,2.673,3000,"Clubs, mentoring, competitions",School / alumni mentors
478,18,Stable Achievers,4,0.362,1,1,enrichment,STEM Enrichment,3.0,0.0,3.0,2.668,3000,"Clubs, mentoring, competitions",School / alumni mentors
2,9,Stable Achievers,3,0.36,1,1,enrichment,STEM Enrichment,3.0,0.0,3.0,2.664,3000,"Clubs, mentoring, competitions",School / alumni mentors
25,14,Stable Achievers,4,0.359,1,1,enrichment,STEM Enrichment,3.0,0.0,3.0,2.663,3000,"Clubs, mentoring, competitions",School / alumni mentors
826,43,Stable Achievers,3,0.359,1,1,enrichment,STEM Enrichment,3.0,0.0,3.0,2.663,3000,"Clubs, mentoring, competitions",School / alumni mentors
512,35,Stable Achievers,4,0.359,1,1,enrichment,STEM Enrichment,3.0,0.0,3.0,2.661,3000,"Clubs, mentoring, competitions",School / alumni mentors
466,41,Stable Achievers,3,0.358,1,1,enrichment,STEM Enrichment,3.0,0.0,3.0,2.659,3000,"Clubs, mentoring, competitions",School / alumni mentors
126,24,Stable Achievers,3,0.356,1,1,enrichment,STEM Enrichment,3.0,0.0,3.0,2.655,3000,"Clubs, mentoring, competitions",School / alumni mentors
263,44,Stable Achievers,4,0.354,1,1,enrichment,STEM Enrichment,3.0,0.0,3.0,2.649,3000,"Clubs, mentoring, competitions",School / alumni mentors
533,37,Stable Achievers,3,0.353,1,1,enrichment,STEM Enrichment,3.0,0.0,3.0,2.648,3000,"Clubs, mentoring, competitions",School / alumni mentors
173,44,Stable Achievers,4,0.352,1,1,enrichment,STEM Enrichment,3.0,0.0,3.0,2.646,3000,"Clubs, mentoring, competitions",School / alumni mentors
242,31,Stable Achievers,4,0.352,1,1,enrichment,STEM Enrichment,3.0,0.0,3.0,2.646,3000,"Clubs, mentoring, competitions",School / alumni mentors
422,10,Stable Achievers,3,0.352,1,1,enrichment,STEM Enrichment,3.0,0.0,3.0,2.646,3000,"Clubs, mentoring, competitions",School / alumni mentors
69,10,Stable Achievers,3,0.352,1,1,enrichment,STEM Enrichment,3.0,0.0,3.0,2.645,3000,"Clubs, mentoring, competitions",School / alumni mentors
756,17,Stable Achievers,2,0.352,0,1,enrichment,STEM Enrichment,3.0,0.0,3.0,2.645,3000,"Clubs, mentoring, competitions",School / alumni mentors
842,1,Stable Achievers,3,0.352,1,1,enrichment,STEM Enrichment,3.0,0.0,3.0,2.644,3000,"Clubs, mentoring, competitions",School / alumni mentors
434,13,Stable Achievers,3,0.35,1,1,enrichment,STEM Enrichment,3.0,0.0,3.0,2.64,3000,"Clubs, mentoring, competitions",School / alumni mentors
33,31,Stable Achievers,4,0.349,1,1,enrichment,STEM Enrichment,3.0,0.0,3.0,2.637,3000,"Clubs, mentoring, competitions",School / alumni mentors
265,25,Stable Achievers,2,0.349,1,1,enrichment,STEM Enrichment,3.0,0.0,3.0,2.637,3000,"Clubs, mentoring, competitions",School / alumni mentors
408,35,Stable Achievers,3,0.349,1,1,enrichment,STEM Enrichment,3.0,0.0,3.0,2.637,3000,"Clubs, mentoring, competitions",School / alumni mentors
612,16,Stable Achievers,3,0.348,1,1,enrichment,STEM Enrichment,3.0,0.0,3.0,2.636,3000,"Clubs, mentoring, competitions",School / alumni mentors
293,3,Stable Achievers,2,0.347,1,1,enrichment,STEM Enrichment,3.0,0.0,3.0,2.633,3000,"Clubs, mentoring, competitions",School / alumni mentors
901,17,Stable Achievers,3,0.347,1,1,enrichment,STEM Enrichment,3.0,0.0,3.0,2.632,3000,"Clubs, mentoring, competitions",School / alumni mentors
314,38,Stable Achievers,3,0.345,1,1,enrichment,STEM Enrichment,3.0,0.0,3.0,2.627,3000,"Clubs, mentoring, competitions",School / alumni mentors
633,3,Stable Achievers,3,0.344,1,1,enrichment,STEM Enrichment,3.0,0.0,3.0,2.625,3000,"Clubs, mentoring, competitions",School / alumni mentors
996,17,Stable Achievers,4,0.344,1,1,enrichment,STEM Enrichment,3.0,0.0,3.0,2.625,3000,"Clubs, mentoring, competitions",School / alumni mentors
77,20,Stable Achievers,3,0.343,1,1,enrichment,STEM Enrichment,3.0,0.0,3.0,2.624,3000,"Clubs, mentoring, competitions",School / alumni mentors
383,47,Stable Achievers,3,0.344,0,1,enrichment,STEM Enrichment,3.0,0.0,3.0,2.624,3000,"Clubs, mentoring, competitions",School / alumni mentors
143,29,Stable Achievers,3,0.342,0,1,enrichment,STEM Enrichment,3.0,0.0,3.0,2.621,3000,"Clubs, mentoring, competitions",School / alumni mentors
414,4,Stable Achievers,4,0.34,1,1,enrichment,STEM Enrichment,3.0,0.0,3.0,2.616,3000,"Clubs, mentoring, competitions",School / alumni mentors
646,19,Stable Achievers,4,0.34,1,1,enrichment,STEM Enrichment,3.0,0.0,3.0,2.616,3000,"Clubs, mentoring, competitions",School / alumni mentors
753,12,Stable Achievers,4,0.34,1,1,enrichment,STEM Enrichment,3.0,0.0,3.0,2.616,3000,"Clubs, mentoring, competitions",School / alumni mentors
702,8,Stable Achievers,3,0.338,1,1,enrichment,STEM Enrichment,3.0,0.0,3.0,2.612,3000,"Clubs, mentoring, competitions",School / alumni mentors
195,37,Stable Achievers,4,0.338,1,1,enrichment,STEM Enrichment,3.0,0.0,3.0,2.611,3000,"Clubs, mentoring, competitions",School / alumni mentors
663,38,Stable Achievers,3,0.338,1,1,enrichment,STEM Enrichment,3.0,0.0,3.0,2.611,3000,"Clubs, mentoring, competitions",School / alumni mentors
181,15,Stable Achievers,4,0.337,1,1,enrichment,STEM Enrichment,3.0,0.0,3.0,2.61,3000,"Clubs, mentoring, competitions",School / alumni mentors
549,6,Stable Achievers,4,0.337,1,1,enrichment,STEM Enrichment,3.0,0.0,3.0,2.609,3000,"Clubs, mentoring, competitions",School / alumni mentors
884,23,Stable Achievers,4,0.337,0,1,enrichment,STEM Enrichment,3.0,0.0,3.0,2.609,3000,"Clubs, mentoring, competitions",School / alumni mentors
942,19,Stable Achievers,4,0.337,1,1,enrichment,STEM Enrichment,3.0,0.0,3.0,2.609,3000,"Clubs, mentoring, competitions",School / alumni mentors
291,12,Academic Strugglers,3,0.337,1,1,academic_tutoring,Academic Tutoring,3.0,0.0,3.0,2.608,8000,Fund remedial / catch-up classes,School + education NGO
356,8,Stable Achievers,3,0.335,1,1,enrichment,STEM Enrichment,3.0,0.0,3.0,2.603,3000,"Clubs, mentoring, competitions",School / alumni mentors
175,27,Stable Achievers,4,0.334,1,1,enrichment,STEM Enrichment,3.0,0.0,3.0,2.601,3000,"Clubs, mentoring, competitions",School / alumni mentors
882,33,Stable Achievers,4,0.333,1,1,enrichment,STEM Enrichment,3.0,0.0,3.0,2.599,3000,"Clubs, mentoring, competitions",School / alumni mentors
162,14,Stable Achievers,4,0.333,1,1,enrichment,STEM Enrichment,3.0,0.0,3.0,2.598,3000,"Clubs, mentoring, competitions",School / alumni mentors
510,30,Stable Achievers,4,0.331,1,1,enrichment,STEM Enrichment,3.0,0.0,3.0,2.595,3000,"Clubs, mentoring, competitions",School / alumni mentors
935,11,Stable Achievers,3,0.331,1,1,enrichment,STEM Enrichment,3.0,0.0,3.0,2.595,3000,"Clubs, mentoring, competitions",School / alumni mentors
402,37,Academic Strugglers,3,0.33,1,1,academic_tutoring,Academic Tutoring,3.0,0.0,3.0,2.593,8000,Fund remedial / catch-up classes,School + education NGO
395,28,Stable Achievers,4,0.329,1,1,enrichment,STEM Enrichment,3.0,0.0,3.0,2.589,3000,"Clubs, mentoring, competitions",School / alumni mentors
568,33,Stable Achievers,3,0.328,1,1,enrichment,STEM Enrichment,3.0,0.0,3.0,2.588,3000,"Clubs, mentoring, competitions",School / alumni mentors
327,23,Stable Achievers,3,0.328,1,1,enrichment,STEM Enrichment,3.0,0.0,3.0,2.586,3000,"Clubs, mentoring, competitions",School / alumni mentors
453,25,Stable Achievers,4,0.327,1,1,enrichment,STEM Enrichment,3.0,0.0,3.0,2.585,3000,"Clubs, mentoring, competitions",School / alumni mentors
297,30,Stable Achievers,4,0.326,1,1,enrichment,STEM Enrichment,3.0,0.0,3.0,2.581,3000,"Clubs, mentoring, competitions",School / alumni mentors
951,37,Stable Achievers,4,0.325,1,1,enrichment,STEM Enrichment,3.0,0.0,3.0,2.581,3000,"Clubs, mentoring, competitions",School / alumni mentors
964,19,Stable Achievers,4,0.326,1,1,enrichment,STEM Enrichment,3.0,0.0,3.0,2.581,3000,"Clubs, mentoring, competitions",School / alumni mentors
29,6,Stable Achievers,4,0.322,1,1,enrichment,STEM Enrichment,3.0,0.0,3.0,2.574,3000,"Clubs, mentoring, competitions",School / alumni mentors
460,42,Stable Achievers,4,0.322,1,1,enrichment,STEM Enrichment,3.0,0.0,3.0,2.573,3000,"Clubs, mentoring, competitions",School / alumni mentors
481,29,Stable Achievers,5,0.321,1,1,enrichment,STEM Enrichment,3.0,0.0,3.0,2.569,3000,"Clubs, mentoring, competitions",School / alumni mentors
97,8,Stable Achievers,4,0.32,1,1,enrichment,STEM Enrichment,3.0,0.0,3.0,2.567,3000,"Clubs, mentoring, competitions",School / alumni mentors
316,20,Stable Achievers,4,0.318,1,1,enrichment,STEM Enrichment,3.0,0.0,3.0,2.564,3000,"Clubs, mentoring, competitions",School / alumni mentors
836,27,Stable Achievers,3,0.318,1,1,enrichment,STEM Enrichment,3.0,0.0,3.0,2.563,3000,"Clubs, mentoring, competitions",School / alumni mentors
538,42,Stable Achievers,3,0.315,1,1,enrichment,STEM Enrichment,3.0,0.0,3.0,2.557,3000,"Clubs, mentoring, competitions",School / alumni mentors
7,4,Stable Achievers,4,0.314,1,1,enrichment,STEM Enrichment,3.0,0.0,3.0,2.554,3000,"Clubs, mentoring, competitions",School / alumni mentors
101,22,Stable Achievers,4,0.314,1,1,enrichment,STEM Enrichment,3.0,0.0,3.0,2.554,3000,"Clubs, mentoring, competitions",School / alumni mentors
112,32,Stable Achievers,3,0.314,1,1,enrichment,STEM Enrichment,3.0,0.0,3.0,2.553,3000,"Clubs, mentoring, competitions",School / alumni mentors
158,2,Stable Achievers,5,0.313,1,1,enrichment,STEM Enrichment,3.0,0.0,3.0,2.552,3000,"Clubs, mentoring, competitions",School / alumni mentors
705,7,Stable Achievers,4,0.313,1,1,enrichment,STEM Enrichment,3.0,0.0,3.0,2.552,3000,"Clubs, mentoring, competitions",School / alumni mentors
913,26,Stable Achievers,3,0.313,1,1,enrichment,STEM Enrichment,3.0,0.0,3.0,2.551,3000,"Clubs, mentoring, competitions",School / alumni mentors
970,4,Stable Achievers,3,0.31,1,1,enrichment,STEM Enrichment,3.0,0.0,3.0,2.545,3000,"Clubs, mentoring, competitions",School / alumni mentors
874,37,Stable Achievers,4,0.309,1,1,enrichment,STEM Enrichment,3.0,0.0,3.0,2.541,3000,"Clubs, mentoring, competitions",School / alumni mentors
859,9,Stable Achievers,4,0.308,1,1,enrichment,STEM Enrichment,3.0,0.0,3.0,2.538,3000,"Clubs, mentoring, competitions",School / alumni mentors
839,17,Stable Achievers,2,0.307,1,1,enrichment,STEM Enrichment,3.0,0.0,3.0,2.537,3000,"Clubs, mentoring, competitions",School / alumni mentors
644,39,Stable Achievers,3,0.305,1,1,enrichment,STEM Enrichment,3.0,0.0,3.0,2.532,3000,"Clubs, mentoring, competitions",School / alumni mentors
952,39,Stable Achievers,3,0.305,1,1,enrichment,STEM Enrichment,3.0,0.0,3.0,2.532,3000,"Clubs, mentoring, competitions",School / alumni mentors
672,19,Stable Achievers,4,0.305,1,1,enrichment,STEM Enrichment,3.0,0.0,3.0,2.531,3000,"Clubs, mentoring, competitions",School / alumni mentors
137,33,Stable Achievers,4,0.301,1,1,enrichment,STEM Enrichment,3.0,0.0,3.0,2.522,3000,"Clubs, mentoring, competitions",School / alumni mentors
90,11,Stable Achievers,4,0.3,1,1,enrichment,STEM Enrichment,3.0,0.0,3.0,2.521,3000,"Clubs, mentoring, competitions",School / alumni mentors
807,44,Stable Achievers,3,0.3,1,1,enrichment,STEM Enrichment,3.0,0.0,3.0,2.521,3000,"Clubs, mentoring, competitions",School / alumni mentors
529,15,Stable Achievers,4,0.3,1,1,enrichment,STEM Enrichment,3.0,0.0,3.0,2.52,3000,"Clubs, mentoring, competitions",School / alumni mentors
23,35,Stable Achievers,4,0.299,1,1,enrichment,STEM Enrichment,3.0,0.0,3.0,2.517,3000,"Clubs, mentoring, competitions",School / alumni mentors
504,8,Stable Achievers,5,0.299,1,1,enrichment,STEM Enrichment,3.0,0.0,3.0,2.517,3000,"Clubs, mentoring, competitions",School / alumni mentors
501,25,Stable Achievers,3,0.298,1,1,enrichment,STEM Enrichment,3.0,0.0,3.0,2.515,3000,"Clubs, mentoring, competitions",School / alumni mentors
661,20,Stable Achievers,3,0.298,1,1,enrichment,STEM Enrichment,3.0,0.0,3.0,2.515,3000,"Clubs, mentoring, competitions",School / alumni mentors
440,9,Stable Achievers,3,0.297,1,1,enrichment,STEM Enrichment,3.0,0.0,3.0,2.513,3000,"Clubs, mentoring, competitions",School / alumni mentors
934,20,Stable Achievers,3,0.296,1,1,enrichment,STEM Enrichment,3.0,0.0,3.0,2.511,3000,"Clubs, mentoring, competitions",School / alumni mentors
711,12,Stable Achievers,4,0.296,1,1,enrichment,STEM Enrichment,3.0,0.0,3.0,2.509,3000,"Clubs, mentoring, competitions",School / alumni mentors
593,3,Stable Achievers,4,0.295,1,1,enrichment,STEM Enrichment,3.0,0.0,3.0,2.508,3000,"Clubs, mentoring, competitions",School / alumni mentors
799,34,Stable Achievers,4,0.295,1,1,enrichment,STEM Enrichment,3.0,0.0,3.0,2.508,3000,"Clubs, mentoring, competitions",School / alumni mentors
288,17,Stable Achievers,4,0.294,1,1,enrichment,STEM Enrichment,3.0,0.0,3.0,2.507,3000,"Clubs, mentoring, competitions",School / alumni mentors
531,39,Stable Achievers,4,0.295,1,1,enrichment,STEM Enrichment,3.0,0.0,3.0,2.507,3000,"Clubs, mentoring, competitions",School / alumni mentors
908,32,Stable Achievers,4,0.294,1,1,enrichment,STEM Enrichment,3.0,0.0,3.0,2.506,3000,"Clubs, mentoring, competitions",School / alumni mentors
119,2,Stable Achievers,5,0.294,1,1,enrichment,STEM Enrichment,3.0,0.0,3.0,2.505,3000,"Clubs, mentoring, competitions",School / alumni mentors
313,12,Stable Achievers,5,0.293,1,1,enrichment,STEM Enrichment,3.0,0.0,3.0,2.504,3000,"Clubs, mentoring, competitions",School / alumni mentors
187,12,Stable Achievers,4,0.292,1,1,enrichment,STEM Enrichment,3.0,0.0,3.0,2.502,3000,"Clubs, mentoring, competitions",School / alumni mentors
118,1,Stable Achievers,4,0.292,1,1,enrichment,STEM Enrichment,3.0,0.0,3.0,2.501,3000,"Clubs, mentoring, competitions",School / alumni mentors
590,36,Stable Achievers,3,0.29,1,1,enrichment,STEM Enrichment,3.0,0.0,3.0,2.497,3000,"Clubs, mentoring, competitions",School / alumni mentors
47,40,Stable Achievers,4,0.29,1,1,enrichment,STEM Enrichment,3.0,0.0,3.0,2.496,3000,"Clubs, mentoring, competitions",School / alumni mentors
770,21,Stable Achievers,4,0.289,1,1,enrichment,STEM Enrichment,3.0,0.0,3.0,2.494,3000,"Clubs, mentoring, competitions",School / alumni mentors
210,37,Stable Achievers,4,0.288,1,1,enrichment,STEM Enrichment,3.0,0.0,3.0,2.49,3000,"Clubs, mentoring, competitions",School / alumni mentors
12,38,Stable Achievers,5,0.287,1,1,enrichment,STEM Enrichment,3.0,0.0,3.0,2.489,3000,"Clubs, mentoring, competitions",School / alumni mentors
699,30,Stable Achievers,4,0.287,1,1,enrichment,STEM Enrichment,3.0,0.0,3.0,2.488,3000,"Clubs, mentoring, competitions",School / alumni mentors
296,18,Stable Achievers,4,0.285,1,1,enrichment,STEM Enrichment,3.0,0.0,3.0,2.484,3000,"Clubs, mentoring, competitions",School / alumni mentors
660,39,Stable Achievers,4,0.285,1,1,enrichment,STEM Enrichment,3.0,0.0,3.0,2.483,3000,"Clubs, mentoring, competitions",School / alumni mentors
864,4,Stable Achievers,5,0.284,1,1,enrichment,STEM Enrichment,3.0,0.0,3.0,2.482,3000,"Clubs, mentoring, competitions",School / alumni mentors
994,28,Stable Achievers,5,0.283,1,1,enrichment,STEM Enrichment,3.0,0.0,3.0,2.48,3000,"Clubs, mentoring, competitions",School / alumni mentors
146,37,Stable Achievers,4,0.283,1,1,enrichment,STEM Enrichment,3.0,0.0,3.0,2.479,3000,"Clubs, mentoring, competitions",School / alumni mentors
563,43,Stable Achievers,4,0.28,1,1,enrichment,STEM Enrichment,3.0,0.0,3.0,2.473,3000,"Clubs, mentoring, competitions",School / alumni mentors
798,30,Stable Achievers,4,0.28,1,1,enrichment,STEM Enrichment,3.0,0.0,3.0,2.472,3000,"Clubs, mentoring, competitions",School / alumni mentors
869,22,Stable Achievers,3,0.28,0,1,enrichment,STEM Enrichment,3.0,0.0,3.0,2.472,3000,"Clubs, mentoring, competitions",School / alumni mentors
278,17,Stable Achievers,5,0.279,1,1,enrichment,STEM Enrichment,3.0,0.0,3.0,2.47,3000,"Clubs, mentoring, competitions",School / alumni mentors
820,35,Stable Achievers,4,0.277,1,1,enrichment,STEM Enrichment,3.0,0.0,3.0,2.465,3000,"Clubs, mentoring, competitions",School / alumni mentors
277,44,Stable Achievers,3,0.275,1,1,enrichment,STEM Enrichment,3.0,0.0,3.0,2.46,3000,"Clubs, mentoring, competitions",School / alumni mentors
496,4,Stable Achievers,4,0.275,1,1,enrichment,STEM Enrichment,3.0,0.0,3.0,2.459,3000,"Clubs, mentoring, competitions",School / alumni mentors
550,21,Stable Achievers,4,0.275,1,1,enrichment,STEM Enrichment,3.0,0.0,3.0,2.459,3000,"Clubs, mentoring, competitions",School / alumni mentors
106,20,Stable Achievers,4,0.273,1,1,enrichment,STEM Enrichment,3.0,0.0,3.0,2.455,3000,"Clubs, mentoring, competitions",School / alumni mentors
565,21,Stable Achievers,4,0.273,1,1,enrichment,STEM Enrichment,3.0,0.0,3.0,2.454,3000,"Clubs, mentoring, competitions",School / alumni mentors
915,47,Stable Achievers,4,0.272,1,1,enrichment,STEM Enrichment,3.0,0.0,3.0,2.454,3000,"Clubs, mentoring, competitions",School / alumni mentors
930,11,Stable Achievers,4,0.273,1,1,enrichment,STEM Enrichment,3.0,0.0,3.0,2.454,3000,"Clubs, mentoring, competitions",School / alumni mentors
425,12,Stable Achievers,4,0.272,1,1,enrichment,STEM Enrichment,3.0,0.0,3.0,2.453,3000,"Clubs, mentoring, competitions",School / alumni mentors
624,40,Stable Achievers,4,0.272,1,1,enrichment,STEM Enrichment,3.0,0.0,3.0,2.452,3000,"Clubs, mentoring, competitions",School / alumni mentors
351,27,Stable Achievers,4,0.27,1,1,enrichment,STEM Enrichment,3.0,0.0,3.0,2.448,3000,"Clubs, mentoring, competitions",School / alumni mentors
367,7,Stable Achievers,4,0.269,1,1,enrichment,STEM Enrichment,3.0,0.0,3.0,2.446,3000,"Clubs, mentoring, competitions",School / alumni mentors
686,7,Stable Achievers,3,0.269,1,1,enrichment,STEM Enrichment,3.0,0.0,3.0,2.445,3000,"Clubs, mentoring, competitions",School / alumni mentors
44,21,Stable Achievers,3,0.268,1,1,enrichment,STEM Enrichment,3.0,0.0,3.0,2.443,3000,"Clubs, mentoring, competitions",School / alumni mentors
122,25,Stable Achievers,5,0.265,1,1,enrichment,STEM Enrichment,3.0,0.0,3.0,2.437,3000,"Clubs, mentoring, competitions",School / alumni mentors
789,4,Stable Achievers,3,0.265,1,1,enrichment,STEM Enrichment,3.0,0.0,3.0,2.436,3000,"Clubs, mentoring, competitions",School / alumni mentors
5,18,Stable Achievers,4,0.264,1,1,enrichment,STEM Enrichment,3.0,0.0,3.0,2.434,3000,"Clubs, mentoring, competitions",School / alumni mentors
862,29,Stable Achievers,4,0.261,0,1,enrichment,STEM Enrichment,3.0,0.0,3.0,2.427,3000,"Clubs, mentoring, competitions",School / alumni mentors
696,10,Stable Achievers,4,0.26,0,1,enrichment,STEM Enrichment,3.0,0.0,3.0,2.425,3000,"Clubs, mentoring, competitions",School / alumni mentors
700,37,Stable Achievers,4,0.26,1,1,enrichment,STEM Enrichment,3.0,0.0,3.0,2.425,3000,"Clubs, mentoring, competitions",School / alumni mentors
567,33,Stable Achievers,5,0.258,1,1,enrichment,STEM Enrichment,3.0,0.0,3.0,2.42,3000,"Clubs, mentoring, competitions",School / alumni mentors
357,15,Stable Achievers,3,0.258,1,1,enrichment,STEM Enrichment,3.0,0.0,3.0,2.419,3000,"Clubs, mentoring, competitions",School / alumni mentors
508,44,Stable Achievers,4,0.258,1,1,enrichment,STEM Enrichment,3.0,0.0,3.0,2.418,3000,"Clubs, mentoring, competitions",School / alumni mentors
855,34,Stable Achievers,4,0.257,1,1,enrichment,STEM Enrichment,3.0,0.0,3.0,2.418,3000,"Clubs, mentoring, competitions",School / alumni mentors
244,42,Stable Achievers,4,0.255,1,1,enrichment,STEM Enrichment,3.0,0.0,3.0,2.412,3000,"Clubs, mentoring, competitions",School / alumni mentors
613,2,Stable Achievers,4,0.255,1,1,enrichment,STEM Enrichment,3.0,0.0,3.0,2.411,3000,"Clubs, mentoring, competitions",School / alumni mentors
790,31,Stable Achievers,5,0.255,1,1,enrichment,STEM Enrichment,3.0,0.0,3.0,2.411,3000,"Clubs, mentoring, competitions",School / alumni mentors
976,24,Stable Achievers,4,0.253,1,1,enrichment,STEM Enrichment,3.0,0.0,3.0,2.408,3000,"Clubs, mentoring, competitions",School / alumni mentors
111,2,Stable Achievers,5,0.251,1,1,enrichment,STEM Enrichment,3.0,0.0,3.0,2.402,3000,"Clubs, mentoring, competitions",School / alumni mentors
301,3,Stable Achievers,4,0.251,1,1,enrichment,STEM Enrichment,3.0,0.0,3.0,2.402,3000,"Clubs, mentoring, competitions",School / alumni mentors
718,14,Stable Achievers,4,0.251,1,1,enrichment,STEM Enrichment,3.0,0.0,3.0,2.402,3000,"Clubs, mentoring, competitions",School / alumni mentors
461,31,Stable Achievers,5,0.25,1,1,enrichment,STEM Enrichment,3.0,0.0,3.0,2.399,3000,"Clubs, mentoring, competitions",School / alumni mentors
154,8,Stable Achievers,5,0.249,1,1,enrichment,STEM Enrichment,3.0,0.0,3.0,2.397,3000,"Clubs, mentoring, competitions",School / alumni mentors
304,15,Stable Achievers,5,0.248,1,1,enrichment,STEM Enrichment,3.0,0.0,3.0,2.396,3000,"Clubs, mentoring, competitions",School / alumni mentors
502,47,Stable Achievers,5,0.248,1,1,enrichment,STEM Enrichment,3.0,0.0,3.0,2.395,3000,"Clubs, mentoring, competitions",School / alumni mentors
975,12,Stable Achievers,5,0.248,1,1,enrichment,STEM Enrichment,3.0,0.0,3.0,2.394,3000,"Clubs, mentoring, competitions",School / alumni mentors
596,6,Stable Achievers,5,0.246,1,1,enrichment,STEM Enrichment,3.0,0.0,3.0,2.391,3000,"Clubs, mentoring, competitions",School / alumni mentors
30,25,Stable Achievers,5,0.245,1,1,enrichment,STEM Enrichment,3.0,0.0,3.0,2.387,3000,"Clubs, mentoring, competitions",School / alumni mentors
346,27,Stable Achievers,4,0.241,1,1,enrichment,STEM Enrichment,3.0,0.0,3.0,2.378,3000,"Clubs, mentoring, competitions",School / alumni mentors
393,19,Stable Achievers,4,0.241,1,1,enrichment,STEM Enrichment,3.0,0.0,3.0,2.378,3000,"Clubs, mentoring, competitions",School / alumni mentors
247,37,Stable Achievers,4,0.24,1,1,enrichment,STEM Enrichment,3.0,0.0,3.0,2.375,3000,"Clubs, mentoring, competitions",School / alumni mentors
767,7,Stable Achievers,4,0.238,1,1,enrichment,STEM Enrichment,3.0,0.0,3.0,2.372,3000,"Clubs, mentoring, competitions",School / alumni mentors
899,2,Stable Achievers,5,0.236,1,1,enrichment,STEM Enrichment,3.0,0.0,3.0,2.367,3000,"Clubs, mentoring, competitions",School / alumni mentors
797,26,Stable Achievers,4,0.236,1,1,enrichment,STEM Enrichment,3.0,0.0,3.0,2.366,3000,"Clubs, mentoring, competitions",School / alumni mentors
59,32,Stable Achievers,4,0.236,1,1,enrichment,STEM Enrichment,3.0,0.0,3.0,2.365,3000,"Clubs, mentoring, competitions",School / alumni mentors
902,46,Stable Achievers,5,0.236,1,1,enrichment,STEM Enrichment,3.0,0.0,3.0,2.365,3000,"Clubs, mentoring, competitions",School / alumni mentors
71,22,Stable Achievers,4,0.235,1,1,enrichment,STEM Enrichment,3.0,0.0,3.0,2.363,3000,"Clubs, mentoring, competitions",School / alumni mentors
246,17,Stable Achievers,4,0.234,1,1,enrichment,STEM Enrichment,3.0,0.0,3.0,2.362,3000,"Clubs, mentoring, competitions",School / alumni mentors
452,15,Stable Achievers,5,0.233,1,1,enrichment,STEM Enrichment,3.0,0.0,3.0,2.36,3000,"Clubs, mentoring, competitions",School / alumni mentors
834,36,Stable Achievers,5,0.233,1,1,enrichment,STEM Enrichment,3.0,0.0,3.0,2.36,3000,"Clubs, mentoring, competitions",School / alumni mentors
222,31,Stable Achievers,4,0.232,1,1,enrichment,STEM Enrichment,3.0,0.0,3.0,2.358,3000,"Clubs, mentoring, competitions",School / alumni mentors
197,47,Stable Achievers,5,0.231,1,1,enrichment,STEM Enrichment,3.0,0.0,3.0,2.354,3000,"Clubs, mentoring, competitions",School / alumni mentors
110,23,Stable Achievers,4,0.23,0,1,enrichment,STEM Enrichment,3.0,0.0,3.0,2.352,3000,"Clubs, mentoring, competitions",School / alumni mentors
835,44,Stable Achievers,5,0.228,1,1,enrichment,STEM Enrichment,3.0,0.0,3.0,2.347,3000,"Clubs, mentoring, competitions",School / alumni mentors
778,29,Stable Achievers,5,0.226,1,1,enrichment,STEM Enrichment,3.0,0.0,3.0,2.343,3000,"Clubs, mentoring, competitions",School / alumni mentors
857,3,Stable Achievers,5,0.226,1,1,enrichment,STEM Enrichment,3.0,0.0,3.0,2.341,3000,"Clubs, mentoring, competitions",School / alumni mentors
294,6,Stable Achievers,4,0.225,1,1,enrichment,STEM Enrichment,3.0,0.0,3.0,2.339,3000,"Clubs, mentoring, competitions",School / alumni mentors
521,3,Stable Achievers,5,0.224,1,1,enrichment,STEM Enrichment,3.0,0.0,3.0,2.339,3000,"Clubs, mentoring, competitions",School / alumni mentors
744,5,Stable Achievers,5,0.224,1,1,enrichment,STEM Enrichment,3.0,0.0,3.0,2.337,3000,"Clubs, mentoring, competitions",School / alumni mentors
974,1,Stable Achievers,4,0.224,1,1,enrichment,STEM Enrichment,3.0,0.0,3.0,2.337,3000,"Clubs, mentoring, competitions",School / alumni mentors
358,39,Stable Achievers,4,0.223,1,1,enrichment,STEM Enrichment,3.0,0.0,3.0,2.336,3000,"Clubs, mentoring, competitions",School / alumni mentors
370,13,Stable Achievers,4,0.221,1,1,enrichment,STEM Enrichment,3.0,0.0,3.0,2.331,3000,"Clubs, mentoring, competitions",School / alumni mentors
152,30,Stable Achievers,5,0.221,0,1,enrichment,STEM Enrichment,3.0,0.0,3.0,2.33,3000,"Clubs, mentoring, competitions",School / alumni mentors
693,37,Stable Achievers,5,0.218,1,1,enrichment,STEM Enrichment,3.0,0.0,3.0,2.324,3000,"Clubs, mentoring, competitions",School / alumni mentors
534,25,Stable Achievers,4,0.218,1,1,enrichment,STEM Enrichment,3.0,0.0,3.0,2.323,3000,"Clubs, mentoring, competitions",School / alumni mentors
698,8,Stable Achievers,4,0.218,1,1,enrichment,STEM Enrichment,3.0,0.0,3.0,2.322,3000,"Clubs, mentoring, competitions",School / alumni mentors
130,43,Stable Achievers,5,0.217,1,1,enrichment,STEM Enrichment,3.0,0.0,3.0,2.32,3000,"Clubs, mentoring, competitions",School / alumni mentors
998,6,Stable Achievers,5,0.216,1,1,enrichment,STEM Enrichment,3.0,0.0,3.0,2.318,3000,"Clubs, mentoring, competitions",School / alumni mentors
84,15,Stable Achievers,4,0.215,1,1,enrichment,STEM Enrichment,3.0,0.0,3.0,2.317,3000,"Clubs, mentoring, competitions",School / alumni mentors
866,4,Stable Achievers,5,0.215,1,1,enrichment,STEM Enrichment,3.0,0.0,3.0,2.317,3000,"Clubs, mentoring, competitions",School / alumni mentors
72,45,Stable Achievers,5,0.213,1,1,enrichment,STEM Enrichment,3.0,0.0,3.0,2.311,3000,"Clubs, mentoring, competitions",School / alumni mentors
114,28,Stable Achievers,5,0.213,1,1,enrichment,STEM Enrichment,3.0,0.0,3.0,2.311,3000,"Clubs, mentoring, competitions",School / alumni mentors
506,6,Stable Achievers,5,0.213,1,1,enrichment,STEM Enrichment,3.0,0.0,3.0,2.311,3000,"Clubs, mentoring, competitions",School / alumni mentors
628,42,Stable Achievers,4,0.213,1,1,enrichment,STEM Enrichment,3.0,0.0,3.0,2.31,3000,"Clubs, mentoring, competitions",School / alumni mentors
557,45,Stable Achievers,4,0.212,1,1,enrichment,STEM Enrichment,3.0,0.0,3.0,2.308,3000,"Clubs, mentoring, competitions",School / alumni mentors
742,18,Stable Achievers,5,0.208,1,1,enrichment,STEM Enrichment,3.0,0.0,3.0,2.3,3000,"Clubs, mentoring, competitions",School / alumni mentors
378,32,Stable Achievers,5,0.207,1,1,enrichment,STEM Enrichment,3.0,0.0,3.0,2.296,3000,"Clubs, mentoring, competitions",School / alumni mentors
561,20,Stable Achievers,4,0.205,1,1,enrichment,STEM Enrichment,3.0,0.0,3.0,2.293,3000,"Clubs, mentoring, competitions",School / alumni mentors
115,45,Stable Achievers,4,0.205,1,1,enrichment,STEM Enrichment,3.0,0.0,3.0,2.292,3000,"Clubs, mentoring, competitions",School / alumni mentors
875,1,Stable Achievers,4,0.202,1,1,enrichment,STEM Enrichment,3.0,0.0,3.0,2.286,3000,"Clubs, mentoring, competitions",School / alumni mentors
444,24,Stable Achievers,4,0.202,1,1,enrichment,STEM Enrichment,3.0,0.0,3.0,2.284,3000,"Clubs, mentoring, competitions",School / alumni mentors
129,9,Stable Achievers,5,0.2,1,1,enrichment,STEM Enrichment,3.0,0.0,3.0,2.28,3000,"Clubs, mentoring, competitions",School / alumni mentors
717,16,Stable Achievers,4,0.199,1,1,enrichment,STEM Enrichment,3.0,0.0,3.0,2.279,3000,"Clubs, mentoring, competitions",School / alumni mentors
541,5,Stable Achievers,4,0.198,1,1,enrichment,STEM Enrichment,3.0,0.0,3.0,2.276,3000,"Clubs, mentoring, competitions",School / alumni mentors
295,31,Stable Achievers,5,0.197,1,1,enrichment,STEM Enrichment,3.0,0.0,3.0,2.274,3000,"Clubs, mentoring, competitions",School / alumni mentors
475,36,Stable Achievers,5,0.196,1,1,enrichment,STEM Enrichment,3.0,0.0,3.0,2.271,3000,"Clubs, mentoring, competitions",School / alumni mentors
937,31,Stable Achievers,5,0.196,1,1,enrichment,STEM Enrichment,3.0,0.0,3.0,2.269,3000,"Clubs, mentoring, competitions",School / alumni mentors
815,32,Stable Achievers,5,0.193,1,1,enrichment,STEM Enrichment,3.0,0.0,3.0,2.264,3000,"Clubs, mentoring, competitions",School / alumni mentors
150,42,Stable Achievers,5,0.192,1,1,enrichment,STEM Enrichment,3.0,0.0,3.0,2.261,3000,"Clubs, mentoring, competitions",School / alumni mentors
104,18,Stable Achievers,5,0.192,1,1,enrichment,STEM Enrichment,3.0,0.0,3.0,2.26,3000,"Clubs, mentoring, competitions",School / alumni mentors
645,14,Stable Achievers,4,0.189,1,1,enrichment,STEM Enrichment,3.0,0.0,3.0,2.254,3000,"Clubs, mentoring, competitions",School / alumni mentors
727,40,Stable Achievers,5,0.188,1,1,enrichment,STEM Enrichment,3.0,0.0,3.0,2.252,3000,"Clubs, mentoring, competitions",School / alumni mentors
631,10,Stable Achievers,5,0.187,1,1,enrichment,STEM Enrichment,3.0,0.0,3.0,2.248,3000,"Clubs, mentoring, competitions",School / alumni mentors
221,2,Stable Achievers,4,0.186,1,1,enrichment,STEM Enrichment,3.0,0.0,3.0,2.247,3000,"Clubs, mentoring, competitions",School / alumni mentors
216,41,Stable Achievers,5,0.186,1,1,enrichment,STEM Enrichment,3.0,0.0,3.0,2.246,3000,"Clubs, mentoring, competitions",School / alumni mentors
477,34,Stable Achievers,5,0.184,1,1,enrichment,STEM Enrichment,3.0,0.0,3.0,2.241,3000,"Clubs, mentoring, competitions",School / alumni mentors
262,46,Stable Achievers,5,0.182,0,1,enrichment,STEM Enrichment,3.0,0.0,3.0,2.238,3000,"Clubs, mentoring, competitions",School / alumni mentors
878,20,Stable Achievers,4,0.182,1,1,enrichment,STEM Enrichment,3.0,0.0,3.0,2.238,3000,"Clubs, mentoring, competitions",School / alumni mentors
311,7,Stable Achievers,5,0.182,1,1,enrichment,STEM Enrichment,3.0,0.0,3.0,2.237,3000,"Clubs, mentoring, competitions",School / alumni mentors
205,38,Stable Achievers,5,0.18,1,1,enrichment,STEM Enrichment,3.0,0.0,3.0,2.232,3000,"Clubs, mentoring, competitions",School / alumni mentors
85,4,Stable Achievers,5,0.178,1,1,enrichment,STEM Enrichment,3.0,0.0,3.0,2.227,3000,"Clubs, mentoring, competitions",School / alumni mentors
658,42,Stable Achievers,5,0.174,1,1,enrichment,STEM Enrichment,3.0,0.0,3.0,2.217,3000,"Clubs, mentoring, competitions",School / alumni mentors
802,11,Stable Achievers,5,0.173,1,1,enrichment,STEM Enrichment,3.0,0.0,3.0,2.216,3000,"Clubs, mentoring, competitions",School / alumni mentors
620,3,Stable Achievers,5,0.171,1,1,enrichment,STEM Enrichment,3.0,0.0,3.0,2.211,3000,"Clubs, mentoring, competitions",School / alumni mentors
254,32,Stable Achievers,5,0.167,1,1,enrichment,STEM Enrichment,3.0,0.0,3.0,2.202,3000,"Clubs, mentoring, competitions",School / alumni mentors
632,10,Stable Achievers,5,0.168,1,1,enrichment,STEM Enrichment,3.0,0.0,3.0,2.202,3000,"Clubs, mentoring, competitions",School / alumni mentors
303,17,Stable Achievers,5,0.167,1,1,enrichment,STEM Enrichment,3.0,0.0,3.0,2.2,3000,"Clubs, mentoring, competitions",School / alumni mentors
775,12,Stable Achievers,5,0.161,1,1,enrichment,STEM Enrichment,3.0,0.0,3.0,2.187,3000,"Clubs, mentoring, competitions",School / alumni mentors
845,39,Stable Achievers,5,0.161,1,1,enrichment,STEM Enrichment,3.0,0.0,3.0,2.187,3000,"Clubs, mentoring, competitions",School / alumni mentors
740,10,Stable Achievers,5,0.157,1,1,enrichment,STEM Enrichment,3.0,0.0,3.0,2.178,3000,"Clubs, mentoring, competitions",School / alumni mentors
816,34,Stable Achievers,5,0.152,1,1,enrichment,STEM Enrichment,3.0,0.0,3.0,2.165,3000,"Clubs, mentoring, competitions",School / alumni mentors
476,32,Stable Achievers,5,0.148,1,1,enrichment,STEM Enrichment,3.0,0.0,3.0,2.155,3000,"Clubs, mentoring, competitions",School / alumni mentors
252,6,Stable Achievers,5,0.147,1,1,enrichment,STEM Enrichment,3.0,0.0,3.0,2.153,3000,"Clubs, mentoring, competitions",School / alumni mentors
991,4,Stable Achievers,5,0.147,1,1,enrichment,STEM Enrichment,3.0,0.0,3.0,2.153,3000,"Clubs, mentoring, competitions",School / alumni mentors
678,46,Stable Achievers,5,0.14,1,1,enrichment,STEM Enrichment,3.0,0.0,3.0,2.137,3000,"Clubs, mentoring, competitions",School / alumni mentors
487,14,Stable Achievers,5,0.136,1,1,enrichment,STEM Enrichment,3.0,0.0,3.0,2.127,3000,"Clubs, mentoring, competitions",School / alumni mentors
371,38,Stable Achievers,5,0.135,1,1,enrichment,STEM Enrichment,3.0,0.0,3.0,2.123,3000,"Clubs, mentoring, competitions",School / alumni mentors
609,24,Stable Achievers,5,0.135,1,1,enrichment,STEM Enrichment,3.0,0.0,3.0,2.123,3000,"Clubs, mentoring, competitions",School / alumni mentors
741,42,Stable Achievers,5,0.131,1,1,enrichment,STEM Enrichment,3.0,0.0,3.0,2.114,3000,"Clubs, mentoring, competitions",School / alumni mentors
881,21,Stable Achievers,5,0.12,1,1,enrichment,STEM Enrichment,3.0,0.0,3.0,2.088,3000,"Clubs, mentoring, competitions",School / alumni mentors
400,17,Stable Achievers,5,0.117,1,1,enrichment,STEM Enrichment,3.0,0.0,3.0,2.08,3000,"Clubs, mentoring, competitions",School / alumni mentors
745,45,Stable Achievers,5,0.112,1,1,enrichment,STEM Enrichment,3.0,0.0,3.0,2.07,3000,"Clubs, mentoring, competitions",School / alumni mentors
231,16,Academic Strugglers,1,0.834,0,2,school_fee_support,School Fee Support,2.0,3.0,5.0,6.337,15000,Pay term fees / bursary,Sponsor / Bursary fund
155,5,Health-Constrained,1,0.786,1,2,school_fee_support,School Fee Support,2.0,3.0,5.0,6.142,15000,Pay term fees / bursary,Sponsor / Bursary fund
603,23,Academic Strugglers,1,0.775,0,2,school_fee_support,School Fee Support,2.0,3.0,5.0,6.101,15000,Pay term fees / bursary,Sponsor / Bursary fund
838,4,Academic Strugglers,1,0.764,1,2,school_fee_support,School Fee Support,2.0,3.0,5.0,6.055,15000,Pay term fees / bursary,Sponsor / Bursary fund
843,5,Academic Strugglers,1,0.76,0,2,school_fee_support,School Fee Support,2.0,3.0,5.0,6.041,15000,Pay term fees / bursary,Sponsor / Bursary fund
432,14,Academic Strugglers,2,0.751,0,2,school_fee_support,School Fee Support,2.0,3.0,5.0,6.002,15000,Pay term fees / bursary,Sponsor / Bursary fund
939,8,Academic Strugglers,1,0.734,1,2,school_fee_support,School Fee Support,2.0,3.0,5.0,5.934,15000,Pay term fees / bursary,Sponsor / Bursary fund
896,11,Health-Constrained,1,0.728,1,2,school_fee_support,School Fee Support,2.0,3.0,5.0,5.914,15000,Pay term fees / bursary,Sponsor / Bursary fund
824,41,Academic Strugglers,1,0.727,1,2,school_fee_support,School Fee Support,2.0,3.0,5.0,5.907,15000,Pay term fees / bursary,Sponsor / Bursary fund
537,42,Health-Constrained,2,0.725,1,2,school_fee_support,School Fee Support,2.0,3.0,5.0,5.898,15000,Pay term fees / bursary,Sponsor / Bursary fund
792,33,Academic Strugglers,2,0.723,0,2,school_fee_support,School Fee Support,2.0,3.0,5.0,5.894,15000,Pay term fees / bursary,Sponsor / Bursary fund
415,20,Academic Strugglers,1,0.72,1,2,school_fee_support,School Fee Support,2.0,3.0,5.0,5.882,15000,Pay term fees / bursary,Sponsor / Bursary fund
647,46,Academic Strugglers,1,0.718,0,2,school_fee_support,School Fee Support,2.0,3.0,5.0,5.872,15000,Pay term fees / bursary,Sponsor / Bursary fund
513,2,Academic Strugglers,1,0.711,1,2,school_fee_support,School Fee Support,2.0,3.0,5.0,5.843,15000,Pay term fees / bursary,Sponsor / Bursary fund
193,4,Academic Strugglers,1,0.707,0,2,school_fee_support,School Fee Support,2.0,3.0,5.0,5.829,15000,Pay term fees / bursary,Sponsor / Bursary fund
714,14,Academic Strugglers,1,0.698,0,2,school_fee_support,School Fee Support,2.0,3.0,5.0,5.791,15000,Pay term fees / bursary,Sponsor / Bursary fund
225,27,Academic Strugglers,1,0.694,1,2,school_fee_support,School Fee Support,2.0,3.0,5.0,5.775,15000,Pay term fees / bursary,Sponsor / Bursary fund
361,23,Health-Constrained,2,0.691,1,2,school_fee_support,School Fee Support,2.0,3.0,5.0,5.765,15000,Pay term fees / bursary,Sponsor / Bursary fund
157,13,Health-Constrained,1,0.691,1,2,school_fee_support,School Fee Support,2.0,3.0,5.0,5.762,15000,Pay term fees / bursary,Sponsor / Bursary fund
571,47,Academic Strugglers,1,0.681,1,2,school_fee_support,School Fee Support,2.0,3.0,5.0,5.723,15000,Pay term fees / bursary,Sponsor / Bursary fund
986,36,Academic Strugglers,1,0.679,0,2,school_fee_support,School Fee Support,2.0,3.0,5.0,5.718,15000,Pay term fees / bursary,Sponsor / Bursary fund
344,16,Academic Strugglers,1,0.679,0,2,school_fee_support,School Fee Support,2.0,3.0,5.0,5.717,15000,Pay term fees / bursary,Sponsor / Bursary fund
142,27,Academic Strugglers,1,0.679,1,2,school_fee_support,School Fee Support,2.0,3.0,5.0,5.716,15000,Pay term fees / bursary,Sponsor / Bursary fund
274,34,Academic Strugglers,1,0.671,1,2,school_fee_support,School Fee Support,2.0,3.0,5.0,5.683,15000,Pay term fees / bursary,Sponsor / Bursary fund
435,19,Academic Strugglers,2,0.669,1,2,school_fee_support,School Fee Support,2.0,3.0,5.0,5.676,15000,Pay term fees / bursary,Sponsor / Bursary fund
388,28,Academic Strugglers,1,0.662,0,2,school_fee_support,School Fee Support,2.0,3.0,5.0,5.65,15000,Pay term fees / bursary,Sponsor / Bursary fund
273,34,Health-Constrained,1,0.659,0,2,school_fee_support,School Fee Support,2.0,3.0,5.0,5.635,15000,Pay term fees / bursary,Sponsor / Bursary fund
960,40,Academic Strugglers,1,0.654,1,2,school_fee_support,School Fee Support,2.0,3.0,5.0,5.616,15000,Pay term fees / bursary,Sponsor / Bursary fund
22,46,Health-Constrained,1,0.646,0,2,school_fee_support,School Fee Support,2.0,3.0,5.0,5.585,15000,Pay term fees / bursary,Sponsor / Bursary fund
572,42,Academic Strugglers,1,0.646,1,2,school_fee_support,School Fee Support,2.0,3.0,5.0,5.584,15000,Pay term fees / bursary,Sponsor / Bursary fund
732,18,Academic Strugglers,1,0.645,0,2,school_fee_support,School Fee Support,2.0,3.0,5.0,5.58,15000,Pay term fees / bursary,Sponsor / Bursary fund
103,2,Academic Strugglers,1,0.643,1,2,school_fee_support,School Fee Support,2.0,3.0,5.0,5.57,15000,Pay term fees / bursary,Sponsor / Bursary fund
228,7,Academic Strugglers,1,0.642,1,2,school_fee_support,School Fee Support,2.0,3.0,5.0,5.566,15000,Pay term fees / bursary,Sponsor / Bursary fund
34,22,Academic Strugglers,1,0.639,1,2,school_fee_support,School Fee Support,2.0,3.0,5.0,5.557,15000,Pay term fees / bursary,Sponsor / Bursary fund
436,44,Health-Constrained,2,0.637,1,2,school_fee_support,School Fee Support,2.0,3.0,5.0,5.55,15000,Pay term fees / bursary,Sponsor / Bursary fund
107,35,Health-Constrained,2,0.635,0,2,school_fee_support,School Fee Support,2.0,3.0,5.0,5.539,15000,Pay term fees / bursary,Sponsor / Bursary fund
684,43,Health-Constrained,1,0.634,1,2,school_fee_support,School Fee Support,2.0,3.0,5.0,5.535,15000,Pay term fees / bursary,Sponsor / Bursary fund
271,22,Health-Constrained,2,0.704,1,2,health_support,Health & Attendance,3.0,1.75,4.75,5.526,5000,Medical vouchers + attendance follow-up,School health partner
511,42,Health-Constrained,2,0.631,1,2,school_fee_support,School Fee Support,2.0,3.0,5.0,5.522,15000,Pay term fees / bursary,Sponsor / Bursary fund
539,3,Academic Strugglers,1,0.629,1,2,school_fee_support,School Fee Support,2.0,3.0,5.0,5.515,15000,Pay term fees / bursary,Sponsor / Bursary fund
814,15,Academic Strugglers,2,0.625,1,2,school_fee_support,School Fee Support,2.0,3.0,5.0,5.499,15000,Pay term fees / bursary,Sponsor / Bursary fund
551,27,Academic Strugglers,1,0.623,1,2,school_fee_support,School Fee Support,2.0,3.0,5.0,5.49,15000,Pay term fees / bursary,Sponsor / Bursary fund
791,15,Health-Constrained,2,0.62,0,2,school_fee_support,School Fee Support,2.0,3.0,5.0,5.481,15000,Pay term fees / bursary,Sponsor / Bursary fund
761,9,Academic Strugglers,1,0.62,1,2,school_fee_support,School Fee Support,2.0,3.0,5.0,5.48,15000,Pay term fees / bursary,Sponsor / Bursary fund
544,45,Health-Constrained,1,0.62,1,2,school_fee_support,School Fee Support,2.0,3.0,5.0,5.479,15000,Pay term fees / bursary,Sponsor / Bursary fund
156,45,Academic Strugglers,2,0.615,1,2,school_fee_support,School Fee Support,2.0,3.0,5.0,5.461,15000,Pay term fees / bursary,Sponsor / Bursary fund
946,10,Academic Strugglers,2,0.615,1,2,school_fee_support,School Fee Support,2.0,3.0,5.0,5.459,15000,Pay term fees / bursary,Sponsor / Bursary fund
134,3,Academic Strugglers,1,0.614,1,2,school_fee_support,School Fee Support,2.0,3.0,5.0,5.455,15000,Pay term fees / bursary,Sponsor / Bursary fund
180,42,Academic Strugglers,2,0.611,1,2,school_fee_support,School Fee Support,2.0,3.0,5.0,5.445,15000,Pay term fees / bursary,Sponsor / Bursary fund
827,18,Academic Strugglers,1,0.61,1,2,school_fee_support,School Fee Support,2.0,3.0,5.0,5.44,15000,Pay term fees / bursary,Sponsor / Bursary fund
922,40,Academic Strugglers,1,0.609,1,2,school_fee_support,School Fee Support,2.0,3.0,5.0,5.438,15000,Pay term fees / bursary,Sponsor / Bursary fund
264,33,Academic Strugglers,1,0.609,0,2,school_fee_support,School Fee Support,2.0,3.0,5.0,5.437,15000,Pay term fees / bursary,Sponsor / Bursary fund
15,34,Academic Strugglers,1,0.608,1,2,school_fee_support,School Fee Support,2.0,3.0,5.0,5.433,15000,Pay term fees / bursary,Sponsor / Bursary fund
638,5,Academic Strugglers,1,0.608,1,2,school_fee_support,School Fee Support,2.0,3.0,5.0,5.431,15000,Pay term fees / bursary,Sponsor / Bursary fund
431,5,Academic Strugglers,1,0.607,0,2,school_fee_support,School Fee Support,2.0,3.0,5.0,5.429,15000,Pay term fees / bursary,Sponsor / Bursary fund
822,11,Academic Strugglers,1,0.607,0,2,school_fee_support,School Fee Support,2.0,3.0,5.0,5.427,15000,Pay term fees / bursary,Sponsor / Bursary fund
618,22,Academic Strugglers,2,0.605,1,2,school_fee_support,School Fee Support,2.0,3.0,5.0,5.421,15000,Pay term fees / bursary,Sponsor / Bursary fund
334,46,Health-Constrained,1,0.676,1,2,health_support,Health & Attendance,3.0,1.75,4.75,5.42,5000,Medical vouchers + attendance follow-up,School health partner
762,2,Academic Strugglers,1,0.676,1,2,academic_tutoring,Academic Tutoring,3.0,1.75,4.75,5.419,8000,Fund remedial / catch-up classes,School + education NGO
806,19,Academic Strugglers,1,0.604,1,2,school_fee_support,School Fee Support,2.0,3.0,5.0,5.415,15000,Pay term fees / bursary,Sponsor / Bursary fund
412,37,Health-Constrained,1,0.602,1,2,school_fee_support,School Fee Support,2.0,3.0,5.0,5.408,15000,Pay term fees / bursary,Sponsor / Bursary fund
938,1,Health-Constrained,2,0.673,1,2,health_support,Health & Attendance,3.0,1.75,4.75,5.406,5000,Medical vouchers + attendance follow-up,School health partner
990,39,Academic Strugglers,1,0.601,0,2,school_fee_support,School Fee Support,2.0,3.0,5.0,5.405,15000,Pay term fees / bursary,Sponsor / Bursary fund
668,33,Academic Strugglers,1,0.601,0,2,school_fee_support,School Fee Support,2.0,3.0,5.0,5.404,15000,Pay term fees / bursary,Sponsor / Bursary fund
338,6,Academic Strugglers,2,0.598,1,2,school_fee_support,School Fee Support,2.0,3.0,5.0,5.391,15000,Pay term fees / bursary,Sponsor / Bursary fund
342,10,Health-Constrained,2,0.598,0,2,school_fee_support,School Fee Support,2.0,3.0,5.0,5.39,15000,Pay term fees / bursary,Sponsor / Bursary fund
879,11,Health-Constrained,2,0.593,1,2,school_fee_support,School Fee Support,2.0,3.0,5.0,5.371,15000,Pay term fees / bursary,Sponsor / Bursary fund
457,8,Academic Strugglers,2,0.592,1,2,school_fee_support,School Fee Support,2.0,3.0,5.0,5.368,15000,Pay term fees / bursary,Sponsor / Bursary fund
36,16,Academic Strugglers,2,0.59,1,2,school_fee_support,School Fee Support,2.0,3.0,5.0,5.361,15000,Pay term fees / bursary,Sponsor / Bursary fund
577,15,Academic Strugglers,2,0.59,1,2,school_fee_support,School Fee Support,2.0,3.0,5.0,5.358,15000,Pay term fees / bursary,Sponsor / Bursary fund
781,28,Academic Strugglers,1,0.586,1,2,school_fee_support,School Fee Support,2.0,3.0,5.0,5.343,15000,Pay term fees / bursary,Sponsor / Bursary fund
245,35,Academic Strugglers,1,0.654,0,2,academic_tutoring,Academic Tutoring,3.0,1.75,4.75,5.336,8000,Fund remedial / catch-up classes,School + education NGO
176,29,Academic Strugglers,2,0.583,1,2,school_fee_support,School Fee Support,2.0,3.0,5.0,5.332,15000,Pay term fees / bursary,Sponsor / Bursary fund
640,5,Academic Strugglers,1,0.652,1,2,academic_tutoring,Academic Tutoring,3.0,1.75,4.75,5.328,8000,Fund remedial / catch-up classes,School + education NGO
581,16,Academic Strugglers,2,0.578,1,2,school_fee_support,School Fee Support,2.0,3.0,5.0,5.31,15000,Pay term fees / bursary,Sponsor / Bursary fund
220,16,Academic Strugglers,1,0.647,1,2,academic_tutoring,Academic Tutoring,3.0,1.75,4.75,5.307,8000,Fund remedial / catch-up classes,School + education NGO
554,1,Health-Constrained,2,0.574,1,2,school_fee_support,School Fee Support,2.0,3.0,5.0,5.295,15000,Pay term fees / bursary,Sponsor / Bursary fund
999,16,Academic Strugglers,2,0.574,1,2,school_fee_support,School Fee Support,2.0,3.0,5.0,5.295,15000,Pay term fees / bursary,Sponsor / Bursary fund
100,26,Academic Strugglers,2,0.572,1,2,school_fee_support,School Fee Support,2.0,3.0,5.0,5.288,15000,Pay term fees / bursary,Sponsor / Bursary fund
352,4,Health-Constrained,1,0.571,1,2,school_fee_support,School Fee Support,2.0,3.0,5.0,5.285,15000,Pay term fees / bursary,Sponsor / Bursary fund
597,11,Academic Strugglers,2,0.57,1,2,school_fee_support,School Fee Support,2.0,3.0,5.0,5.281,15000,Pay term fees / bursary,Sponsor / Bursary fund
959,24,Health-Constrained,2,0.57,1,2,school_fee_support,School Fee Support,2.0,3.0,5.0,5.278,15000,Pay term fees / bursary,Sponsor / Bursary fund
676,22,Health-Constrained,2,0.569,1,2,school_fee_support,School Fee Support,2.0,3.0,5.0,5.277,15000,Pay term fees / bursary,Sponsor / Bursary fund
237,20,Academic Strugglers,2,0.568,1,2,school_fee_support,School Fee Support,2.0,3.0,5.0,5.274,15000,Pay term fees / bursary,Sponsor / Bursary fund
182,44,Academic Strugglers,2,0.568,1,2,school_fee_support,School Fee Support,2.0,3.0,5.0,5.273,15000,Pay term fees / bursary,Sponsor / Bursary fund
170,1,Academic Strugglers,2,0.568,1,2,school_fee_support,School Fee Support,2.0,3.0,5.0,5.272,15000,Pay term fees / bursary,Sponsor / Bursary fund
272,31,Academic Strugglers,1,0.568,1,2,school_fee_support,School Fee Support,2.0,3.0,5.0,5.271,15000,Pay term fees / bursary,Sponsor / Bursary fund
701,37,Health-Constrained,1,0.568,1,2,school_fee_support,School Fee Support,2.0,3.0,5.0,5.271,15000,Pay term fees / bursary,Sponsor / Bursary fund
870,6,Academic Strugglers,2,0.565,1,2,school_fee_support,School Fee Support,2.0,3.0,5.0,5.258,15000,Pay term fees / bursary,Sponsor / Bursary fund
825,6,Academic Strugglers,2,0.564,0,2,school_fee_support,School Fee Support,2.0,3.0,5.0,5.255,15000,Pay term fees / bursary,Sponsor / Bursary fund
212,4,Health-Constrained,2,0.563,1,2,school_fee_support,School Fee Support,2.0,3.0,5.0,5.254,15000,Pay term fees / bursary,Sponsor / Bursary fund
50,22,Academic Strugglers,1,0.632,1,2,academic_tutoring,Academic Tutoring,3.0,1.75,4.75,5.253,8000,Fund remedial / catch-up classes,School + education NGO
164,32,Health-Constrained,1,0.559,0,2,school_fee_support,School Fee Support,2.0,3.0,5.0,5.236,15000,Pay term fees / bursary,Sponsor / Bursary fund
918,11,Academic Strugglers,2,0.558,1,2,school_fee_support,School Fee Support,2.0,3.0,5.0,5.232,15000,Pay term fees / bursary,Sponsor / Bursary fund
486,47,Academic Strugglers,2,0.556,1,2,school_fee_support,School Fee Support,2.0,3.0,5.0,5.222,15000,Pay term fees / bursary,Sponsor / Bursary fund
987,43,Academic Strugglers,1,0.554,1,2,school_fee_support,School Fee Support,2.0,3.0,5.0,5.214,15000,Pay term fees / bursary,Sponsor / Bursary fund
598,24,Health-Constrained,1,0.552,1,2,school_fee_support,School Fee Support,2.0,3.0,5.0,5.21,15000,Pay term fees / bursary,Sponsor / Bursary fund
490,7,Health-Constrained,1,0.62,1,2,health_support,Health & Attendance,3.0,1.75,4.75,5.207,5000,Medical vouchers + attendance follow-up,School health partner
259,16,Academic Strugglers,1,0.55,1,2,school_fee_support,School Fee Support,2.0,3.0,5.0,5.199,15000,Pay term fees / bursary,Sponsor / Bursary fund
982,29,Academic Strugglers,1,0.616,1,2,academic_tutoring,Academic Tutoring,3.0,1.75,4.75,5.191,8000,Fund remedial / catch-up classes,School + education NGO
625,46,Academic Strugglers,2,0.547,1,2,school_fee_support,School Fee Support,2.0,3.0,5.0,5.187,15000,Pay term fees / bursary,Sponsor / Bursary fund
145,9,Academic Strugglers,1,0.546,1,2,school_fee_support,School Fee Support,2.0,3.0,5.0,5.185,15000,Pay term fees / bursary,Sponsor / Bursary fund
890,14,Academic Strugglers,2,0.546,1,2,school_fee_support,School Fee Support,2.0,3.0,5.0,5.184,15000,Pay term fees / bursary,Sponsor / Bursary fund
325,8,Health-Constrained,1,0.545,0,2,school_fee_support,School Fee Support,2.0,3.0,5.0,5.182,15000,Pay term fees / bursary,Sponsor / Bursary fund
360,14,Health-Constrained,2,0.545,1,2,school_fee_support,School Fee Support,2.0,3.0,5.0,5.18,15000,Pay term fees / bursary,Sponsor / Bursary fund
636,25,Health-Constrained,2,0.54,1,2,school_fee_support,School Fee Support,2.0,3.0,5.0,5.159,15000,Pay term fees / bursary,Sponsor / Bursary fund
968,23,Academic Strugglers,2,0.538,0,2,school_fee_support,School Fee Support,2.0,3.0,5.0,5.154,15000,Pay term fees / bursary,Sponsor / Bursary fund
584,17,Academic Strugglers,1,0.604,1,2,academic_tutoring,Academic Tutoring,3.0,1.75,4.75,5.146,8000,Fund remedial / catch-up classes,School + education NGO
980,7,Academic Strugglers,2,0.604,1,2,academic_tutoring,Academic Tutoring,3.0,1.75,4.75,5.146,8000,Fund remedial / catch-up classes,School + education NGO
256,39,Health-Constrained,2,0.536,1,2,school_fee_support,School Fee Support,2.0,3.0,5.0,5.145,15000,Pay term fees / bursary,Sponsor / Bursary fund
430,1,Health-Constrained,2,0.535,1,2,school_fee_support,School Fee Support,2.0,3.0,5.0,5.139,15000,Pay term fees / bursary,Sponsor / Bursary fund
965,6,Academic Strugglers,2,0.528,0,2,school_fee_support,School Fee Support,2.0,3.0,5.0,5.112,15000,Pay term fees / bursary,Sponsor / Bursary fund
489,26,Academic Strugglers,1,0.595,1,2,academic_tutoring,Academic Tutoring,3.0,1.75,4.75,5.111,8000,Fund remedial / catch-up classes,School + education NGO
159,2,Academic Strugglers,2,0.527,1,2,school_fee_support,School Fee Support,2.0,3.0,5.0,5.108,15000,Pay term fees / bursary,Sponsor / Bursary fund
524,24,Academic Strugglers,1,0.594,0,2,academic_tutoring,Academic Tutoring,3.0,1.75,4.75,5.105,8000,Fund remedial / catch-up classes,School + education NGO
68,29,Health-Constrained,1,0.526,1,2,school_fee_support,School Fee Support,2.0,3.0,5.0,5.104,15000,Pay term fees / bursary,Sponsor / Bursary fund
169,17,Academic Strugglers,2,0.525,1,2,school_fee_support,School Fee Support,2.0,3.0,5.0,5.101,15000,Pay term fees / bursary,Sponsor / Bursary fund
654,15,Health-Constrained,2,0.59,1,2,health_support,Health & Attendance,3.0,1.75,4.75,5.091,5000,Medical vouchers + attendance follow-up,School health partner
706,4,Academic Strugglers,2,0.522,1,2,school_fee_support,School Fee Support,2.0,3.0,5.0,5.087,15000,Pay term fees / bursary,Sponsor / Bursary fund
967,47,Health-Constrained,2,0.519,1,2,school_fee_support,School Fee Support,2.0,3.0,5.0,5.075,15000,Pay term fees / bursary,Sponsor / Bursary fund
582,20,Health-Constrained,1,0.74,0,2,school_fee_support,School Fee Support,2.0,2.25,4.25,5.067,15000,Pay term fees / bursary,Sponsor / Bursary fund
417,41,Health-Constrained,1,0.515,0,2,school_fee_support,School Fee Support,2.0,3.0,5.0,5.059,15000,Pay term fees / bursary,Sponsor / Bursary fund
488,23,Academic Strugglers,1,0.581,1,2,academic_tutoring,Academic Tutoring,3.0,1.75,4.75,5.059,8000,Fund remedial / catch-up classes,School + education NGO
941,42,Academic Strugglers,1,0.581,1,2,academic_tutoring,Academic Tutoring,3.0,1.75,4.75,5.059,8000,Fund remedial / catch-up classes,School + education NGO
669,24,Academic Strugglers,2,0.578,1,2,academic_tutoring,Academic Tutoring,3.0,1.75,4.75,5.048,8000,Fund remedial / catch-up classes,School + education NGO
823,19,Academic Strugglers,1,0.577,0,2,academic_tutoring,Academic Tutoring,3.0,1.75,4.75,5.043,8000,Fund remedial / catch-up classes,School + education NGO
517,22,Academic Strugglers,2,0.576,1,2,academic_tutoring,Academic Tutoring,3.0,1.75,4.75,5.038,8000,Fund remedial / catch-up classes,School + education NGO
428,20,Academic Strugglers,1,0.573,1,2,academic_tutoring,Academic Tutoring,3.0,1.75,4.75,5.028,8000,Fund remedial / catch-up classes,School + education NGO
656,23,Academic Strugglers,1,0.646,1,2,academic_tutoring,Academic Tutoring,3.0,1.5,4.5,5.027,8000,Fund remedial / catch-up classes,School + education NGO
355,14,Health-Constrained,1,0.506,1,2,school_fee_support,School Fee Support,2.0,3.0,5.0,5.024,15000,Pay term fees / bursary,Sponsor / Bursary fund
605,41,Health-Constrained,1,0.568,1,2,health_support,Health & Attendance,3.0,1.75,4.75,5.008,5000,Medical vouchers + attendance follow-up,School health partner
555,29,Academic Strugglers,2,0.501,1,2,school_fee_support,School Fee Support,2.0,3.0,5.0,5.004,15000,Pay term fees / bursary,Sponsor / Bursary fund
969,39,Academic Strugglers,2,0.501,1,2,school_fee_support,School Fee Support,2.0,3.0,5.0,5.003,15000,Pay term fees / bursary,Sponsor / Bursary fund
290,46,Academic Strugglers,1,0.566,1,2,academic_tutoring,Academic Tutoring,3.0,1.75,4.75,5.002,8000,Fund remedial / catch-up classes,School + education NGO
492,2,Academic Strugglers,1,0.565,1,2,academic_tutoring,Academic Tutoring,3.0,1.75,4.75,4.997,8000,Fund remedial / catch-up classes,School + education NGO
419,10,Academic Strugglers,2,0.499,1,2,school_fee_support,School Fee Support,2.0,3.0,5.0,4.995,15000,Pay term fees / bursary,Sponsor / Bursary fund
569,7,Health-Constrained,1,0.497,1,2,school_fee_support,School Fee Support,2.0,3.0,5.0,4.986,15000,Pay term fees / bursary,Sponsor / Bursary fund
482,37,Academic Strugglers,1,0.559,1,2,academic_tutoring,Academic Tutoring,3.0,1.75,4.75,4.972,8000,Fund remedial / catch-up classes,School + education NGO
151,46,Academic Strugglers,1,0.711,0,2,school_fee_support,School Fee Support,2.0,2.25,4.25,4.969,15000,Pay term fees / bursary,Sponsor / Bursary fund
10,17,Academic Strugglers,1,0.556,1,2,academic_tutoring,Academic Tutoring,3.0,1.75,4.75,4.964,8000,Fund remedial / catch-up classes,School + education NGO
794,14,Academic Strugglers,1,0.556,1,2,academic_tutoring,Academic Tutoring,3.0,1.75,4.75,4.961,8000,Fund remedial / catch-up classes,School + education NGO
93,23,Academic Strugglers,1,0.552,0,2,academic_tutoring,Academic Tutoring,3.0,1.75,4.75,4.949,8000,Fund remedial / catch-up classes,School + education NGO
376,4,Academic Strugglers,1,0.552,1,2,academic_tutoring,Academic Tutoring,3.0,1.75,4.75,4.947,8000,Fund remedial / catch-up classes,School + education NGO
373,23,Health-Constrained,1,0.704,0,2,school_fee_support,School Fee Support,2.0,2.25,4.25,4.944,15000,Pay term fees / bursary,Sponsor / Bursary fund
685,39,Health-Constrained,2,0.482,1,2,school_fee_support,School Fee Support,2.0,3.0,5.0,4.929,15000,Pay term fees / bursary,Sponsor / Bursary fund
966,9,Academic Strugglers,2,0.547,1,2,academic_tutoring,Academic Tutoring,3.0,1.75,4.75,4.928,8000,Fund remedial / catch-up classes,School + education NGO
441,7,Health-Constrained,2,0.696,0,2,school_fee_support,School Fee Support,2.0,2.25,4.25,4.916,15000,Pay term fees / bursary,Sponsor / Bursary fund
953,8,Academic Strugglers,2,0.694,0,2,school_fee_support,School Fee Support,2.0,2.25,4.25,4.909,15000,Pay term fees / bursary,Sponsor / Bursary fund
455,5,Academic Strugglers,2,0.54,0,2,academic_tutoring,Academic Tutoring,3.0,1.75,4.75,4.903,8000,Fund remedial / catch-up classes,School + education NGO
27,29,Health-Constrained,2,0.538,1,2,health_support,Health & Attendance,3.0,1.75,4.75,4.896,5000,Medical vouchers + attendance follow-up,School health partner
196,44,Academic Strugglers,2,0.538,1,2,academic_tutoring,Academic Tutoring,3.0,1.75,4.75,4.893,8000,Fund remedial / catch-up classes,School + education NGO
19,5,Academic Strugglers,1,0.534,1,2,academic_tutoring,Academic Tutoring,3.0,1.75,4.75,4.879,8000,Fund remedial / catch-up classes,School + education NGO
160,14,Academic Strugglers,1,0.533,1,2,academic_tutoring,Academic Tutoring,3.0,1.75,4.75,4.876,8000,Fund remedial / catch-up classes,School + education NGO
147,25,Academic Strugglers,2,0.532,1,2,academic_tutoring,Academic Tutoring,3.0,1.75,4.75,4.873,8000,Fund remedial / catch-up classes,School + education NGO
165,3,Health-Constrained,2,0.531,1,2,health_support,Health & Attendance,3.0,1.75,4.75,4.867,5000,Medical vouchers + attendance follow-up,School health partner
920,5,Academic Strugglers,2,0.598,1,2,academic_tutoring,Academic Tutoring,3.0,1.5,4.5,4.852,8000,Fund remedial / catch-up classes,School + education NGO
280,33,Academic Strugglers,1,0.676,0,2,school_fee_support,School Fee Support,2.0,2.25,4.25,4.849,15000,Pay term fees / bursary,Sponsor / Bursary fund
49,22,Health-Constrained,1,0.457,1,2,school_fee_support,School Fee Support,2.0,3.0,5.0,4.829,15000,Pay term fees / bursary,Sponsor / Bursary fund
985,10,Academic Strugglers,2,0.516,1,2,academic_tutoring,Academic Tutoring,3.0,1.75,4.75,4.809,8000,Fund remedial / catch-up classes,School + education NGO
728,37,Academic Strugglers,2,0.51,0,2,academic_tutoring,Academic Tutoring,3.0,1.75,4.75,4.787,8000,Fund remedial / catch-up classes,School + education NGO
190,31,Academic Strugglers,1,0.645,0,2,school_fee_support,School Fee Support,2.0,2.25,4.25,4.743,15000,Pay term fees / bursary,Sponsor / Bursary fund
653,18,Academic Strugglers,1,0.565,0,2,academic_tutoring,Academic Tutoring,3.0,1.5,4.5,4.734,8000,Fund remedial / catch-up classes,School + education NGO
283,25,Academic Strugglers,2,0.495,1,2,academic_tutoring,Academic Tutoring,3.0,1.75,4.75,4.729,8000,Fund remedial / catch-up classes,School + education NGO
379,20,Academic Strugglers,2,0.564,1,2,academic_tutoring,Academic Tutoring,3.0,1.5,4.5,4.729,8000,Fund remedial / catch-up classes,School + education NGO
469,31,Health-Constrained,1,0.641,1,2,school_fee_support,School Fee Support,2.0,2.25,4.25,4.729,15000,Pay term fees / bursary,Sponsor / Bursary fund
752,7,Health-Constrained,2,0.43,0,2,school_fee_support,School Fee Support,2.0,3.0,5.0,4.721,15000,Pay term fees / bursary,Sponsor / Bursary fund
757,39,Academic Strugglers,1,0.637,1,2,school_fee_support,School Fee Support,2.0,2.25,4.25,4.716,15000,Pay term fees / bursary,Sponsor / Bursary fund
330,18,Academic Strugglers,1,0.635,1,2,school_fee_support,School Fee Support,2.0,2.25,4.25,4.709,15000,Pay term fees / bursary,Sponsor / Bursary fund
99,46,Health-Constrained,2,0.419,1,2,school_fee_support,School Fee Support,2.0,3.0,5.0,4.675,15000,Pay term fees / bursary,Sponsor / Bursary fund
79,1,Health-Constrained,2,0.418,1,2,school_fee_support,School Fee Support,2.0,3.0,5.0,4.674,15000,Pay term fees / bursary,Sponsor / Bursary fund
375,33,Health-Constrained,2,0.624,0,2,school_fee_support,School Fee Support,2.0,2.25,4.25,4.673,15000,Pay term fees / bursary,Sponsor / Bursary fund
694,25,Academic Strugglers,2,0.48,1,2,academic_tutoring,Academic Tutoring,3.0,1.75,4.75,4.673,8000,Fund remedial / catch-up classes,School + education NGO
185,12,Academic Strugglers,1,0.624,1,2,school_fee_support,School Fee Support,2.0,2.25,4.25,4.671,15000,Pay term fees / bursary,Sponsor / Bursary fund
282,29,Academic Strugglers,2,0.546,0,2,academic_tutoring,Academic Tutoring,3.0,1.5,4.5,4.665,8000,Fund remedial / catch-up classes,School + education NGO
464,10,Academic Strugglers,2,0.476,1,2,academic_tutoring,Academic Tutoring,3.0,1.75,4.75,4.659,8000,Fund remedial / catch-up classes,School + education NGO
957,41,Health-Constrained,1,0.472,1,2,health_support,Health & Attendance,3.0,1.75,4.75,4.644,5000,Medical vouchers + attendance follow-up,School health partner
347,33,Academic Strugglers,2,0.614,0,2,school_fee_support,School Fee Support,2.0,2.25,4.25,4.636,15000,Pay term fees / bursary,Sponsor / Bursary fund
284,20,Academic Strugglers,1,0.613,1,2,school_fee_support,School Fee Support,2.0,2.25,4.25,4.633,15000,Pay term fees / bursary,Sponsor / Bursary fund
736,5,Academic Strugglers,1,0.612,1,2,school_fee_support,School Fee Support,2.0,2.25,4.25,4.632,15000,Pay term fees / bursary,Sponsor / Bursary fund
56,28,Academic Strugglers,1,0.61,0,2,school_fee_support,School Fee Support,2.0,2.25,4.25,4.623,15000,Pay term fees / bursary,Sponsor / Bursary fund
55,23,Academic Strugglers,2,0.608,1,2,school_fee_support,School Fee Support,2.0,2.25,4.25,4.618,15000,Pay term fees / bursary,Sponsor / Bursary fund
933,16,Academic Strugglers,1,0.605,0,2,school_fee_support,School Fee Support,2.0,2.25,4.25,4.606,15000,Pay term fees / bursary,Sponsor / Bursary fund
40,11,Academic Strugglers,1,0.528,1,2,academic_tutoring,Academic Tutoring,3.0,1.5,4.5,4.601,8000,Fund remedial / catch-up classes,School + education NGO
445,6,Academic Strugglers,2,0.602,1,2,school_fee_support,School Fee Support,2.0,2.25,4.25,4.598,15000,Pay term fees / bursary,Sponsor / Bursary fund
738,47,Academic Strugglers,1,0.593,1,2,school_fee_support,School Fee Support,2.0,2.25,4.25,4.565,15000,Pay term fees / bursary,Sponsor / Bursary fund
219,45,Academic Strugglers,1,0.673,0,2,academic_tutoring,Academic Tutoring,3.0,1.0,4.0,4.553,8000,Fund remedial / catch-up classes,School + education NGO
532,10,Academic Strugglers,2,0.588,0,2,school_fee_support,School Fee Support,2.0,2.25,4.25,4.551,15000,Pay term fees / bursary,Sponsor / Bursary fund
641,18,Academic Strugglers,2,0.514,1,2,academic_tutoring,Academic Tutoring,3.0,1.5,4.5,4.55,8000,Fund remedial / catch-up classes,School + education NGO
281,29,Academic Strugglers,1,0.588,1,2,school_fee_support,School Fee Support,2.0,2.25,4.25,4.549,15000,Pay term fees / bursary,Sponsor / Bursary fund
21,8,Academic Strugglers,1,0.587,1,2,school_fee_support,School Fee Support,2.0,2.25,4.25,4.545,15000,Pay term fees / bursary,Sponsor / Bursary fund
766,23,Academic Strugglers,2,0.512,0,2,academic_tutoring,Academic Tutoring,3.0,1.5,4.5,4.544,8000,Fund remedial / catch-up classes,School + education NGO
267,23,Academic Strugglers,1,0.585,1,2,school_fee_support,School Fee Support,2.0,2.25,4.25,4.538,15000,Pay term fees / bursary,Sponsor / Bursary fund
269,4,Academic Strugglers,1,0.579,1,2,school_fee_support,School Fee Support,2.0,2.25,4.25,4.52,15000,Pay term fees / bursary,Sponsor / Bursary fund
617,43,Health-Constrained,1,0.578,0,2,school_fee_support,School Fee Support,2.0,2.25,4.25,4.514,15000,Pay term fees / bursary,Sponsor / Bursary fund
543,3,Health-Constrained,2,0.576,1,2,school_fee_support,School Fee Support,2.0,2.25,4.25,4.509,15000,Pay term fees / bursary,Sponsor / Bursary fund
923,22,Academic Strugglers,2,0.574,1,2,school_fee_support,School Fee Support,2.0,2.25,4.25,4.5,15000,Pay term fees / bursary,Sponsor / Bursary fund
852,11,Academic Strugglers,1,0.569,1,2,school_fee_support,School Fee Support,2.0,2.25,4.25,4.483,15000,Pay term fees / bursary,Sponsor / Bursary fund
136,17,Health-Constrained,2,0.568,1,2,school_fee_support,School Fee Support,2.0,2.25,4.25,4.481,15000,Pay term fees / bursary,Sponsor / Bursary fund
950,16,Academic Strugglers,1,0.649,0,2,academic_tutoring,Academic Tutoring,3.0,1.0,4.0,4.477,8000,Fund remedial / catch-up classes,School + education NGO
945,38,Academic Strugglers,2,0.492,1,2,academic_tutoring,Academic Tutoring,3.0,1.5,4.5,4.472,8000,Fund remedial / catch-up classes,School + education NGO
773,30,Academic Strugglers,1,0.563,0,2,school_fee_support,School Fee Support,2.0,2.25,4.25,4.464,15000,Pay term fees / bursary,Sponsor / Bursary fund
392,24,Academic Strugglers,1,0.562,1,2,school_fee_support,School Fee Support,2.0,2.25,4.25,4.462,15000,Pay term fees / bursary,Sponsor / Bursary fund
109,41,Academic Strugglers,1,0.644,0,2,academic_tutoring,Academic Tutoring,3.0,1.0,4.0,4.46,8000,Fund remedial / catch-up classes,School + education NGO
535,10,Academic Strugglers,1,0.56,1,2,school_fee_support,School Fee Support,2.0,2.25,4.25,4.453,15000,Pay term fees / bursary,Sponsor / Bursary fund
962,11,Academic Strugglers,1,0.559,1,2,school_fee_support,School Fee Support,2.0,2.25,4.25,4.449,15000,Pay term fees / bursary,Sponsor / Bursary fund
398,14,Academic Strugglers,2,0.558,1,2,school_fee_support,School Fee Support,2.0,2.25,4.25,4.446,15000,Pay term fees / bursary,Sponsor / Bursary fund
63,44,Academic Strugglers,1,0.555,1,2,school_fee_support,School Fee Support,2.0,2.25,4.25,4.437,15000,Pay term fees / bursary,Sponsor / Bursary fund
894,36,Health-Constrained,2,0.553,0,2,school_fee_support,School Fee Support,2.0,2.25,4.25,4.431,15000,Pay term fees / bursary,Sponsor / Bursary fund
135,13,Academic Strugglers,1,0.55,1,2,school_fee_support,School Fee Support,2.0,2.25,4.25,4.42,15000,Pay term fees / bursary,Sponsor / Bursary fund
733,28,Health-Constrained,1,0.549,1,2,school_fee_support,School Fee Support,2.0,2.25,4.25,4.416,15000,Pay term fees / bursary,Sponsor / Bursary fund
102,30,Academic Strugglers,1,0.548,0,2,school_fee_support,School Fee Support,2.0,2.25,4.25,4.413,15000,Pay term fees / bursary,Sponsor / Bursary fund
885,29,Health-Constrained,1,0.546,1,2,school_fee_support,School Fee Support,2.0,2.25,4.25,4.408,15000,Pay term fees / bursary,Sponsor / Bursary fund
800,29,Health-Constrained,1,0.546,0,2,school_fee_support,School Fee Support,2.0,2.25,4.25,4.406,15000,Pay term fees / bursary,Sponsor / Bursary fund
662,15,Academic Strugglers,1,0.544,1,2,school_fee_support,School Fee Support,2.0,2.25,4.25,4.399,15000,Pay term fees / bursary,Sponsor / Bursary fund
897,47,Academic Strugglers,1,0.542,1,2,school_fee_support,School Fee Support,2.0,2.25,4.25,4.394,15000,Pay term fees / bursary,Sponsor / Bursary fund
238,11,Health-Constrained,2,0.54,1,2,school_fee_support,School Fee Support,2.0,2.25,4.25,4.385,15000,Pay term fees / bursary,Sponsor / Bursary fund
760,31,Health-Constrained,1,0.535,1,2,school_fee_support,School Fee Support,2.0,2.25,4.25,4.368,15000,Pay term fees / bursary,Sponsor / Bursary fund
810,3,Health-Constrained,2,0.534,1,2,school_fee_support,School Fee Support,2.0,2.25,4.25,4.367,15000,Pay term fees / bursary,Sponsor / Bursary fund
437,22,Academic Strugglers,2,0.46,1,2,academic_tutoring,Academic Tutoring,3.0,1.5,4.5,4.355,8000,Fund remedial / catch-up classes,School + education NGO
319,32,Health-Constrained,2,0.393,1,2,health_support,Health & Attendance,3.0,1.75,4.75,4.342,5000,Medical vouchers + attendance follow-up,School health partner
659,19,Health-Constrained,2,0.524,1,2,school_fee_support,School Fee Support,2.0,2.25,4.25,4.33,15000,Pay term fees / bursary,Sponsor / Bursary fund
233,20,Academic Strugglers,1,0.523,1,2,school_fee_support,School Fee Support,2.0,2.25,4.25,4.328,15000,Pay term fees / bursary,Sponsor / Bursary fund
755,11,Health-Constrained,1,0.518,1,2,school_fee_support,School Fee Support,2.0,2.25,4.25,4.31,15000,Pay term fees / bursary,Sponsor / Bursary fund
573,38,Health-Constrained,1,0.517,1,2,school_fee_support,School Fee Support,2.0,2.25,4.25,4.309,15000,Pay term fees / bursary,Sponsor / Bursary fund
759,40,Academic Strugglers,2,0.517,1,2,school_fee_support,School Fee Support,2.0,2.25,4.25,4.306,15000,Pay term fees / bursary,Sponsor / Bursary fund
841,23,Health-Constrained,1,0.516,1,2,school_fee_support,School Fee Support,2.0,2.25,4.25,4.305,15000,Pay term fees / bursary,Sponsor / Bursary fund
65,45,Academic Strugglers,1,0.513,1,2,school_fee_support,School Fee Support,2.0,2.25,4.25,4.293,15000,Pay term fees / bursary,Sponsor / Bursary fund
168,5,Health-Constrained,1,0.511,1,2,school_fee_support,School Fee Support,2.0,2.25,4.25,4.287,15000,Pay term fees / bursary,Sponsor / Bursary fund
977,31,Academic Strugglers,2,0.509,1,2,school_fee_support,School Fee Support,2.0,2.25,4.25,4.279,15000,Pay term fees / bursary,Sponsor / Bursary fund
552,28,Health-Constrained,3,0.586,1,2,counseling,Psychosocial Counseling,2.0,2.0,4.0,4.275,4000,Counselor hours / peer support,School counseling unit
887,5,Academic Strugglers,1,0.506,0,2,school_fee_support,School Fee Support,2.0,2.25,4.25,4.269,15000,Pay term fees / bursary,Sponsor / Bursary fund
931,41,Academic Strugglers,2,0.504,0,2,school_fee_support,School Fee Support,2.0,2.25,4.25,4.263,15000,Pay term fees / bursary,Sponsor / Bursary fund
480,21,Academic Strugglers,1,0.58,1,2,academic_tutoring,Academic Tutoring,3.0,1.0,4.0,4.257,8000,Fund remedial / catch-up classes,School + education NGO
117,38,Academic Strugglers,2,0.498,1,2,school_fee_support,School Fee Support,2.0,2.25,4.25,4.243,15000,Pay term fees / bursary,Sponsor / Bursary fund
174,24,Health-Constrained,1,0.496,1,2,school_fee_support,School Fee Support,2.0,2.25,4.25,4.235,15000,Pay term fees / bursary,Sponsor / Bursary fund
78,43,Academic Strugglers,1,0.489,1,2,school_fee_support,School Fee Support,2.0,2.25,4.25,4.214,15000,Pay term fees / bursary,Sponsor / Bursary fund
426,13,Academic Strugglers,2,0.489,0,2,school_fee_support,School Fee Support,2.0,2.25,4.25,4.213,15000,Pay term fees / bursary,Sponsor / Bursary fund
958,13,Academic Strugglers,2,0.488,1,2,school_fee_support,School Fee Support,2.0,2.25,4.25,4.209,15000,Pay term fees / bursary,Sponsor / Bursary fund
712,32,Academic Strugglers,1,0.653,0,2,academic_tutoring,Academic Tutoring,3.0,0.75,3.75,4.208,8000,Fund remedial / catch-up classes,School + education NGO
276,40,Academic Strugglers,1,0.559,1,2,academic_tutoring,Academic Tutoring,3.0,1.0,4.0,4.19,8000,Fund remedial / catch-up classes,School + education NGO
558,16,Academic Strugglers,1,0.647,0,2,academic_tutoring,Academic Tutoring,3.0,0.75,3.75,4.19,8000,Fund remedial / catch-up classes,School + education NGO
411,31,Health-Constrained,2,0.481,1,2,school_fee_support,School Fee Support,2.0,2.25,4.25,4.186,15000,Pay term fees / bursary,Sponsor / Bursary fund
456,46,Academic Strugglers,1,0.643,0,2,academic_tutoring,Academic Tutoring,3.0,0.75,3.75,4.179,8000,Fund remedial / catch-up classes,School + education NGO
642,40,Academic Strugglers,1,0.631,1,2,academic_tutoring,Academic Tutoring,3.0,0.75,3.75,4.142,8000,Fund remedial / catch-up classes,School + education NGO
522,47,Health-Constrained,2,0.468,1,2,school_fee_support,School Fee Support,2.0,2.25,4.25,4.141,15000,Pay term fees / bursary,Sponsor / Bursary fund
861,32,Academic Strugglers,1,0.627,0,2,academic_tutoring,Academic Tutoring,3.0,0.75,3.75,4.131,8000,Fund remedial / catch-up classes,School + education NGO
133,17,Academic Strugglers,2,0.54,1,2,academic_tutoring,Academic Tutoring,3.0,1.0,4.0,4.129,8000,Fund remedial / catch-up classes,School + education NGO
88,33,Academic Strugglers,2,0.531,0,2,academic_tutoring,Academic Tutoring,3.0,1.0,4.0,4.1,8000,Fund remedial / catch-up classes,School + education NGO
589,8,Health-Constrained,1,0.456,1,2,school_fee_support,School Fee Support,2.0,2.25,4.25,4.099,15000,Pay term fees / bursary,Sponsor / Bursary fund
250,15,Health-Constrained,1,0.529,1,2,counseling,Psychosocial Counseling,2.0,2.0,4.0,4.092,4000,Counselor hours / peer support,School counseling unit
70,17,Academic Strugglers,1,0.526,1,2,academic_tutoring,Academic Tutoring,3.0,1.0,4.0,4.083,8000,Fund remedial / catch-up classes,School + education NGO
553,7,Health-Constrained,3,0.526,0,2,counseling,Psychosocial Counseling,2.0,2.0,4.0,4.083,4000,Counselor hours / peer support,School counseling unit
37,8,Academic Strugglers,1,0.525,1,2,academic_tutoring,Academic Tutoring,3.0,1.0,4.0,4.08,8000,Fund remedial / catch-up classes,School + education NGO
24,44,Health-Constrained,3,0.518,1,2,counseling,Psychosocial Counseling,2.0,2.0,4.0,4.058,4000,Counselor hours / peer support,School counseling unit
483,1,Academic Strugglers,2,0.518,1,2,academic_tutoring,Academic Tutoring,3.0,1.0,4.0,4.058,8000,Fund remedial / catch-up classes,School + education NGO
307,14,Academic Strugglers,2,0.441,1,2,school_fee_support,School Fee Support,2.0,2.25,4.25,4.049,15000,Pay term fees / bursary,Sponsor / Bursary fund
629,30,Academic Strugglers,1,0.694,0,2,school_fee_support,School Fee Support,2.0,1.5,3.5,4.043,15000,Pay term fees / bursary,Sponsor / Bursary fund
630,41,Academic Strugglers,1,0.693,0,2,school_fee_support,School Fee Support,2.0,1.5,3.5,4.039,15000,Pay term fees / bursary,Sponsor / Bursary fund
322,27,Health-Constrained,2,0.51,1,2,counseling,Psychosocial Counseling,2.0,2.0,4.0,4.033,4000,Counselor hours / peer support,School counseling unit
61,46,Academic Strugglers,1,0.687,0,2,school_fee_support,School Fee Support,2.0,1.5,3.5,4.024,15000,Pay term fees / bursary,Sponsor / Bursary fund
340,22,Academic Strugglers,2,0.585,1,2,academic_tutoring,Academic Tutoring,3.0,0.75,3.75,4.006,8000,Fund remedial / catch-up classes,School + education NGO
305,3,Academic Strugglers,2,0.5,0,2,academic_tutoring,Academic Tutoring,3.0,1.0,4.0,4.0,8000,Fund remedial / catch-up classes,School + education NGO
240,25,Academic Strugglers,2,0.498,1,2,academic_tutoring,Academic Tutoring,3.0,1.0,4.0,3.995,8000,Fund remedial / catch-up classes,School + education NGO
650,25,Health-Constrained,2,0.422,1,2,school_fee_support,School Fee Support,2.0,2.25,4.25,3.986,15000,Pay term fees / bursary,Sponsor / Bursary fund
925,39,Academic Strugglers,1,0.578,0,2,academic_tutoring,Academic Tutoring,3.0,0.75,3.75,3.984,8000,Fund remedial / catch-up classes,School + education NGO
127,15,Academic Strugglers,1,0.576,1,2,academic_tutoring,Academic Tutoring,3.0,0.75,3.75,3.978,8000,Fund remedial / catch-up classes,School + education NGO
364,34,Academic Strugglers,1,0.575,1,2,academic_tutoring,Academic Tutoring,3.0,0.75,3.75,3.976,8000,Fund remedial / catch-up classes,School + education NGO
777,26,Academic Strugglers,2,0.49,1,2,academic_tutoring,Academic Tutoring,3.0,1.0,4.0,3.968,8000,Fund remedial / catch-up classes,School + education NGO
627,23,Academic Strugglers,1,0.572,1,2,academic_tutoring,Academic Tutoring,3.0,0.75,3.75,3.965,8000,Fund remedial / catch-up classes,School + education NGO
76,21,Academic Strugglers,2,0.487,1,2,academic_tutoring,Academic Tutoring,3.0,1.0,4.0,3.959,8000,Fund remedial / catch-up classes,School + education NGO
516,44,Health-Constrained,1,0.661,0,2,school_fee_support,School Fee Support,2.0,1.5,3.5,3.951,15000,Pay term fees / bursary,Sponsor / Bursary fund
251,4,Academic Strugglers,1,0.565,1,2,academic_tutoring,Academic Tutoring,3.0,0.75,3.75,3.944,8000,Fund remedial / catch-up classes,School + education NGO
687,7,Health-Constrained,3,0.48,0,2,counseling,Psychosocial Counseling,2.0,2.0,4.0,3.936,4000,Counselor hours / peer support,School counseling unit
652,36,Academic Strugglers,1,0.562,1,2,academic_tutoring,Academic Tutoring,3.0,0.75,3.75,3.935,8000,Fund remedial / catch-up classes,School + education NGO
377,11,Health-Constrained,2,0.405,1,2,school_fee_support,School Fee Support,2.0,2.25,4.25,3.928,15000,Pay term fees / bursary,Sponsor / Bursary fund
328,37,Academic Strugglers,2,0.476,1,2,academic_tutoring,Academic Tutoring,3.0,1.0,4.0,3.924,8000,Fund remedial / catch-up classes,School + education NGO
348,46,Academic Strugglers,1,0.557,1,2,academic_tutoring,Academic Tutoring,3.0,0.75,3.75,3.92,8000,Fund remedial / catch-up classes,School + education NGO
526,21,Academic Strugglers,1,0.556,1,2,academic_tutoring,Academic Tutoring,3.0,0.75,3.75,3.919,8000,Fund remedial / catch-up classes,School + education NGO
105,17,Academic Strugglers,1,0.553,1,2,academic_tutoring,Academic Tutoring,3.0,0.75,3.75,3.908,8000,Fund remedial / catch-up classes,School + education NGO
774,12,Health-Constrained,1,0.645,1,2,school_fee_support,School Fee Support,2.0,1.5,3.5,3.906,15000,Pay term fees / bursary,Sponsor / Bursary fund
873,43,Academic Strugglers,1,0.552,1,2,academic_tutoring,Academic Tutoring,3.0,0.75,3.75,3.905,8000,Fund remedial / catch-up classes,School + education NGO
614,27,Academic Strugglers,1,0.55,0,2,academic_tutoring,Academic Tutoring,3.0,0.75,3.75,3.899,8000,Fund remedial / catch-up classes,School + education NGO
179,27,Academic Strugglers,1,0.549,1,2,academic_tutoring,Academic Tutoring,3.0,0.75,3.75,3.898,8000,Fund remedial / catch-up classes,School + education NGO
366,40,Health-Constrained,4,0.467,1,2,counseling,Psychosocial Counseling,2.0,2.0,4.0,3.893,4000,Counselor hours / peer support,School counseling unit
410,37,Academic Strugglers,1,0.546,1,2,academic_tutoring,Academic Tutoring,3.0,0.75,3.75,3.887,8000,Fund remedial / catch-up classes,School + education NGO
848,38,Academic Strugglers,1,0.545,0,2,academic_tutoring,Academic Tutoring,3.0,0.75,3.75,3.886,8000,Fund remedial / catch-up classes,School + education NGO
914,43,Academic Strugglers,1,0.545,0,2,academic_tutoring,Academic Tutoring,3.0,0.75,3.75,3.885,8000,Fund remedial / catch-up classes,School + education NGO
580,37,Academic Strugglers,2,0.463,1,2,academic_tutoring,Academic Tutoring,3.0,1.0,4.0,3.881,8000,Fund remedial / catch-up classes,School + education NGO
867,1,Academic Strugglers,1,0.544,1,2,academic_tutoring,Academic Tutoring,3.0,0.75,3.75,3.881,8000,Fund remedial / catch-up classes,School + education NGO
888,24,Academic Strugglers,2,0.462,1,2,academic_tutoring,Academic Tutoring,3.0,1.0,4.0,3.877,8000,Fund remedial / catch-up classes,School + education NGO
819,16,Academic Strugglers,1,0.541,1,2,academic_tutoring,Academic Tutoring,3.0,0.75,3.75,3.873,8000,Fund remedial / catch-up classes,School + education NGO
971,3,Health-Constrained,2,0.389,1,2,school_fee_support,School Fee Support,2.0,2.25,4.25,3.872,15000,Pay term fees / bursary,Sponsor / Bursary fund
215,28,Health-Constrained,3,0.459,0,2,counseling,Psychosocial Counseling,2.0,2.0,4.0,3.87,4000,Counselor hours / peer support,School counseling unit
719,15,Health-Constrained,2,0.387,1,2,school_fee_support,School Fee Support,2.0,2.25,4.25,3.867,15000,Pay term fees / bursary,Sponsor / Bursary fund
204,7,Academic Strugglers,1,0.458,1,2,academic_tutoring,Academic Tutoring,3.0,1.0,4.0,3.865,8000,Fund remedial / catch-up classes,School + education NGO
868,44,Health-Constrained,1,0.627,1,2,school_fee_support,School Fee Support,2.0,1.5,3.5,3.856,15000,Pay term fees / bursary,Sponsor / Bursary fund
6,22,Academic Strugglers,1,0.535,1,2,academic_tutoring,Academic Tutoring,3.0,0.75,3.75,3.854,8000,Fund remedial / catch-up classes,School + education NGO
932,7,Academic Strugglers,1,0.534,1,2,academic_tutoring,Academic Tutoring,3.0,0.75,3.75,3.852,8000,Fund remedial / catch-up classes,School + education NGO
940,19,Health-Constrained,2,0.453,1,2,counseling,Psychosocial Counseling,2.0,2.0,4.0,3.849,4000,Counselor hours / peer support,School counseling unit
748,23,Health-Constrained,3,0.452,1,2,counseling,Psychosocial Counseling,2.0,2.0,4.0,3.847,4000,Counselor hours / peer support,School counseling unit
206,29,Academic Strugglers,2,0.528,1,2,academic_tutoring,Academic Tutoring,3.0,0.75,3.75,3.833,8000,Fund remedial / catch-up classes,School + education NGO
765,46,Academic Strugglers,2,0.528,1,2,academic_tutoring,Academic Tutoring,3.0,0.75,3.75,3.833,8000,Fund remedial / catch-up classes,School + education NGO
721,27,Academic Strugglers,1,0.618,1,2,school_fee_support,School Fee Support,2.0,1.5,3.5,3.831,15000,Pay term fees / bursary,Sponsor / Bursary fund
123,36,Academic Strugglers,1,0.617,1,2,school_fee_support,School Fee Support,2.0,1.5,3.5,3.828,15000,Pay term fees / bursary,Sponsor / Bursary fund
224,16,Health-Constrained,2,0.376,1,2,school_fee_support,School Fee Support,2.0,2.25,4.25,3.828,15000,Pay term fees / bursary,Sponsor / Bursary fund
731,27,Health-Constrained,3,0.442,1,2,counseling,Psychosocial Counseling,2.0,2.0,4.0,3.815,4000,Counselor hours / peer support,School counseling unit
830,19,Academic Strugglers,1,0.521,1,2,academic_tutoring,Academic Tutoring,3.0,0.75,3.75,3.814,8000,Fund remedial / catch-up classes,School + education NGO
191,4,Health-Constrained,2,0.441,1,2,counseling,Psychosocial Counseling,2.0,2.0,4.0,3.81,4000,Counselor hours / peer support,School counseling unit
53,8,Academic Strugglers,2,0.519,0,2,academic_tutoring,Academic Tutoring,3.0,0.75,3.75,3.808,8000,Fund remedial / catch-up classes,School + education NGO
720,25,Academic Strugglers,1,0.514,1,2,academic_tutoring,Academic Tutoring,3.0,0.75,3.75,3.791,8000,Fund remedial / catch-up classes,School + education NGO
141,18,Academic Strugglers,2,0.513,1,2,academic_tutoring,Academic Tutoring,3.0,0.75,3.75,3.788,8000,Fund remedial / catch-up classes,School + education NGO
911,24,Academic Strugglers,2,0.511,1,2,academic_tutoring,Academic Tutoring,3.0,0.75,3.75,3.784,8000,Fund remedial / catch-up classes,School + education NGO
667,26,Academic Strugglers,1,0.6,1,2,digital_access,Digital Access Kit,2.0,1.5,3.5,3.779,7000,Shared device / data bundle,Sponsor / CSR partner
397,41,Health-Constrained,1,0.599,1,2,school_fee_support,School Fee Support,2.0,1.5,3.5,3.778,15000,Pay term fees / bursary,Sponsor / Bursary fund
788,18,Academic Strugglers,2,0.506,0,2,academic_tutoring,Academic Tutoring,3.0,0.75,3.75,3.767,8000,Fund remedial / catch-up classes,School + education NGO
984,25,Academic Strugglers,2,0.505,1,2,academic_tutoring,Academic Tutoring,3.0,0.75,3.75,3.765,8000,Fund remedial / catch-up classes,School + education NGO
463,2,Academic Strugglers,1,0.594,1,2,school_fee_support,School Fee Support,2.0,1.5,3.5,3.764,15000,Pay term fees / bursary,Sponsor / Bursary fund
285,7,Academic Strugglers,1,0.593,0,2,digital_access,Digital Access Kit,2.0,1.5,3.5,3.761,7000,Shared device / data bundle,Sponsor / CSR partner
124,16,Academic Strugglers,2,0.502,1,2,academic_tutoring,Academic Tutoring,3.0,0.75,3.75,3.757,8000,Fund remedial / catch-up classes,School + education NGO
149,45,Academic Strugglers,2,0.502,0,2,academic_tutoring,Academic Tutoring,3.0,0.75,3.75,3.756,8000,Fund remedial / catch-up classes,School + education NGO
369,34,Health-Constrained,2,0.354,1,2,school_fee_support,School Fee Support,2.0,2.25,4.25,3.755,15000,Pay term fees / bursary,Sponsor / Bursary fund
427,33,Health-Constrained,3,0.424,0,2,counseling,Psychosocial Counseling,2.0,2.0,4.0,3.755,4000,Counselor hours / peer support,School counseling unit
268,42,Academic Strugglers,1,0.501,1,2,academic_tutoring,Academic Tutoring,3.0,0.75,3.75,3.752,8000,Fund remedial / catch-up classes,School + education NGO
600,34,Academic Strugglers,1,0.59,1,2,digital_access,Digital Access Kit,2.0,1.5,3.5,3.751,7000,Shared device / data bundle,Sponsor / CSR partner
86,13,Academic Strugglers,1,0.589,1,2,digital_access,Digital Access Kit,2.0,1.5,3.5,3.748,7000,Shared device / data bundle,Sponsor / CSR partner
465,39,Academic Strugglers,1,0.588,1,2,digital_access,Digital Access Kit,2.0,1.5,3.5,3.747,7000,Shared device / data bundle,Sponsor / CSR partner
448,26,Academic Strugglers,1,0.587,1,2,school_fee_support,School Fee Support,2.0,1.5,3.5,3.744,15000,Pay term fees / bursary,Sponsor / Bursary fund
955,44,Academic Strugglers,2,0.497,1,2,academic_tutoring,Academic Tutoring,3.0,0.75,3.75,3.741,8000,Fund remedial / catch-up classes,School + education NGO
58,21,Academic Strugglers,1,0.497,1,2,academic_tutoring,Academic Tutoring,3.0,0.75,3.75,3.74,8000,Fund remedial / catch-up classes,School + education NGO
447,44,Academic Strugglers,1,0.496,1,2,academic_tutoring,Academic Tutoring,3.0,0.75,3.75,3.739,8000,Fund remedial / catch-up classes,School + education NGO
201,35,Academic Strugglers,1,0.582,1,2,school_fee_support,School Fee Support,2.0,1.5,3.5,3.731,15000,Pay term fees / bursary,Sponsor / Bursary fund
243,47,Health-Constrained,3,0.582,0,2,school_fee_support,School Fee Support,2.0,1.5,3.5,3.729,15000,Pay term fees / bursary,Sponsor / Bursary fund
3,2,Health-Constrained,2,0.581,0,2,school_fee_support,School Fee Support,2.0,1.5,3.5,3.728,15000,Pay term fees / bursary,Sponsor / Bursary fund
709,24,Health-Constrained,2,0.346,0,2,school_fee_support,School Fee Support,2.0,2.25,4.25,3.727,15000,Pay term fees / bursary,Sponsor / Bursary fund
586,43,Academic Strugglers,3,0.578,1,2,school_fee_support,School Fee Support,2.0,1.5,3.5,3.718,15000,Pay term fees / bursary,Sponsor / Bursary fund
832,2,Health-Constrained,3,0.573,1,2,academic_tutoring,Academic Tutoring,1.0,2.5,3.5,3.703,8000,Fund remedial / catch-up classes,School + education NGO
594,6,Health-Constrained,3,0.407,1,2,counseling,Psychosocial Counseling,2.0,2.0,4.0,3.702,4000,Counselor hours / peer support,School counseling unit
382,8,Academic Strugglers,1,0.572,1,2,digital_access,Digital Access Kit,2.0,1.5,3.5,3.701,7000,Shared device / data bundle,Sponsor / CSR partner
846,29,Academic Strugglers,2,0.484,1,2,academic_tutoring,Academic Tutoring,3.0,0.75,3.75,3.701,8000,Fund remedial / catch-up classes,School + education NGO
336,2,Academic Strugglers,2,0.481,1,2,academic_tutoring,Academic Tutoring,3.0,0.75,3.75,3.692,8000,Fund remedial / catch-up classes,School + education NGO
729,19,Academic Strugglers,2,0.481,1,2,academic_tutoring,Academic Tutoring,3.0,0.75,3.75,3.692,8000,Fund remedial / catch-up classes,School + education NGO
74,27,Academic Strugglers,2,0.479,1,2,academic_tutoring,Academic Tutoring,3.0,0.75,3.75,3.688,8000,Fund remedial / catch-up classes,School + education NGO
16,9,Academic Strugglers,1,0.566,1,2,school_fee_support,School Fee Support,2.0,1.5,3.5,3.685,15000,Pay term fees / bursary,Sponsor / Bursary fund
947,32,Academic Strugglers,3,0.566,1,2,school_fee_support,School Fee Support,2.0,1.5,3.5,3.684,15000,Pay term fees / bursary,Sponsor / Bursary fund
211,16,Academic Strugglers,1,0.565,0,2,school_fee_support,School Fee Support,2.0,1.5,3.5,3.682,15000,Pay term fees / bursary,Sponsor / Bursary fund
310,32,Academic Strugglers,1,0.562,1,2,digital_access,Digital Access Kit,2.0,1.5,3.5,3.674,7000,Shared device / data bundle,Sponsor / CSR partner
545,24,Academic Strugglers,3,0.562,0,2,school_fee_support,School Fee Support,2.0,1.5,3.5,3.674,15000,Pay term fees / bursary,Sponsor / Bursary fund
38,14,Academic Strugglers,2,0.473,0,2,academic_tutoring,Academic Tutoring,3.0,0.75,3.75,3.668,8000,Fund remedial / catch-up classes,School + education NGO
574,35,Academic Strugglers,1,0.56,1,2,digital_access,Digital Access Kit,2.0,1.5,3.5,3.668,7000,Shared device / data bundle,Sponsor / CSR partner
433,18,Academic Strugglers,3,0.559,1,2,school_fee_support,School Fee Support,2.0,1.5,3.5,3.665,15000,Pay term fees / bursary,Sponsor / Bursary fund
886,39,Health-Constrained,4,0.395,1,2,counseling,Psychosocial Counseling,2.0,2.0,4.0,3.664,4000,Counselor hours / peer support,School counseling unit
381,26,Academic Strugglers,2,0.47,1,2,academic_tutoring,Academic Tutoring,3.0,0.75,3.75,3.659,8000,Fund remedial / catch-up classes,School + education NGO
907,16,Academic Strugglers,2,0.469,1,2,academic_tutoring,Academic Tutoring,3.0,0.75,3.75,3.656,8000,Fund remedial / catch-up classes,School + education NGO
949,42,Health-Constrained,3,0.393,1,2,counseling,Psychosocial Counseling,2.0,2.0,4.0,3.656,4000,Counselor hours / peer support,School counseling unit
289,18,Academic Strugglers,2,0.468,1,2,academic_tutoring,Academic Tutoring,3.0,0.75,3.75,3.653,8000,Fund remedial / catch-up classes,School + education NGO
229,23,Academic Strugglers,2,0.553,0,2,school_fee_support,School Fee Support,2.0,1.5,3.5,3.649,15000,Pay term fees / bursary,Sponsor / Bursary fund
451,19,Academic Strugglers,1,0.553,1,2,digital_access,Digital Access Kit,2.0,1.5,3.5,3.648,7000,Shared device / data bundle,Sponsor / CSR partner
139,35,Academic Strugglers,1,0.552,1,2,digital_access,Digital Access Kit,2.0,1.5,3.5,3.646,7000,Shared device / data bundle,Sponsor / CSR partner
454,28,Health-Constrained,3,0.389,0,2,counseling,Psychosocial Counseling,2.0,2.0,4.0,3.645,4000,Counselor hours / peer support,School counseling unit
519,19,Academic Strugglers,3,0.552,1,2,school_fee_support,School Fee Support,2.0,1.5,3.5,3.645,15000,Pay term fees / bursary,Sponsor / Bursary fund
817,31,Health-Constrained,3,0.552,0,2,academic_tutoring,Academic Tutoring,1.0,2.5,3.5,3.645,8000,Fund remedial / catch-up classes,School + education NGO
865,3,Academic Strugglers,1,0.551,1,2,school_fee_support,School Fee Support,2.0,1.5,3.5,3.643,15000,Pay term fees / bursary,Sponsor / Bursary fund
41,41,Academic Strugglers,2,0.462,1,2,academic_tutoring,Academic Tutoring,3.0,0.75,3.75,3.636,8000,Fund remedial / catch-up classes,School + education NGO
704,35,Academic Strugglers,1,0.548,1,2,digital_access,Digital Access Kit,2.0,1.5,3.5,3.636,7000,Shared device / data bundle,Sponsor / CSR partner
782,36,Academic Strugglers,2,0.46,1,2,academic_tutoring,Academic Tutoring,3.0,0.75,3.75,3.63,8000,Fund remedial / catch-up classes,School + education NGO
8,18,Academic Strugglers,1,0.546,0,2,digital_access,Digital Access Kit,2.0,1.5,3.5,3.628,7000,Shared device / data bundle,Sponsor / CSR partner
57,16,Academic Strugglers,1,0.459,1,2,academic_tutoring,Academic Tutoring,3.0,0.75,3.75,3.628,8000,Fund remedial / catch-up classes,School + education NGO
166,23,Academic Strugglers,3,0.545,1,2,digital_access,Digital Access Kit,2.0,1.5,3.5,3.627,7000,Shared device / data bundle,Sponsor / CSR partner
472,18,Health-Constrained,3,0.383,1,2,counseling,Psychosocial Counseling,2.0,2.0,4.0,3.625,4000,Counselor hours / peer support,School counseling unit
52,18,Academic Strugglers,2,0.456,1,2,academic_tutoring,Academic Tutoring,3.0,0.75,3.75,3.618,8000,Fund remedial / catch-up classes,School + education NGO
715,17,Academic Strugglers,1,0.542,1,2,digital_access,Digital Access Kit,2.0,1.5,3.5,3.618,7000,Shared device / data bundle,Sponsor / CSR partner
409,22,Academic Strugglers,2,0.456,0,2,academic_tutoring,Academic Tutoring,3.0,0.75,3.75,3.617,8000,Fund remedial / catch-up classes,School + education NGO
498,6,Health-Constrained,2,0.542,1,2,school_fee_support,School Fee Support,2.0,1.5,3.5,3.617,15000,Pay term fees / bursary,Sponsor / Bursary fund
177,22,Academic Strugglers,2,0.454,1,2,academic_tutoring,Academic Tutoring,3.0,0.75,3.75,3.612,8000,Fund remedial / catch-up classes,School + education NGO
144,20,Academic Strugglers,1,0.54,1,2,digital_access,Digital Access Kit,2.0,1.5,3.5,3.611,7000,Shared device / data bundle,Sponsor / CSR partner
737,15,Academic Strugglers,1,0.539,1,2,digital_access,Digital Access Kit,2.0,1.5,3.5,3.609,7000,Shared device / data bundle,Sponsor / CSR partner
853,28,Academic Strugglers,2,0.539,1,2,school_fee_support,School Fee Support,2.0,1.5,3.5,3.609,15000,Pay term fees / bursary,Sponsor / Bursary fund
808,2,Academic Strugglers,1,0.452,1,2,academic_tutoring,Academic Tutoring,3.0,0.75,3.75,3.607,8000,Fund remedial / catch-up classes,School + education NGO
495,15,Academic Strugglers,2,0.451,1,2,academic_tutoring,Academic Tutoring,3.0,0.75,3.75,3.603,8000,Fund remedial / catch-up classes,School + education NGO
418,43,Academic Strugglers,1,0.537,1,2,digital_access,Digital Access Kit,2.0,1.5,3.5,3.602,7000,Shared device / data bundle,Sponsor / CSR partner
809,26,Academic Strugglers,2,0.53,1,2,digital_access,Digital Access Kit,2.0,1.5,3.5,3.585,7000,Shared device / data bundle,Sponsor / CSR partner
45,13,Academic Strugglers,1,0.53,1,2,school_fee_support,School Fee Support,2.0,1.5,3.5,3.584,15000,Pay term fees / bursary,Sponsor / Bursary fund
670,34,Academic Strugglers,1,0.53,1,2,digital_access,Digital Access Kit,2.0,1.5,3.5,3.584,7000,Shared device / data bundle,Sponsor / CSR partner
167,5,Academic Strugglers,2,0.53,1,2,school_fee_support,School Fee Support,2.0,1.5,3.5,3.583,15000,Pay term fees / bursary,Sponsor / Bursary fund
680,45,Academic Strugglers,2,0.527,1,2,digital_access,Digital Access Kit,2.0,1.5,3.5,3.574,7000,Shared device / data bundle,Sponsor / CSR partner
703,38,Academic Strugglers,2,0.526,1,2,school_fee_support,School Fee Support,2.0,1.5,3.5,3.572,15000,Pay term fees / bursary,Sponsor / Bursary fund
493,6,Health-Constrained,3,0.525,0,2,academic_tutoring,Academic Tutoring,1.0,2.5,3.5,3.569,8000,Fund remedial / catch-up classes,School + education NGO
353,41,Academic Strugglers,3,0.524,1,2,school_fee_support,School Fee Support,2.0,1.5,3.5,3.566,15000,Pay term fees / bursary,Sponsor / Bursary fund
634,19,Academic Strugglers,2,0.436,0,2,academic_tutoring,Academic Tutoring,3.0,0.75,3.75,3.559,8000,Fund remedial / catch-up classes,School + education NGO
442,21,Academic Strugglers,1,0.52,1,2,digital_access,Digital Access Kit,2.0,1.5,3.5,3.557,7000,Shared device / data bundle,Sponsor / CSR partner
606,1,Academic Strugglers,3,0.52,1,2,digital_access,Digital Access Kit,2.0,1.5,3.5,3.556,7000,Shared device / data bundle,Sponsor / CSR partner
306,28,Academic Strugglers,2,0.435,1,2,academic_tutoring,Academic Tutoring,3.0,0.75,3.75,3.554,8000,Fund remedial / catch-up classes,School + education NGO
621,18,Health-Constrained,2,0.361,1,2,counseling,Psychosocial Counseling,2.0,2.0,4.0,3.554,4000,Counselor hours / peer support,School counseling unit
172,29,Health-Constrained,3,0.518,0,2,school_fee_support,School Fee Support,2.0,1.5,3.5,3.551,15000,Pay term fees / bursary,Sponsor / Bursary fund
973,46,Health-Constrained,2,0.518,1,2,school_fee_support,School Fee Support,2.0,1.5,3.5,3.549,15000,Pay term fees / bursary,Sponsor / Bursary fund
51,47,Academic Strugglers,2,0.433,1,2,academic_tutoring,Academic Tutoring,3.0,0.75,3.75,3.548,8000,Fund remedial / catch-up classes,School + education NGO
576,47,Health-Constrained,3,0.358,1,2,counseling,Psychosocial Counseling,2.0,2.0,4.0,3.545,4000,Counselor hours / peer support,School counseling unit
499,11,Academic Strugglers,1,0.513,1,2,digital_access,Digital Access Kit,2.0,1.5,3.5,3.535,7000,Shared device / data bundle,Sponsor / CSR partner
536,1,Academic Strugglers,2,0.427,1,2,academic_tutoring,Academic Tutoring,3.0,0.75,3.75,3.531,8000,Fund remedial / catch-up classes,School + education NGO
385,1,Academic Strugglers,1,0.511,0,2,digital_access,Digital Access Kit,2.0,1.5,3.5,3.53,7000,Shared device / data bundle,Sponsor / CSR partner
386,22,Health-Constrained,3,0.353,1,2,counseling,Psychosocial Counseling,2.0,2.0,4.0,3.53,4000,Counselor hours / peer support,School counseling unit
784,18,Academic Strugglers,2,0.51,1,2,school_fee_support,School Fee Support,2.0,1.5,3.5,3.529,15000,Pay term fees / bursary,Sponsor / Bursary fund
847,14,Academic Strugglers,3,0.51,0,2,school_fee_support,School Fee Support,2.0,1.5,3.5,3.529,15000,Pay term fees / bursary,Sponsor / Bursary fund
120,38,Academic Strugglers,3,0.51,1,2,school_fee_support,School Fee Support,2.0,1.5,3.5,3.528,15000,Pay term fees / bursary,Sponsor / Bursary fund
339,33,Health-Constrained,3,0.353,1,2,counseling,Psychosocial Counseling,2.0,2.0,4.0,3.528,4000,Counselor hours / peer support,School counseling unit
608,26,Academic Strugglers,2,0.509,0,2,school_fee_support,School Fee Support,2.0,1.5,3.5,3.524,15000,Pay term fees / bursary,Sponsor / Bursary fund
750,46,Academic Strugglers,4,0.509,1,2,school_fee_support,School Fee Support,2.0,1.5,3.5,3.524,15000,Pay term fees / bursary,Sponsor / Bursary fund
253,22,Academic Strugglers,2,0.507,1,2,school_fee_support,School Fee Support,2.0,1.5,3.5,3.52,15000,Pay term fees / bursary,Sponsor / Bursary fund
716,22,Academic Strugglers,1,0.503,1,2,digital_access,Digital Access Kit,2.0,1.5,3.5,3.508,7000,Shared device / data bundle,Sponsor / CSR partner
518,46,Academic Strugglers,3,0.502,0,2,school_fee_support,School Fee Support,2.0,1.5,3.5,3.506,15000,Pay term fees / bursary,Sponsor / Bursary fund
787,43,Academic Strugglers,3,0.502,1,2,school_fee_support,School Fee Support,2.0,1.5,3.5,3.505,15000,Pay term fees / bursary,Sponsor / Bursary fund
793,7,Academic Strugglers,3,0.502,1,2,school_fee_support,School Fee Support,2.0,1.5,3.5,3.505,15000,Pay term fees / bursary,Sponsor / Bursary fund
239,45,Academic Strugglers,1,0.5,1,2,digital_access,Digital Access Kit,2.0,1.5,3.5,3.5,7000,Shared device / data bundle,Sponsor / CSR partner
548,35,Health-Constrained,3,0.5,0,2,academic_tutoring,Academic Tutoring,1.0,2.5,3.5,3.5,8000,Fund remedial / catch-up classes,School + education NGO
872,7,Health-Constrained,2,0.499,1,2,school_fee_support,School Fee Support,2.0,1.5,3.5,3.496,15000,Pay term fees / bursary,Sponsor / Bursary fund
17,41,Academic Strugglers,2,0.497,1,2,school_fee_support,School Fee Support,2.0,1.5,3.5,3.493,15000,Pay term fees / bursary,Sponsor / Bursary fund
39,7,Academic Strugglers,3,0.497,1,2,school_fee_support,School Fee Support,2.0,1.5,3.5,3.492,15000,Pay term fees / bursary,Sponsor / Bursary fund
891,41,Health-Constrained,4,0.341,0,2,counseling,Psychosocial Counseling,2.0,2.0,4.0,3.491,4000,Counselor hours / peer support,School counseling unit
850,14,Academic Strugglers,1,0.494,1,2,school_fee_support,School Fee Support,2.0,1.5,3.5,3.483,15000,Pay term fees / bursary,Sponsor / Bursary fund
849,42,Health-Constrained,2,0.493,1,2,school_fee_support,School Fee Support,2.0,1.5,3.5,3.481,15000,Pay term fees / bursary,Sponsor / Bursary fund
587,12,Health-Constrained,3,0.492,1,2,school_fee_support,School Fee Support,2.0,1.5,3.5,3.478,15000,Pay term fees / bursary,Sponsor / Bursary fund
404,31,Academic Strugglers,1,0.492,1,2,digital_access,Digital Access Kit,2.0,1.5,3.5,3.476,7000,Shared device / data bundle,Sponsor / CSR partner
443,30,Academic Strugglers,1,0.491,1,2,digital_access,Digital Access Kit,2.0,1.5,3.5,3.475,7000,Shared device / data bundle,Sponsor / CSR partner
607,35,Health-Constrained,3,0.333,1,2,counseling,Psychosocial Counseling,2.0,2.0,4.0,3.467,4000,Counselor hours / peer support,School counseling unit
877,31,Academic Strugglers,2,0.487,1,2,digital_access,Digital Access Kit,2.0,1.5,3.5,3.464,7000,Shared device / data bundle,Sponsor / CSR partner
988,33,Academic Strugglers,1,0.486,0,2,school_fee_support,School Fee Support,2.0,1.5,3.5,3.462,15000,Pay term fees / bursary,Sponsor / Bursary fund
747,19,Academic Strugglers,3,0.485,1,2,school_fee_support,School Fee Support,2.0,1.5,3.5,3.457,15000,Pay term fees / bursary,Sponsor / Bursary fund
28,36,Academic Strugglers,3,0.483,1,2,digital_access,Digital Access Kit,2.0,1.5,3.5,3.452,7000,Shared device / data bundle,Sponsor / CSR partner
639,6,Health-Constrained,3,0.329,1,2,counseling,Psychosocial Counseling,2.0,2.0,4.0,3.451,4000,Counselor hours / peer support,School counseling unit
67,25,Academic Strugglers,2,0.482,1,2,school_fee_support,School Fee Support,2.0,1.5,3.5,3.449,15000,Pay term fees / bursary,Sponsor / Bursary fund
198,11,Academic Strugglers,3,0.482,1,2,school_fee_support,School Fee Support,2.0,1.5,3.5,3.448,15000,Pay term fees / bursary,Sponsor / Bursary fund
420,42,Academic Strugglers,2,0.478,1,2,digital_access,Digital Access Kit,2.0,1.5,3.5,3.438,7000,Shared device / data bundle,Sponsor / CSR partner
131,21,Academic Strugglers,2,0.477,1,2,school_fee_support,School Fee Support,2.0,1.5,3.5,3.436,15000,Pay term fees / bursary,Sponsor / Bursary fund
992,38,Academic Strugglers,1,0.477,1,2,digital_access,Digital Access Kit,2.0,1.5,3.5,3.435,7000,Shared device / data bundle,Sponsor / CSR partner
829,21,Academic Strugglers,1,0.477,1,2,digital_access,Digital Access Kit,2.0,1.5,3.5,3.434,7000,Shared device / data bundle,Sponsor / CSR partner
261,9,Academic Strugglers,1,0.475,1,2,digital_access,Digital Access Kit,2.0,1.5,3.5,3.429,7000,Shared device / data bundle,Sponsor / CSR partner
317,7,Academic Strugglers,1,0.474,1,2,digital_access,Digital Access Kit,2.0,1.5,3.5,3.428,7000,Shared device / data bundle,Sponsor / CSR partner
637,26,Academic Strugglers,3,0.471,1,2,school_fee_support,School Fee Support,2.0,1.5,3.5,3.42,15000,Pay term fees / bursary,Sponsor / Bursary fund
299,36,Academic Strugglers,2,0.471,0,2,school_fee_support,School Fee Support,2.0,1.5,3.5,3.419,15000,Pay term fees / bursary,Sponsor / Bursary fund
904,5,Academic Strugglers,4,0.468,1,2,school_fee_support,School Fee Support,2.0,1.5,3.5,3.41,15000,Pay term fees / bursary,Sponsor / Bursary fund
978,40,Academic Strugglers,3,0.466,1,2,school_fee_support,School Fee Support,2.0,1.5,3.5,3.404,15000,Pay term fees / bursary,Sponsor / Bursary fund
673,40,Academic Strugglers,1,0.465,1,2,digital_access,Digital Access Kit,2.0,1.5,3.5,3.403,7000,Shared device / data bundle,Sponsor / CSR partner
722,31,Academic Strugglers,1,0.465,1,2,digital_access,Digital Access Kit,2.0,1.5,3.5,3.403,7000,Shared device / data bundle,Sponsor / CSR partner
754,42,Academic Strugglers,2,0.465,1,2,digital_access,Digital Access Kit,2.0,1.5,3.5,3.403,7000,Shared device / data bundle,Sponsor / CSR partner
821,41,Academic Strugglers,3,0.465,1,2,school_fee_support,School Fee Support,2.0,1.5,3.5,3.402,15000,Pay term fees / bursary,Sponsor / Bursary fund
459,15,Academic Strugglers,1,0.463,0,2,digital_access,Digital Access Kit,2.0,1.5,3.5,3.397,7000,Shared device / data bundle,Sponsor / CSR partner
214,29,Academic Strugglers,1,0.461,1,2,digital_access,Digital Access Kit,2.0,1.5,3.5,3.39,7000,Shared device / data bundle,Sponsor / CSR partner
883,27,Academic Strugglers,3,0.46,1,2,school_fee_support,School Fee Support,2.0,1.5,3.5,3.388,15000,Pay term fees / bursary,Sponsor / Bursary fund
116,20,Academic Strugglers,3,0.46,1,2,school_fee_support,School Fee Support,2.0,1.5,3.5,3.387,15000,Pay term fees / bursary,Sponsor / Bursary fund
83,20,Health-Constrained,3,0.458,0,2,school_fee_support,School Fee Support,2.0,1.5,3.5,3.382,15000,Pay term fees / bursary,Sponsor / Bursary fund
260,27,Academic Strugglers,2,0.458,1,2,digital_access,Digital Access Kit,2.0,1.5,3.5,3.381,7000,Shared device / data bundle,Sponsor / CSR partner
746,40,Academic Strugglers,2,0.457,1,2,school_fee_support,School Fee Support,2.0,1.5,3.5,3.38,15000,Pay term fees / bursary,Sponsor / Bursary fund
64,42,Health-Constrained,3,0.456,1,2,school_fee_support,School Fee Support,2.0,1.5,3.5,3.377,15000,Pay term fees / bursary,Sponsor / Bursary fund
671,39,Academic Strugglers,1,0.456,1,2,digital_access,Digital Access Kit,2.0,1.5,3.5,3.377,7000,Shared device / data bundle,Sponsor / CSR partner
527,21,Academic Strugglers,1,0.455,1,2,school_fee_support,School Fee Support,2.0,1.5,3.5,3.375,15000,Pay term fees / bursary,Sponsor / Bursary fund
929,20,Academic Strugglers,1,0.454,1,2,digital_access,Digital Access Kit,2.0,1.5,3.5,3.371,7000,Shared device / data bundle,Sponsor / CSR partner
218,30,Academic Strugglers,3,0.453,0,2,school_fee_support,School Fee Support,2.0,1.5,3.5,3.369,15000,Pay term fees / bursary,Sponsor / Bursary fund
995,10,Academic Strugglers,2,0.453,0,2,school_fee_support,School Fee Support,2.0,1.5,3.5,3.369,15000,Pay term fees / bursary,Sponsor / Bursary fund
232,2,Academic Strugglers,2,0.451,0,2,digital_access,Digital Access Kit,2.0,1.5,3.5,3.364,7000,Shared device / data bundle,Sponsor / CSR partner
595,12,Academic Strugglers,1,0.451,1,2,digital_access,Digital Access Kit,2.0,1.5,3.5,3.362,7000,Shared device / data bundle,Sponsor / CSR partner
95,30,Health-Constrained,4,0.45,1,2,school_fee_support,School Fee Support,2.0,1.5,3.5,3.36,15000,Pay term fees / bursary,Sponsor / Bursary fund
997,17,Academic Strugglers,2,0.449,0,2,digital_access,Digital Access Kit,2.0,1.5,3.5,3.357,7000,Shared device / data bundle,Sponsor / CSR partner
350,45,Academic Strugglers,3,0.448,1,2,digital_access,Digital Access Kit,2.0,1.5,3.5,3.356,7000,Shared device / data bundle,Sponsor / CSR partner
795,19,Academic Strugglers,2,0.448,1,2,digital_access,Digital Access Kit,2.0,1.5,3.5,3.354,7000,Shared device / data bundle,Sponsor / CSR partner
189,28,Academic Strugglers,1,0.447,1,2,digital_access,Digital Access Kit,2.0,1.5,3.5,3.351,7000,Shared device / data bundle,Sponsor / CSR partner
695,27,Academic Strugglers,2,0.446,0,2,school_fee_support,School Fee Support,2.0,1.5,3.5,3.35,15000,Pay term fees / bursary,Sponsor / Bursary fund
805,27,Academic Strugglers,2,0.446,1,2,digital_access,Digital Access Kit,2.0,1.5,3.5,3.35,7000,Shared device / data bundle,Sponsor / CSR partner
217,17,Health-Constrained,4,0.446,1,2,academic_tutoring,Academic Tutoring,1.0,2.5,3.5,3.349,8000,Fund remedial / catch-up classes,School + education NGO
683,21,Academic Strugglers,1,0.446,1,2,digital_access,Digital Access Kit,2.0,1.5,3.5,3.348,7000,Shared device / data bundle,Sponsor / CSR partner
542,3,Academic Strugglers,1,0.444,1,2,digital_access,Digital Access Kit,2.0,1.5,3.5,3.343,7000,Shared device / data bundle,Sponsor / CSR partner
840,27,Academic Strugglers,2,0.442,1,2,digital_access,Digital Access Kit,2.0,1.5,3.5,3.339,7000,Shared device / data bundle,Sponsor / CSR partner
601,44,Academic Strugglers,2,0.442,1,2,school_fee_support,School Fee Support,2.0,1.5,3.5,3.337,15000,Pay term fees / bursary,Sponsor / Bursary fund
780,8,Academic Strugglers,4,0.442,1,2,school_fee_support,School Fee Support,2.0,1.5,3.5,3.337,15000,Pay term fees / bursary,Sponsor / Bursary fund
60,15,Academic Strugglers,1,0.64,0,2,academic_tutoring,Academic Tutoring,3.0,0.0,3.0,3.335,8000,Fund remedial / catch-up classes,School + education NGO
362,34,Academic Strugglers,2,0.441,1,2,digital_access,Digital Access Kit,2.0,1.5,3.5,3.335,7000,Shared device / data bundle,Sponsor / CSR partner
813,12,Academic Strugglers,3,0.437,1,2,digital_access,Digital Access Kit,2.0,1.5,3.5,3.324,7000,Shared device / data bundle,Sponsor / CSR partner
514,17,Academic Strugglers,2,0.436,1,2,digital_access,Digital Access Kit,2.0,1.5,3.5,3.32,7000,Shared device / data bundle,Sponsor / CSR partner
329,13,Academic Strugglers,2,0.434,1,2,digital_access,Digital Access Kit,2.0,1.5,3.5,3.315,7000,Shared device / data bundle,Sponsor / CSR partner
876,15,Academic Strugglers,2,0.433,1,2,digital_access,Digital Access Kit,2.0,1.5,3.5,3.312,7000,Shared device / data bundle,Sponsor / CSR partner
309,32,Academic Strugglers,2,0.431,1,2,school_fee_support,School Fee Support,2.0,1.5,3.5,3.307,15000,Pay term fees / bursary,Sponsor / Bursary fund
194,26,Academic Strugglers,1,0.431,1,2,digital_access,Digital Access Kit,2.0,1.5,3.5,3.306,7000,Shared device / data bundle,Sponsor / CSR partner
796,40,Academic Strugglers,2,0.429,1,2,digital_access,Digital Access Kit,2.0,1.5,3.5,3.302,7000,Shared device / data bundle,Sponsor / CSR partner
758,12,Academic Strugglers,2,0.429,1,2,school_fee_support,School Fee Support,2.0,1.5,3.5,3.301,15000,Pay term fees / bursary,Sponsor / Bursary fund
153,15,Academic Strugglers,3,0.428,1,2,school_fee_support,School Fee Support,2.0,1.5,3.5,3.298,15000,Pay term fees / bursary,Sponsor / Bursary fund
354,41,Academic Strugglers,2,0.427,1,2,digital_access,Digital Access Kit,2.0,1.5,3.5,3.296,7000,Shared device / data bundle,Sponsor / CSR partner
546,47,Academic Strugglers,3,0.426,1,2,school_fee_support,School Fee Support,2.0,1.5,3.5,3.292,15000,Pay term fees / bursary,Sponsor / Bursary fund
26,30,Academic Strugglers,3,0.423,1,2,school_fee_support,School Fee Support,2.0,1.5,3.5,3.284,15000,Pay term fees / bursary,Sponsor / Bursary fund
75,28,Health-Constrained,3,0.422,1,2,school_fee_support,School Fee Support,2.0,1.5,3.5,3.282,15000,Pay term fees / bursary,Sponsor / Bursary fund
515,3,Academic Strugglers,2,0.422,1,2,digital_access,Digital Access Kit,2.0,1.5,3.5,3.282,7000,Shared device / data bundle,Sponsor / CSR partner
724,8,Academic Strugglers,2,0.421,1,2,digital_access,Digital Access Kit,2.0,1.5,3.5,3.28,7000,Shared device / data bundle,Sponsor / CSR partner
751,44,Academic Strugglers,3,0.421,1,2,digital_access,Digital Access Kit,2.0,1.5,3.5,3.28,7000,Shared device / data bundle,Sponsor / CSR partner
623,41,Health-Constrained,4,0.421,1,2,academic_tutoring,Academic Tutoring,1.0,2.5,3.5,3.278,8000,Fund remedial / catch-up classes,School + education NGO
989,47,Academic Strugglers,1,0.421,1,2,digital_access,Digital Access Kit,2.0,1.5,3.5,3.278,7000,Shared device / data bundle,Sponsor / CSR partner
479,19,Academic Strugglers,3,0.42,1,2,digital_access,Digital Access Kit,2.0,1.5,3.5,3.277,7000,Shared device / data bundle,Sponsor / CSR partner
578,25,Health-Constrained,3,0.42,1,2,academic_tutoring,Academic Tutoring,1.0,2.5,3.5,3.277,8000,Fund remedial / catch-up classes,School + education NGO
494,24,Health-Constrained,2,0.42,1,2,school_fee_support,School Fee Support,2.0,1.5,3.5,3.276,15000,Pay term fees / bursary,Sponsor / Bursary fund
258,23,Academic Strugglers,2,0.42,1,2,school_fee_support,School Fee Support,2.0,1.5,3.5,3.275,15000,Pay term fees / bursary,Sponsor / Bursary fund
556,6,Academic Strugglers,1,0.614,1,2,academic_tutoring,Academic Tutoring,3.0,0.0,3.0,3.273,8000,Fund remedial / catch-up classes,School + education NGO
954,39,Health-Constrained,3,0.419,1,2,school_fee_support,School Fee Support,2.0,1.5,3.5,3.272,15000,Pay term fees / bursary,Sponsor / Bursary fund
113,38,Academic Strugglers,2,0.418,1,2,digital_access,Digital Access Kit,2.0,1.5,3.5,3.271,7000,Shared device / data bundle,Sponsor / CSR partner
880,20,Academic Strugglers,3,0.417,1,2,digital_access,Digital Access Kit,2.0,1.5,3.5,3.268,7000,Shared device / data bundle,Sponsor / CSR partner
292,11,Academic Strugglers,2,0.416,1,2,school_fee_support,School Fee Support,2.0,1.5,3.5,3.264,15000,Pay term fees / bursary,Sponsor / Bursary fund
725,15,Academic Strugglers,1,0.415,1,2,digital_access,Digital Access Kit,2.0,1.5,3.5,3.262,7000,Shared device / data bundle,Sponsor / CSR partner
919,42,Academic Strugglers,3,0.414,1,2,digital_access,Digital Access Kit,2.0,1.5,3.5,3.259,7000,Shared device / data bundle,Sponsor / CSR partner
148,46,Academic Strugglers,3,0.414,1,2,digital_access,Digital Access Kit,2.0,1.5,3.5,3.258,7000,Shared device / data bundle,Sponsor / CSR partner
235,44,Academic Strugglers,2,0.414,1,2,digital_access,Digital Access Kit,2.0,1.5,3.5,3.258,7000,Shared device / data bundle,Sponsor / CSR partner
530,31,Academic Strugglers,2,0.413,1,2,digital_access,Digital Access Kit,2.0,1.5,3.5,3.257,7000,Shared device / data bundle,Sponsor / CSR partner
616,19,Academic Strugglers,2,0.413,1,2,school_fee_support,School Fee Support,2.0,1.5,3.5,3.255,15000,Pay term fees / bursary,Sponsor / Bursary fund
188,38,Academic Strugglers,4,0.411,1,2,school_fee_support,School Fee Support,2.0,1.5,3.5,3.25,15000,Pay term fees / bursary,Sponsor / Bursary fund
707,31,Academic Strugglers,3,0.411,1,2,school_fee_support,School Fee Support,2.0,1.5,3.5,3.25,15000,Pay term fees / bursary,Sponsor / Bursary fund
844,22,Health-Constrained,3,0.41,1,2,school_fee_support,School Fee Support,2.0,1.5,3.5,3.249,15000,Pay term fees / bursary,Sponsor / Bursary fund
562,36,Academic Strugglers,1,0.408,1,2,digital_access,Digital Access Kit,2.0,1.5,3.5,3.242,7000,Shared device / data bundle,Sponsor / CSR partner
635,38,Health-Constrained,4,0.408,1,2,school_fee_support,School Fee Support,2.0,1.5,3.5,3.242,15000,Pay term fees / bursary,Sponsor / Bursary fund
689,12,Health-Constrained,2,0.408,1,2,school_fee_support,School Fee Support,2.0,1.5,3.5,3.242,15000,Pay term fees / bursary,Sponsor / Bursary fund
363,9,Academic Strugglers,2,0.406,1,2,digital_access,Digital Access Kit,2.0,1.5,3.5,3.237,7000,Shared device / data bundle,Sponsor / CSR partner
863,35,Academic Strugglers,3,0.406,1,2,school_fee_support,School Fee Support,2.0,1.5,3.5,3.236,15000,Pay term fees / bursary,Sponsor / Bursary fund
406,10,Academic Strugglers,3,0.406,1,2,digital_access,Digital Access Kit,2.0,1.5,3.5,3.235,7000,Shared device / data bundle,Sponsor / CSR partner
583,23,Academic Strugglers,1,0.405,1,2,digital_access,Digital Access Kit,2.0,1.5,3.5,3.234,7000,Shared device / data bundle,Sponsor / CSR partner
390,31,Health-Constrained,4,0.405,1,2,school_fee_support,School Fee Support,2.0,1.5,3.5,3.233,15000,Pay term fees / bursary,Sponsor / Bursary fund
96,9,Academic Strugglers,3,0.404,1,2,digital_access,Digital Access Kit,2.0,1.5,3.5,3.232,7000,Shared device / data bundle,Sponsor / CSR partner
66,38,Academic Strugglers,3,0.403,1,2,digital_access,Digital Access Kit,2.0,1.5,3.5,3.228,7000,Shared device / data bundle,Sponsor / CSR partner
981,2,Academic Strugglers,3,0.4,1,2,digital_access,Digital Access Kit,2.0,1.5,3.5,3.22,7000,Shared device / data bundle,Sponsor / CSR partner
128,5,Academic Strugglers,3,0.4,1,2,digital_access,Digital Access Kit,2.0,1.5,3.5,3.219,7000,Shared device / data bundle,Sponsor / CSR partner
948,42,Academic Strugglers,1,0.591,1,2,academic_tutoring,Academic Tutoring,3.0,0.0,3.0,3.219,8000,Fund remedial / catch-up classes,School + education NGO
326,12,Academic Strugglers,3,0.398,1,2,digital_access,Digital Access Kit,2.0,1.5,3.5,3.216,7000,Shared device / data bundle,Sponsor / CSR partner
749,12,Academic Strugglers,1,0.396,1,2,digital_access,Digital Access Kit,2.0,1.5,3.5,3.21,7000,Shared device / data bundle,Sponsor / CSR partner
257,13,Health-Constrained,4,0.396,1,2,academic_tutoring,Academic Tutoring,1.0,2.5,3.5,3.208,8000,Fund remedial / catch-up classes,School + education NGO
675,46,Academic Strugglers,2,0.396,1,2,digital_access,Digital Access Kit,2.0,1.5,3.5,3.208,7000,Shared device / data bundle,Sponsor / CSR partner
345,22,Health-Constrained,3,0.394,1,2,school_fee_support,School Fee Support,2.0,1.5,3.5,3.203,15000,Pay term fees / bursary,Sponsor / Bursary fund
359,44,Academic Strugglers,2,0.393,1,2,digital_access,Digital Access Kit,2.0,1.5,3.5,3.2,7000,Shared device / data bundle,Sponsor / CSR partner
401,40,Academic Strugglers,3,0.392,1,2,digital_access,Digital Access Kit,2.0,1.5,3.5,3.199,7000,Shared device / data bundle,Sponsor / CSR partner
739,22,Academic Strugglers,1,0.583,1,2,academic_tutoring,Academic Tutoring,3.0,0.0,3.0,3.199,8000,Fund remedial / catch-up classes,School + education NGO
471,25,Health-Constrained,3,0.392,1,2,school_fee_support,School Fee Support,2.0,1.5,3.5,3.198,15000,Pay term fees / bursary,Sponsor / Bursary fund
203,23,Academic Strugglers,2,0.391,1,2,digital_access,Digital Access Kit,2.0,1.5,3.5,3.195,7000,Shared device / data bundle,Sponsor / CSR partner
801,42,Academic Strugglers,1,0.39,1,2,digital_access,Digital Access Kit,2.0,1.5,3.5,3.192,7000,Shared device / data bundle,Sponsor / CSR partner
643,35,Academic Strugglers,4,0.388,1,2,school_fee_support,School Fee Support,2.0,1.5,3.5,3.186,15000,Pay term fees / bursary,Sponsor / Bursary fund
697,28,Academic Strugglers,1,0.388,1,2,digital_access,Digital Access Kit,2.0,1.5,3.5,3.185,7000,Shared device / data bundle,Sponsor / CSR partner
320,36,Academic Strugglers,2,0.387,1,2,digital_access,Digital Access Kit,2.0,1.5,3.5,3.183,7000,Shared device / data bundle,Sponsor / CSR partner
928,25,Academic Strugglers,4,0.387,0,2,school_fee_support,School Fee Support,2.0,1.5,3.5,3.183,15000,Pay term fees / bursary,Sponsor / Bursary fund
207,7,Academic Strugglers,3,0.386,0,2,digital_access,Digital Access Kit,2.0,1.5,3.5,3.181,7000,Shared device / data bundle,Sponsor / CSR partner
910,16,Academic Strugglers,2,0.386,1,2,digital_access,Digital Access Kit,2.0,1.5,3.5,3.181,7000,Shared device / data bundle,Sponsor / CSR partner
961,5,Health-Constrained,3,0.385,1,2,school_fee_support,School Fee Support,2.0,1.5,3.5,3.179,15000,Pay term fees / bursary,Sponsor / Bursary fund
503,2,Academic Strugglers,1,0.571,1,2,academic_tutoring,Academic Tutoring,3.0,0.0,3.0,3.171,8000,Fund remedial / catch-up classes,School + education NGO
509,11,Academic Strugglers,2,0.382,1,2,digital_access,Digital Access Kit,2.0,1.5,3.5,3.17,7000,Shared device / data bundle,Sponsor / CSR partner
713,30,Academic Strugglers,3,0.379,1,2,digital_access,Digital Access Kit,2.0,1.5,3.5,3.16,7000,Shared device / data bundle,Sponsor / CSR partner
525,11,Academic Strugglers,3,0.378,1,2,digital_access,Digital Access Kit,2.0,1.5,3.5,3.158,7000,Shared device / data bundle,Sponsor / CSR partner
315,13,Academic Strugglers,2,0.565,1,2,academic_tutoring,Academic Tutoring,3.0,0.0,3.0,3.157,8000,Fund remedial / catch-up classes,School + education NGO
423,13,Academic Strugglers,1,0.562,1,2,academic_tutoring,Academic Tutoring,3.0,0.0,3.0,3.149,8000,Fund remedial / catch-up classes,School + education NGO
730,45,Academic Strugglers,1,0.562,0,2,academic_tutoring,Academic Tutoring,3.0,0.0,3.0,3.148,8000,Fund remedial / catch-up classes,School + education NGO
192,32,Academic Strugglers,2,0.372,1,2,school_fee_support,School Fee Support,2.0,1.5,3.5,3.141,15000,Pay term fees / bursary,Sponsor / Bursary fund
664,42,Academic Strugglers,1,0.557,1,2,academic_tutoring,Academic Tutoring,3.0,0.0,3.0,3.136,8000,Fund remedial / catch-up classes,School + education NGO
226,32,Academic Strugglers,3,0.367,1,2,digital_access,Digital Access Kit,2.0,1.5,3.5,3.128,7000,Shared device / data bundle,Sponsor / CSR partner
917,28,Academic Strugglers,2,0.367,0,2,digital_access,Digital Access Kit,2.0,1.5,3.5,3.128,7000,Shared device / data bundle,Sponsor / CSR partner
473,24,Academic Strugglers,1,0.551,1,2,academic_tutoring,Academic Tutoring,3.0,0.0,3.0,3.123,8000,Fund remedial / catch-up classes,School + education NGO
89,21,Academic Strugglers,2,0.365,1,2,digital_access,Digital Access Kit,2.0,1.5,3.5,3.121,7000,Shared device / data bundle,Sponsor / CSR partner
20,15,Academic Strugglers,2,0.363,1,2,digital_access,Digital Access Kit,2.0,1.5,3.5,3.117,7000,Shared device / data bundle,Sponsor / CSR partner
184,9,Academic Strugglers,2,0.361,1,2,digital_access,Digital Access Kit,2.0,1.5,3.5,3.11,7000,Shared device / data bundle,Sponsor / CSR partner
438,28,Academic Strugglers,2,0.36,1,2,digital_access,Digital Access Kit,2.0,1.5,3.5,3.109,7000,Shared device / data bundle,Sponsor / CSR partner
895,36,Academic Strugglers,3,0.545,1,2,transport_support,Transport / Boarding,1.0,2.0,3.0,3.108,6000,Subsidize commute or boarding,Sponsor / County transport
916,35,Academic Strugglers,3,0.359,1,2,digital_access,Digital Access Kit,2.0,1.5,3.5,3.105,7000,Shared device / data bundle,Sponsor / CSR partner
993,30,Academic Strugglers,2,0.357,1,2,digital_access,Digital Access Kit,2.0,1.5,3.5,3.099,7000,Shared device / data bundle,Sponsor / CSR partner
331,2,Academic Strugglers,2,0.355,1,2,digital_access,Digital Access Kit,2.0,1.5,3.5,3.094,7000,Shared device / data bundle,Sponsor / CSR partner
769,9,Academic Strugglers,3,0.355,1,2,digital_access,Digital Access Kit,2.0,1.5,3.5,3.093,7000,Shared device / data bundle,Sponsor / CSR partner
323,14,Academic Strugglers,2,0.353,1,2,digital_access,Digital Access Kit,2.0,1.5,3.5,3.089,7000,Shared device / data bundle,Sponsor / CSR partner
42,25,Academic Strugglers,2,0.349,1,2,digital_access,Digital Access Kit,2.0,1.5,3.5,3.078,7000,Shared device / data bundle,Sponsor / CSR partner
837,46,Academic Strugglers,3,0.348,1,2,school_fee_support,School Fee Support,2.0,1.5,3.5,3.074,15000,Pay term fees / bursary,Sponsor / Bursary fund
983,26,Academic Strugglers,2,0.347,1,2,digital_access,Digital Access Kit,2.0,1.5,3.5,3.073,7000,Shared device / data bundle,Sponsor / CSR partner
163,5,Academic Strugglers,3,0.528,1,2,transport_support,Transport / Boarding,1.0,2.0,3.0,3.067,6000,Subsidize commute or boarding,Sponsor / County transport
619,4,Academic Strugglers,2,0.521,1,2,academic_tutoring,Academic Tutoring,3.0,0.0,3.0,3.05,8000,Fund remedial / catch-up classes,School + education NGO
324,21,Academic Strugglers,2,0.336,1,2,digital_access,Digital Access Kit,2.0,1.5,3.5,3.04,7000,Shared device / data bundle,Sponsor / CSR partner
467,26,Academic Strugglers,2,0.335,1,2,digital_access,Digital Access Kit,2.0,1.5,3.5,3.038,7000,Shared device / data bundle,Sponsor / CSR partner
337,27,Academic Strugglers,2,0.334,0,2,digital_access,Digital Access Kit,2.0,1.5,3.5,3.034,7000,Shared device / data bundle,Sponsor / CSR partner
602,35,Academic Strugglers,3,0.333,1,2,digital_access,Digital Access Kit,2.0,1.5,3.5,3.031,7000,Shared device / data bundle,Sponsor / CSR partner
341,18,Academic Strugglers,2,0.331,1,2,digital_access,Digital Access Kit,2.0,1.5,3.5,3.028,7000,Shared device / data bundle,Sponsor / CSR partner
333,26,Academic Strugglers,2,0.331,1,2,digital_access,Digital Access Kit,2.0,1.5,3.5,3.027,7000,Shared device / data bundle,Sponsor / CSR partner
302,43,Academic Strugglers,1,0.509,1,2,academic_tutoring,Academic Tutoring,3.0,0.0,3.0,3.021,8000,Fund remedial / catch-up classes,School + education NGO
491,17,Academic Strugglers,3,0.326,1,2,digital_access,Digital Access Kit,2.0,1.5,3.5,3.012,7000,Shared device / data bundle,Sponsor / CSR partner
912,7,Academic Strugglers,4,0.501,1,2,counseling,Psychosocial Counseling,1.0,2.0,3.0,3.003,4000,Counselor hours / peer support,School counseling unit
43,5,Academic Strugglers,1,0.499,1,2,academic_tutoring,Academic Tutoring,3.0,0.0,3.0,2.998,8000,Fund remedial / catch-up classes,School + education NGO
18,31,Academic Strugglers,2,0.498,1,2,academic_tutoring,Academic Tutoring,3.0,0.0,3.0,2.994,8000,Fund remedial / catch-up classes,School + education NGO
384,26,Academic Strugglers,2,0.496,0,2,academic_tutoring,Academic Tutoring,3.0,0.0,3.0,2.99,8000,Fund remedial / catch-up classes,School + education NGO
255,14,Academic Strugglers,2,0.492,1,2,academic_tutoring,Academic Tutoring,3.0,0.0,3.0,2.98,8000,Fund remedial / catch-up classes,School + education NGO
903,13,Academic Strugglers,1,0.488,1,2,academic_tutoring,Academic Tutoring,3.0,0.0,3.0,2.972,8000,Fund remedial / catch-up classes,School + education NGO
132,47,Academic Strugglers,1,0.486,1,2,academic_tutoring,Academic Tutoring,3.0,0.0,3.0,2.967,8000,Fund remedial / catch-up classes,School + education NGO
14,43,Academic Strugglers,2,0.484,1,2,academic_tutoring,Academic Tutoring,3.0,0.0,3.0,2.961,8000,Fund remedial / catch-up classes,School + education NGO
424,26,Academic Strugglers,1,0.48,1,2,academic_tutoring,Academic Tutoring,3.0,0.0,3.0,2.952,8000,Fund remedial / catch-up classes,School + education NGO
547,37,Academic Strugglers,3,0.48,1,2,transport_support,Transport / Boarding,1.0,2.0,3.0,2.952,6000,Subsidize commute or boarding,Sponsor / County transport
743,16,Academic Strugglers,2,0.478,1,2,academic_tutoring,Academic Tutoring,3.0,0.0,3.0,2.947,8000,Fund remedial / catch-up classes,School + education NGO
735,21,Academic Strugglers,1,0.475,1,2,academic_tutoring,Academic Tutoring,3.0,0.0,3.0,2.94,8000,Fund remedial / catch-up classes,School + education NGO
171,40,Academic Strugglers,1,0.474,1,2,academic_tutoring,Academic Tutoring,3.0,0.0,3.0,2.936,8000,Fund remedial / catch-up classes,School + education NGO
199,37,Academic Strugglers,1,0.469,1,2,academic_tutoring,Academic Tutoring,3.0,0.0,3.0,2.925,8000,Fund remedial / catch-up classes,School + education NGO
900,29,Academic Strugglers,2,0.466,1,2,academic_tutoring,Academic Tutoring,3.0,0.0,3.0,2.92,8000,Fund remedial / catch-up classes,School + education NGO
389,24,Academic Strugglers,1,0.466,1,2,academic_tutoring,Academic Tutoring,3.0,0.0,3.0,2.918,8000,Fund remedial / catch-up classes,School + education NGO
98,35,Academic Strugglers,1,0.465,1,2,academic_tutoring,Academic Tutoring,3.0,0.0,3.0,2.915,8000,Fund remedial / catch-up classes,School + education NGO
368,47,Academic Strugglers,2,0.464,1,2,academic_tutoring,Academic Tutoring,3.0,0.0,3.0,2.915,8000,Fund remedial / catch-up classes,School + education NGO
321,41,Health-Constrained,3,0.455,1,2,transport_support,Transport / Boarding,1.0,2.0,3.0,2.893,6000,Subsidize commute or boarding,Sponsor / County transport
944,32,Academic Strugglers,2,0.454,1,2,academic_tutoring,Academic Tutoring,3.0,0.0,3.0,2.89,8000,Fund remedial / catch-up classes,School + education NGO
566,6,Academic Strugglers,2,0.453,1,2,academic_tutoring,Academic Tutoring,3.0,0.0,3.0,2.888,8000,Fund remedial / catch-up classes,School + education NGO
208,19,Academic Strugglers,2,0.451,1,2,academic_tutoring,Academic Tutoring,3.0,0.0,3.0,2.883,8000,Fund remedial / catch-up classes,School + education NGO
1,41,Academic Strugglers,1,0.449,1,2,academic_tutoring,Academic Tutoring,3.0,0.0,3.0,2.879,8000,Fund remedial / catch-up classes,School + education NGO
73,38,Academic Strugglers,1,0.449,1,2,academic_tutoring,Academic Tutoring,3.0,0.0,3.0,2.877,8000,Fund remedial / catch-up classes,School + education NGO
592,24,Academic Strugglers,3,0.444,1,2,transport_support,Transport / Boarding,1.0,2.0,3.0,2.865,6000,Subsidize commute or boarding,Sponsor / County transport
622,9,Academic Strugglers,2,0.441,1,2,academic_tutoring,Academic Tutoring,3.0,0.0,3.0,2.858,8000,Fund remedial / catch-up classes,School + education NGO
209,7,Academic Strugglers,3,0.439,1,2,counseling,Psychosocial Counseling,1.0,2.0,3.0,2.853,4000,Counselor hours / peer support,School counseling unit
275,45,Health-Constrained,3,0.434,1,2,counseling,Psychosocial Counseling,2.0,1.0,3.0,2.843,4000,Counselor hours / peer support,School counseling unit
768,3,Academic Strugglers,2,0.434,1,2,academic_tutoring,Academic Tutoring,3.0,0.0,3.0,2.841,8000,Fund remedial / catch-up classes,School + education NGO
11,40,Academic Strugglers,1,0.432,1,2,academic_tutoring,Academic Tutoring,3.0,0.0,3.0,2.837,8000,Fund remedial / catch-up classes,School + education NGO
394,43,Academic Strugglers,2,0.432,1,2,academic_tutoring,Academic Tutoring,3.0,0.0,3.0,2.836,8000,Fund remedial / catch-up classes,School + education NGO
80,16,Academic Strugglers,2,0.43,1,2,academic_tutoring,Academic Tutoring,3.0,0.0,3.0,2.833,8000,Fund remedial / catch-up classes,School + education NGO
559,44,Academic Strugglers,3,0.536,1,2,school_fee_support,School Fee Support,2.0,0.75,2.75,2.83,15000,Pay term fees / bursary,Sponsor / Bursary fund
497,40,Academic Strugglers,3,0.425,1,2,academic_tutoring,Academic Tutoring,3.0,0.0,3.0,2.819,8000,Fund remedial / catch-up classes,School + education NGO
200,29,Academic Strugglers,3,0.422,1,2,transport_support,Transport / Boarding,1.0,2.0,3.0,2.813,6000,Subsidize commute or boarding,Sponsor / County transport
31,31,Academic Strugglers,2,0.417,1,2,academic_tutoring,Academic Tutoring,3.0,0.0,3.0,2.802,8000,Fund remedial / catch-up classes,School + education NGO
679,45,Academic Strugglers,2,0.413,1,2,academic_tutoring,Academic Tutoring,3.0,0.0,3.0,2.792,8000,Fund remedial / catch-up classes,School + education NGO
121,42,Academic Strugglers,2,0.412,1,2,academic_tutoring,Academic Tutoring,3.0,0.0,3.0,2.79,8000,Fund remedial / catch-up classes,School + education NGO
570,42,Academic Strugglers,2,0.411,1,2,academic_tutoring,Academic Tutoring,3.0,0.0,3.0,2.786,8000,Fund remedial / catch-up classes,School + education NGO
227,39,Health-Constrained,3,0.407,1,2,counseling,Psychosocial Counseling,2.0,1.0,3.0,2.777,4000,Counselor hours / peer support,School counseling unit
682,43,Academic Strugglers,1,0.403,1,2,academic_tutoring,Academic Tutoring,3.0,0.0,3.0,2.768,8000,Fund remedial / catch-up classes,School + education NGO
335,28,Academic Strugglers,1,0.401,1,2,academic_tutoring,Academic Tutoring,3.0,0.0,3.0,2.763,8000,Fund remedial / catch-up classes,School + education NGO
764,25,Health-Constrained,4,0.391,0,2,transport_support,Transport / Boarding,1.0,2.0,3.0,2.739,6000,Subsidize commute or boarding,Sponsor / County transport
92,24,Stable Achievers,2,0.389,1,2,school_fee_support,School Fee Support,0.0,3.0,3.0,2.733,15000,Pay term fees / bursary,Sponsor / Bursary fund
407,42,Academic Strugglers,2,0.388,1,2,academic_tutoring,Academic Tutoring,3.0,0.0,3.0,2.732,8000,Fund remedial / catch-up classes,School + education NGO
776,44,Academic Strugglers,3,0.386,1,2,academic_tutoring,Academic Tutoring,3.0,0.0,3.0,2.725,8000,Fund remedial / catch-up classes,School + education NGO
230,14,Academic Strugglers,3,0.377,1,2,academic_tutoring,Academic Tutoring,3.0,0.0,3.0,2.705,8000,Fund remedial / catch-up classes,School + education NGO
138,35,Academic Strugglers,3,0.375,1,2,academic_tutoring,Academic Tutoring,3.0,0.0,3.0,2.7,8000,Fund remedial / catch-up classes,School + education NGO
468,27,Academic Strugglers,2,0.375,1,2,academic_tutoring,Academic Tutoring,3.0,0.0,3.0,2.699,8000,Fund remedial / catch-up classes,School + education NGO
936,33,Health-Constrained,3,0.372,1,2,counseling,Psychosocial Counseling,2.0,1.0,3.0,2.692,4000,Counselor hours / peer support,School counseling unit
54,10,Health-Constrained,3,0.37,1,2,counseling,Psychosocial Counseling,2.0,1.0,3.0,2.688,4000,Counselor hours / peer support,School counseling unit
851,44,Stable Achievers,2,0.369,1,2,enrichment,STEM Enrichment,3.0,0.0,3.0,2.686,3000,"Clubs, mentoring, competitions",School / alumni mentors
540,26,Academic Strugglers,3,0.364,0,2,academic_tutoring,Academic Tutoring,3.0,0.0,3.0,2.674,8000,Fund remedial / catch-up classes,School + education NGO
812,32,Academic Strugglers,3,0.363,1,2,academic_tutoring,Academic Tutoring,3.0,0.0,3.0,2.671,8000,Fund remedial / catch-up classes,School + education NGO
681,19,Academic Strugglers,3,0.359,1,2,academic_tutoring,Academic Tutoring,3.0,0.0,3.0,2.662,8000,Fund remedial / catch-up classes,School + education NGO
564,9,Academic Strugglers,3,0.354,1,2,academic_tutoring,Academic Tutoring,3.0,0.0,3.0,2.65,8000,Fund remedial / catch-up classes,School + education NGO
279,33,Academic Strugglers,3,0.453,1,2,school_fee_support,School Fee Support,2.0,0.75,2.75,2.648,15000,Pay term fees / bursary,Sponsor / Bursary fund
349,2,Academic Strugglers,3,0.343,1,2,academic_tutoring,Academic Tutoring,3.0,0.0,3.0,2.624,8000,Fund remedial / catch-up classes,School + education NGO
674,39,Health-Constrained,4,0.327,1,2,transport_support,Transport / Boarding,1.0,2.0,3.0,2.586,6000,Subsidize commute or boarding,Sponsor / County transport
818,4,Academic Strugglers,3,0.325,1,2,academic_tutoring,Academic Tutoring,3.0,0.0,3.0,2.581,8000,Fund remedial / catch-up classes,School + education NGO
46,32,Health-Constrained,3,0.324,1,2,counseling,Psychosocial Counseling,2.0,1.0,3.0,2.577,4000,Counselor hours / peer support,School counseling unit
287,1,Academic Strugglers,3,0.421,1,2,school_fee_support,School Fee Support,2.0,0.75,2.75,2.577,15000,Pay term fees / bursary,Sponsor / Bursary fund
13,34,Health-Constrained,4,0.322,1,2,transport_support,Transport / Boarding,1.0,2.0,3.0,2.574,6000,Subsidize commute or boarding,Sponsor / County transport
429,33,Academic Strugglers,3,0.317,1,2,academic_tutoring,Academic Tutoring,3.0,0.0,3.0,2.561,8000,Fund remedial / catch-up classes,School + education NGO
474,14,Academic Strugglers,3,0.313,1,2,academic_tutoring,Academic Tutoring,3.0,0.0,3.0,2.551,8000,Fund remedial / catch-up classes,School + education NGO
470,23,Academic Strugglers,3,0.405,1,2,school_fee_support,School Fee Support,2.0,0.75,2.75,2.54,15000,Pay term fees / bursary,Sponsor / Bursary fund
585,16,Health-Constrained,3,0.405,1,2,school_fee_support,School Fee Support,2.0,0.75,2.75,2.54,15000,Pay term fees / bursary,Sponsor / Bursary fund
898,29,Health-Constrained,3,0.4,0,2,school_fee_support,School Fee Support,2.0,0.75,2.75,2.53,15000,Pay term fees / bursary,Sponsor / Bursary fund
972,45,Academic Strugglers,3,0.383,1,2,school_fee_support,School Fee Support,2.0,0.75,2.75,2.494,15000,Pay term fees / bursary,Sponsor / Bursary fund
308,12,Academic Strugglers,3,0.383,1,2,school_fee_support,School Fee Support,2.0,0.75,2.75,2.493,15000,Pay term fees / bursary,Sponsor / Bursary fund
87,5,Academic Strugglers,3,0.383,1,2,school_fee_support,School Fee Support,2.0,0.75,2.75,2.492,15000,Pay term fees / bursary,Sponsor / Bursary fund
854,16,Health-Constrained,4,0.271,1,2,counseling,Psychosocial Counseling,2.0,1.0,3.0,2.45,4000,Counselor hours / peer support,School counseling unit
223,29,Stable Achievers,4,0.468,1,2,academic_tutoring,Academic Tutoring,0.0,2.5,2.5,2.436,8000,Fund remedial / catch-up classes,School + education NGO
343,9,Academic Strugglers,3,0.352,1,2,school_fee_support,School Fee Support,2.0,0.75,2.75,2.424,15000,Pay term fees / bursary,Sponsor / Bursary fund
462,1,Health-Constrained,4,0.257,1,2,counseling,Psychosocial Counseling,2.0,1.0,3.0,2.416,4000,Counselor hours / peer support,School counseling unit
291,12,Academic Strugglers,3,0.337,1,2,school_fee_support,School Fee Support,2.0,0.75,2.75,2.39,15000,Pay term fees / bursary,Sponsor / Bursary fund
956,42,Stable Achievers,4,0.443,1,2,academic_tutoring,Academic Tutoring,0.0,2.5,2.5,2.387,8000,Fund remedial / catch-up classes,School + education NGO
599,28,Stable Achievers,3,0.437,1,2,academic_tutoring,Academic Tutoring,0.0,2.5,2.5,2.373,8000,Fund remedial / catch-up classes,School + education NGO
666,19,Stable Achievers,4,0.431,1,2,academic_tutoring,Academic Tutoring,0.0,2.5,2.5,2.363,8000,Fund remedial / catch-up classes,School + education NGO
249,41,Health-Constrained,5,0.231,1,2,counseling,Psychosocial Counseling,2.0,1.0,3.0,2.355,4000,Counselor hours / peer support,School counseling unit
690,35,Stable Achievers,4,0.42,1,2,academic_tutoring,Academic Tutoring,0.0,2.5,2.5,2.339,8000,Fund remedial / catch-up classes,School + education NGO
286,5,Health-Constrained,4,0.221,1,2,counseling,Psychosocial Counseling,2.0,1.0,3.0,2.331,4000,Counselor hours / peer support,School counseling unit
312,6,Stable Achievers,3,0.407,1,2,digital_access,Digital Access Kit,1.0,1.5,2.5,2.313,7000,Shared device / data bundle,Sponsor / CSR partner
396,9,Stable Achievers,4,0.402,0,2,academic_tutoring,Academic Tutoring,0.0,2.5,2.5,2.305,8000,Fund remedial / catch-up classes,School + education NGO
560,20,Health-Constrained,5,0.203,1,2,counseling,Psychosocial Counseling,2.0,1.0,3.0,2.287,4000,Counselor hours / peer support,School counseling unit
648,34,Health-Constrained,5,0.203,1,2,counseling,Psychosocial Counseling,2.0,1.0,3.0,2.286,4000,Counselor hours / peer support,School counseling unit
651,5,Stable Achievers,3,0.393,1,2,digital_access,Digital Access Kit,1.0,1.5,2.5,2.285,7000,Shared device / data bundle,Sponsor / CSR partner
710,2,Stable Achievers,4,0.387,1,2,academic_tutoring,Academic Tutoring,0.0,2.5,2.5,2.273,8000,Fund remedial / catch-up classes,School + education NGO
610,9,Stable Achievers,4,0.383,1,2,academic_tutoring,Academic Tutoring,0.0,2.5,2.5,2.266,8000,Fund remedial / catch-up classes,School + education NGO
399,47,Stable Achievers,4,0.379,1,2,health_support,Health & Attendance,0.0,2.5,2.5,2.258,5000,Medical vouchers + attendance follow-up,School health partner
9,31,Stable Achievers,3,0.367,1,2,digital_access,Digital Access Kit,1.0,1.5,2.5,2.234,7000,Shared device / data bundle,Sponsor / CSR partner
826,43,Stable Achievers,3,0.359,1,2,health_support,Health & Attendance,0.0,2.5,2.5,2.219,5000,Medical vouchers + attendance follow-up,School health partner
126,24,Stable Achievers,3,0.356,1,2,digital_access,Digital Access Kit,1.0,1.5,2.5,2.213,7000,Shared device / data bundle,Sponsor / CSR partner
263,44,Stable Achievers,4,0.354,1,2,academic_tutoring,Academic Tutoring,0.0,2.5,2.5,2.207,8000,Fund remedial / catch-up classes,School + education NGO
69,10,Stable Achievers,3,0.352,1,2,digital_access,Digital Access Kit,1.0,1.5,2.5,2.204,7000,Shared device / data bundle,Sponsor / CSR partner
842,1,Stable Achievers,3,0.352,1,2,digital_access,Digital Access Kit,1.0,1.5,2.5,2.203,7000,Shared device / data bundle,Sponsor / CSR partner
434,13,Stable Achievers,3,0.35,1,2,digital_access,Digital Access Kit,1.0,1.5,2.5,2.2,7000,Shared device / data bundle,Sponsor / CSR partner
408,35,Stable Achievers,3,0.349,1,2,digital_access,Digital Access Kit,1.0,1.5,2.5,2.197,7000,Shared device / data bundle,Sponsor / CSR partner
612,16,Stable Achievers,3,0.348,1,2,digital_access,Digital Access Kit,1.0,1.5,2.5,2.197,7000,Shared device / data bundle,Sponsor / CSR partner
91,26,Stable Achievers,3,0.346,1,2,digital_access,Digital Access Kit,1.0,1.5,2.5,2.193,7000,Shared device / data bundle,Sponsor / CSR partner
901,17,Stable Achievers,3,0.347,1,2,digital_access,Digital Access Kit,1.0,1.5,2.5,2.193,7000,Shared device / data bundle,Sponsor / CSR partner
77,20,Stable Achievers,3,0.343,1,2,digital_access,Digital Access Kit,1.0,1.5,2.5,2.187,7000,Shared device / data bundle,Sponsor / CSR partner
383,47,Stable Achievers,3,0.344,0,2,digital_access,Digital Access Kit,1.0,1.5,2.5,2.187,7000,Shared device / data bundle,Sponsor / CSR partner
646,19,Stable Achievers,4,0.34,1,2,academic_tutoring,Academic Tutoring,0.0,2.5,2.5,2.18,8000,Fund remedial / catch-up classes,School + education NGO
202,39,Stable Achievers,2,0.34,1,2,digital_access,Digital Access Kit,1.0,1.5,2.5,2.179,7000,Shared device / data bundle,Sponsor / CSR partner
702,8,Stable Achievers,3,0.338,1,2,digital_access,Digital Access Kit,1.0,1.5,2.5,2.177,7000,Shared device / data bundle,Sponsor / CSR partner
942,19,Stable Achievers,4,0.337,1,2,health_support,Health & Attendance,0.0,2.5,2.5,2.174,5000,Medical vouchers + attendance follow-up,School health partner
450,20,Health-Constrained,3,0.332,1,2,digital_access,Digital Access Kit,1.0,1.5,2.5,2.163,7000,Shared device / data bundle,Sponsor / CSR partner
510,30,Stable Achievers,4,0.331,1,2,academic_tutoring,Academic Tutoring,0.0,2.5,2.5,2.163,8000,Fund remedial / catch-up classes,School + education NGO
935,11,Stable Achievers,3,0.331,1,2,digital_access,Digital Access Kit,1.0,1.5,2.5,2.163,7000,Shared device / data bundle,Sponsor / CSR partner
327,23,Stable Achievers,3,0.328,1,2,digital_access,Digital Access Kit,1.0,1.5,2.5,2.155,7000,Shared device / data bundle,Sponsor / CSR partner
453,25,Stable Achievers,4,0.327,1,2,academic_tutoring,Academic Tutoring,0.0,2.5,2.5,2.155,8000,Fund remedial / catch-up classes,School + education NGO
644,39,Stable Achievers,3,0.305,1,2,digital_access,Digital Access Kit,1.0,1.5,2.5,2.11,7000,Shared device / data bundle,Sponsor / CSR partner
952,39,Stable Achievers,3,0.305,1,2,digital_access,Digital Access Kit,1.0,1.5,2.5,2.11,7000,Shared device / data bundle,Sponsor / CSR partner
213,14,Stable Achievers,3,0.301,1,2,digital_access,Digital Access Kit,1.0,1.5,2.5,2.101,7000,Shared device / data bundle,Sponsor / CSR partner
807,44,Stable Achievers,3,0.3,1,2,digital_access,Digital Access Kit,1.0,1.5,2.5,2.101,7000,Shared device / data bundle,Sponsor / CSR partner
501,25,Stable Achievers,3,0.298,1,2,digital_access,Digital Access Kit,1.0,1.5,2.5,2.096,7000,Shared device / data bundle,Sponsor / CSR partner
440,9,Stable Achievers,3,0.297,1,2,digital_access,Digital Access Kit,1.0,1.5,2.5,2.094,7000,Shared device / data bundle,Sponsor / CSR partner
889,36,Stable Achievers,3,0.292,1,2,digital_access,Digital Access Kit,1.0,1.5,2.5,2.084,7000,Shared device / data bundle,Sponsor / CSR partner
507,1,Stable Achievers,2,0.404,1,2,school_fee_support,School Fee Support,0.0,2.25,2.25,2.078,15000,Pay term fees / bursary,Sponsor / Bursary fund
798,30,Stable Achievers,4,0.28,1,2,health_support,Health & Attendance,0.0,2.5,2.5,2.06,5000,Medical vouchers + attendance follow-up,School health partner
869,22,Stable Achievers,3,0.28,0,2,digital_access,Digital Access Kit,1.0,1.5,2.5,2.06,7000,Shared device / data bundle,Sponsor / CSR partner
277,44,Stable Achievers,3,0.275,1,2,digital_access,Digital Access Kit,1.0,1.5,2.5,2.05,7000,Shared device / data bundle,Sponsor / CSR partner
686,7,Stable Achievers,3,0.269,1,2,digital_access,Digital Access Kit,1.0,1.5,2.5,2.037,7000,Shared device / data bundle,Sponsor / CSR partner
789,4,Stable Achievers,3,0.265,1,2,digital_access,Digital Access Kit,1.0,1.5,2.5,2.03,7000,Shared device / data bundle,Sponsor / CSR partner
357,15,Stable Achievers,3,0.258,1,2,digital_access,Digital Access Kit,1.0,1.5,2.5,2.016,7000,Shared device / data bundle,Sponsor / CSR partner
508,44,Stable Achievers,4,0.258,1,2,health_support,Health & Attendance,0.0,2.5,2.5,2.015,5000,Medical vouchers + attendance follow-up,School health partner
855,34,Stable Achievers,4,0.257,1,2,health_support,Health & Attendance,0.0,2.5,2.5,2.015,5000,Medical vouchers + attendance follow-up,School health partner
790,31,Stable Achievers,5,0.255,1,2,health_support,Health & Attendance,0.0,2.5,2.5,2.009,5000,Medical vouchers + attendance follow-up,School health partner
461,31,Stable Achievers,5,0.25,1,2,academic_tutoring,Academic Tutoring,0.0,2.5,2.5,1.999,8000,Fund remedial / catch-up classes,School + education NGO
154,8,Stable Achievers,5,0.249,1,2,health_support,Health & Attendance,0.0,2.5,2.5,1.997,5000,Medical vouchers + attendance follow-up,School health partner
30,25,Stable Achievers,5,0.245,1,2,health_support,Health & Attendance,0.0,2.5,2.5,1.989,5000,Medical vouchers + attendance follow-up,School health partner
458,26,Stable Achievers,3,0.483,1,2,transport_support,Transport / Boarding,0.0,2.0,2.0,1.973,6000,Subsidize commute or boarding,Sponsor / County transport
452,15,Stable Achievers,5,0.233,1,2,health_support,Health & Attendance,0.0,2.5,2.5,1.967,5000,Medical vouchers + attendance follow-up,School health partner
446,30,Stable Achievers,3,0.473,1,2,transport_support,Transport / Boarding,0.0,2.0,2.0,1.957,6000,Subsidize commute or boarding,Sponsor / County transport
294,6,Stable Achievers,4,0.225,1,2,health_support,Health & Attendance,0.0,2.5,2.5,1.949,5000,Medical vouchers + attendance follow-up,School health partner
866,4,Stable Achievers,5,0.215,1,2,health_support,Health & Attendance,0.0,2.5,2.5,1.931,5000,Medical vouchers + attendance follow-up,School health partner
998,6,Stable Achievers,5,0.216,1,2,health_support,Health & Attendance,0.0,2.5,2.5,1.931,5000,Medical vouchers + attendance follow-up,School health partner
506,6,Stable Achievers,5,0.213,1,2,health_support,Health & Attendance,0.0,2.5,2.5,1.926,5000,Medical vouchers + attendance follow-up,School health partner
81,20,Stable Achievers,3,0.449,1,2,transport_support,Transport / Boarding,0.0,2.0,2.0,1.918,6000,Subsidize commute or boarding,Sponsor / County transport
4,31,Stable Achievers,4,0.448,1,2,transport_support,Transport / Boarding,0.0,2.0,2.0,1.917,6000,Subsidize commute or boarding,Sponsor / County transport
742,18,Stable Achievers,5,0.208,1,2,health_support,Health & Attendance,0.0,2.5,2.5,1.917,5000,Medical vouchers + attendance follow-up,School health partner
591,38,Stable Achievers,5,0.205,1,2,health_support,Health & Attendance,0.0,2.5,2.5,1.91,5000,Medical vouchers + attendance follow-up,School health partner
833,43,Stable Achievers,4,0.444,1,2,transport_support,Transport / Boarding,0.0,2.0,2.0,1.91,6000,Subsidize commute or boarding,Sponsor / County transport
475,36,Stable Achievers,5,0.196,1,2,health_support,Health & Attendance,0.0,2.5,2.5,1.892,5000,Medical vouchers + attendance follow-up,School health partner
655,35,Stable Achievers,3,0.431,1,2,transport_support,Transport / Boarding,0.0,2.0,2.0,1.89,6000,Subsidize commute or boarding,Sponsor / County transport
405,2,Stable Achievers,3,0.424,1,2,transport_support,Transport / Boarding,0.0,2.0,2.0,1.879,6000,Subsidize commute or boarding,Sponsor / County transport
645,14,Stable Achievers,4,0.189,1,2,health_support,Health & Attendance,0.0,2.5,2.5,1.878,5000,Medical vouchers + attendance follow-up,School health partner
665,15,Academic Strugglers,3,0.423,1,2,school_fee_support,School Fee Support,2.0,0.0,2.0,1.877,15000,Pay term fees / bursary,Sponsor / Bursary fund
892,10,Stable Achievers,3,0.421,1,2,transport_support,Transport / Boarding,0.0,2.0,2.0,1.873,6000,Subsidize commute or boarding,Sponsor / County transport
906,10,Stable Achievers,3,0.415,1,2,transport_support,Transport / Boarding,0.0,2.0,2.0,1.865,6000,Subsidize commute or boarding,Sponsor / County transport
205,38,Stable Achievers,5,0.18,1,2,health_support,Health & Attendance,0.0,2.5,2.5,1.86,5000,Medical vouchers + attendance follow-up,School health partner
178,27,Stable Achievers,3,0.407,0,2,transport_support,Transport / Boarding,0.0,2.0,2.0,1.85,6000,Subsidize commute or boarding,Sponsor / County transport
416,10,Stable Achievers,4,0.401,0,2,transport_support,Transport / Boarding,0.0,2.0,2.0,1.842,6000,Subsidize commute or boarding,Sponsor / County transport
691,37,Stable Achievers,3,0.399,1,2,transport_support,Transport / Boarding,0.0,2.0,2.0,1.839,6000,Subsidize commute or boarding,Sponsor / County transport
380,16,Stable Achievers,4,0.399,1,2,transport_support,Transport / Boarding,0.0,2.0,2.0,1.838,6000,Subsidize commute or boarding,Sponsor / County transport
439,38,Stable Achievers,4,0.39,1,2,transport_support,Transport / Boarding,0.0,2.0,2.0,1.824,6000,Subsidize commute or boarding,Sponsor / County transport
82,33,Stable Achievers,3,0.385,0,2,counseling,Psychosocial Counseling,0.0,2.0,2.0,1.816,4000,Counselor hours / peer support,School counseling unit
161,47,Stable Achievers,3,0.379,1,2,counseling,Psychosocial Counseling,0.0,2.0,2.0,1.806,4000,Counselor hours / peer support,School counseling unit
528,37,Stable Achievers,4,0.376,1,2,transport_support,Transport / Boarding,0.0,2.0,2.0,1.802,6000,Subsidize commute or boarding,Sponsor / County transport
140,15,Stable Achievers,4,0.374,1,2,transport_support,Transport / Boarding,0.0,2.0,2.0,1.799,6000,Subsidize commute or boarding,Sponsor / County transport
604,16,Stable Achievers,4,0.373,1,2,transport_support,Transport / Boarding,0.0,2.0,2.0,1.797,6000,Subsidize commute or boarding,Sponsor / County transport
108,24,Stable Achievers,4,0.37,1,2,transport_support,Transport / Boarding,0.0,2.0,2.0,1.792,6000,Subsidize commute or boarding,Sponsor / County transport
94,28,Stable Achievers,4,0.369,1,2,transport_support,Transport / Boarding,0.0,2.0,2.0,1.79,6000,Subsidize commute or boarding,Sponsor / County transport
1000,8,Stable Achievers,3,0.367,1,2,transport_support,Transport / Boarding,0.0,2.0,2.0,1.787,6000,Subsidize commute or boarding,Sponsor / County transport
626,25,Stable Achievers,4,0.366,1,2,transport_support,Transport / Boarding,0.0,2.0,2.0,1.785,6000,Subsidize commute or boarding,Sponsor / County transport
943,20,Stable Achievers,4,0.366,1,2,transport_support,Transport / Boarding,0.0,2.0,2.0,1.785,6000,Subsidize commute or boarding,Sponsor / County transport
500,12,Stable Achievers,4,0.364,1,2,counseling,Psychosocial Counseling,0.0,2.0,2.0,1.783,4000,Counselor hours / peer support,School counseling unit
927,2,Stable Achievers,3,0.364,1,2,counseling,Psychosocial Counseling,0.0,2.0,2.0,1.783,4000,Counselor hours / peer support,School counseling unit
860,42,Stable Achievers,3,0.364,1,2,transport_support,Transport / Boarding,0.0,2.0,2.0,1.782,6000,Subsidize commute or boarding,Sponsor / County transport
478,18,Stable Achievers,4,0.362,1,2,transport_support,Transport / Boarding,0.0,2.0,2.0,1.779,6000,Subsidize commute or boarding,Sponsor / County transport
25,14,Stable Achievers,4,0.359,1,2,transport_support,Transport / Boarding,0.0,2.0,2.0,1.775,6000,Subsidize commute or boarding,Sponsor / County transport
173,44,Stable Achievers,4,0.352,1,2,transport_support,Transport / Boarding,0.0,2.0,2.0,1.764,6000,Subsidize commute or boarding,Sponsor / County transport
242,31,Stable Achievers,4,0.352,1,2,transport_support,Transport / Boarding,0.0,2.0,2.0,1.764,6000,Subsidize commute or boarding,Sponsor / County transport
314,38,Stable Achievers,3,0.345,1,2,transport_support,Transport / Boarding,0.0,2.0,2.0,1.752,6000,Subsidize commute or boarding,Sponsor / County transport
996,17,Stable Achievers,4,0.344,1,2,counseling,Psychosocial Counseling,0.0,2.0,2.0,1.75,4000,Counselor hours / peer support,School counseling unit
414,4,Stable Achievers,4,0.34,1,2,transport_support,Transport / Boarding,0.0,2.0,2.0,1.744,6000,Subsidize commute or boarding,Sponsor / County transport
181,15,Stable Achievers,4,0.337,1,2,transport_support,Transport / Boarding,0.0,2.0,2.0,1.74,6000,Subsidize commute or boarding,Sponsor / County transport
266,36,Stable Achievers,4,0.336,1,2,counseling,Psychosocial Counseling,0.0,2.0,2.0,1.738,4000,Counselor hours / peer support,School counseling unit
356,8,Stable Achievers,3,0.335,1,2,transport_support,Transport / Boarding,0.0,2.0,2.0,1.736,6000,Subsidize commute or boarding,Sponsor / County transport
175,27,Stable Achievers,4,0.334,1,2,transport_support,Transport / Boarding,0.0,2.0,2.0,1.734,6000,Subsidize commute or boarding,Sponsor / County transport
402,37,Academic Strugglers,3,0.33,1,2,school_fee_support,School Fee Support,2.0,0.0,2.0,1.728,15000,Pay term fees / bursary,Sponsor / Bursary fund
568,33,Stable Achievers,3,0.328,1,2,transport_support,Transport / Boarding,0.0,2.0,2.0,1.725,6000,Subsidize commute or boarding,Sponsor / County transport
297,30,Stable Achievers,4,0.326,1,2,transport_support,Transport / Boarding,0.0,2.0,2.0,1.721,6000,Subsidize commute or boarding,Sponsor / County transport
951,37,Stable Achievers,4,0.325,1,2,transport_support,Transport / Boarding,0.0,2.0,2.0,1.721,6000,Subsidize commute or boarding,Sponsor / County transport
298,5,Academic Strugglers,3,0.322,1,2,school_fee_support,School Fee Support,2.0,0.0,2.0,1.716,15000,Pay term fees / bursary,Sponsor / Bursary fund
7,4,Stable Achievers,4,0.314,1,2,transport_support,Transport / Boarding,0.0,2.0,2.0,1.703,6000,Subsidize commute or boarding,Sponsor / County transport
963,10,Stable Achievers,3,0.314,1,2,counseling,Psychosocial Counseling,0.0,2.0,2.0,1.702,4000,Counselor hours / peer support,School counseling unit
158,2,Stable Achievers,5,0.313,1,2,transport_support,Transport / Boarding,0.0,2.0,2.0,1.701,6000,Subsidize commute or boarding,Sponsor / County transport
705,7,Stable Achievers,4,0.313,1,2,transport_support,Transport / Boarding,0.0,2.0,2.0,1.701,6000,Subsidize commute or boarding,Sponsor / County transport
763,9,Stable Achievers,4,0.312,1,2,transport_support,Transport / Boarding,0.0,2.0,2.0,1.7,6000,Subsidize commute or boarding,Sponsor / County transport
874,37,Stable Achievers,4,0.309,1,2,transport_support,Transport / Boarding,0.0,2.0,2.0,1.694,6000,Subsidize commute or boarding,Sponsor / County transport
859,9,Stable Achievers,4,0.308,1,2,transport_support,Transport / Boarding,0.0,2.0,2.0,1.692,6000,Subsidize commute or boarding,Sponsor / County transport
611,14,Stable Achievers,3,0.303,1,2,transport_support,Transport / Boarding,0.0,2.0,2.0,1.685,6000,Subsidize commute or boarding,Sponsor / County transport
23,35,Stable Achievers,4,0.299,1,2,transport_support,Transport / Boarding,0.0,2.0,2.0,1.678,6000,Subsidize commute or boarding,Sponsor / County transport
593,3,Stable Achievers,4,0.295,1,2,transport_support,Transport / Boarding,0.0,2.0,2.0,1.672,6000,Subsidize commute or boarding,Sponsor / County transport
799,34,Stable Achievers,4,0.295,1,2,transport_support,Transport / Boarding,0.0,2.0,2.0,1.672,6000,Subsidize commute or boarding,Sponsor / County transport
649,33,Stable Achievers,4,0.295,1,2,transport_support,Transport / Boarding,0.0,2.0,2.0,1.671,6000,Subsidize commute or boarding,Sponsor / County transport
119,2,Stable Achievers,5,0.294,1,2,transport_support,Transport / Boarding,0.0,2.0,2.0,1.67,6000,Subsidize commute or boarding,Sponsor / County transport
313,12,Stable Achievers,5,0.293,1,2,transport_support,Transport / Boarding,0.0,2.0,2.0,1.669,6000,Subsidize commute or boarding,Sponsor / County transport
47,40,Stable Achievers,4,0.29,1,2,transport_support,Transport / Boarding,0.0,2.0,2.0,1.664,6000,Subsidize commute or boarding,Sponsor / County transport
12,38,Stable Achievers,5,0.287,1,2,transport_support,Transport / Boarding,0.0,2.0,2.0,1.659,6000,Subsidize commute or boarding,Sponsor / County transport
864,4,Stable Achievers,5,0.284,1,2,transport_support,Transport / Boarding,0.0,2.0,2.0,1.655,6000,Subsidize commute or boarding,Sponsor / County transport
994,28,Stable Achievers,5,0.283,1,2,transport_support,Transport / Boarding,0.0,2.0,2.0,1.654,6000,Subsidize commute or boarding,Sponsor / County transport
146,37,Stable Achievers,4,0.283,1,2,transport_support,Transport / Boarding,0.0,2.0,2.0,1.653,6000,Subsidize commute or boarding,Sponsor / County transport
772,15,Health-Constrained,5,0.282,1,2,school_fee_support,School Fee Support,2.0,0.0,2.0,1.651,15000,Pay term fees / bursary,Sponsor / Bursary fund
708,20,Stable Achievers,2,0.429,1,2,academic_tutoring,Academic Tutoring,0.0,1.75,1.75,1.65,8000,Fund remedial / catch-up classes,School + education NGO
926,44,Stable Achievers,3,0.409,1,2,academic_tutoring,Academic Tutoring,0.0,1.75,1.75,1.622,8000,Fund remedial / catch-up classes,School + education NGO
723,12,Stable Achievers,5,0.249,1,2,transport_support,Transport / Boarding,0.0,2.0,2.0,1.598,6000,Subsidize commute or boarding,Sponsor / County transport
783,2,Stable Achievers,4,0.385,1,2,digital_access,Digital Access Kit,1.0,0.75,1.75,1.589,7000,Shared device / data bundle,Sponsor / CSR partner
413,26,Stable Achievers,3,0.376,1,2,health_support,Health & Attendance,0.0,1.75,1.75,1.576,5000,Medical vouchers + attendance follow-up,School health partner
391,2,Stable Achievers,3,0.372,1,2,health_support,Health & Attendance,0.0,1.75,1.75,1.571,5000,Medical vouchers + attendance follow-up,School health partner
786,29,Stable Achievers,4,0.369,1,2,academic_tutoring,Academic Tutoring,0.0,1.75,1.75,1.567,8000,Fund remedial / catch-up classes,School + education NGO
387,35,Stable Achievers,3,0.367,1,2,health_support,Health & Attendance,0.0,1.75,1.75,1.564,5000,Medical vouchers + attendance follow-up,School health partner
48,1,Stable Achievers,5,0.226,1,2,transport_support,Transport / Boarding,0.0,2.0,2.0,1.562,6000,Subsidize commute or boarding,Sponsor / County transport
183,9,Stable Achievers,5,0.225,1,2,transport_support,Transport / Boarding,0.0,2.0,2.0,1.56,6000,Subsidize commute or boarding,Sponsor / County transport
332,3,Stable Achievers,4,0.364,1,2,digital_access,Digital Access Kit,1.0,0.75,1.75,1.559,7000,Shared device / data bundle,Sponsor / CSR partner
152,30,Stable Achievers,5,0.221,0,2,transport_support,Transport / Boarding,0.0,2.0,2.0,1.553,6000,Subsidize commute or boarding,Sponsor / County transport
130,43,Stable Achievers,5,0.217,1,2,transport_support,Transport / Boarding,0.0,2.0,2.0,1.546,6000,Subsidize commute or boarding,Sponsor / County transport
114,28,Stable Achievers,5,0.213,1,2,transport_support,Transport / Boarding,0.0,2.0,2.0,1.541,6000,Subsidize commute or boarding,Sponsor / County transport
33,31,Stable Achievers,4,0.349,1,2,health_support,Health & Attendance,0.0,1.75,1.75,1.538,5000,Medical vouchers + attendance follow-up,School health partner
549,6,Stable Achievers,4,0.337,1,2,digital_access,Digital Access Kit,1.0,0.75,1.75,1.522,7000,Shared device / data bundle,Sponsor / CSR partner
884,23,Stable Achievers,4,0.337,0,2,academic_tutoring,Academic Tutoring,0.0,1.75,1.75,1.522,8000,Fund remedial / catch-up classes,School + education NGO
395,28,Stable Achievers,4,0.329,1,2,digital_access,Digital Access Kit,1.0,0.75,1.75,1.511,7000,Shared device / data bundle,Sponsor / CSR partner
588,21,Stable Achievers,4,0.326,1,2,health_support,Health & Attendance,0.0,1.75,1.75,1.507,5000,Medical vouchers + attendance follow-up,School health partner
29,6,Stable Achievers,4,0.322,1,2,health_support,Health & Attendance,0.0,1.75,1.75,1.501,5000,Medical vouchers + attendance follow-up,School health partner
481,29,Stable Achievers,5,0.321,1,2,academic_tutoring,Academic Tutoring,0.0,1.75,1.75,1.499,8000,Fund remedial / catch-up classes,School + education NGO
631,10,Stable Achievers,5,0.187,1,2,transport_support,Transport / Boarding,0.0,2.0,2.0,1.499,6000,Subsidize commute or boarding,Sponsor / County transport
316,20,Stable Achievers,4,0.318,1,2,academic_tutoring,Academic Tutoring,0.0,1.75,1.75,1.495,8000,Fund remedial / catch-up classes,School + education NGO
726,37,Stable Achievers,5,0.181,1,2,transport_support,Transport / Boarding,0.0,2.0,2.0,1.49,6000,Subsidize commute or boarding,Sponsor / County transport
529,15,Stable Achievers,4,0.3,1,2,digital_access,Digital Access Kit,1.0,0.75,1.75,1.47,7000,Shared device / data bundle,Sponsor / CSR partner
779,27,Health-Constrained,5,0.165,1,2,school_fee_support,School Fee Support,2.0,0.0,2.0,1.464,15000,Pay term fees / bursary,Sponsor / Bursary fund
288,17,Stable Achievers,4,0.294,1,2,digital_access,Digital Access Kit,1.0,0.75,1.75,1.462,7000,Shared device / data bundle,Sponsor / CSR partner
187,12,Stable Achievers,4,0.292,1,2,digital_access,Digital Access Kit,1.0,0.75,1.75,1.459,7000,Shared device / data bundle,Sponsor / CSR partner
699,30,Stable Achievers,4,0.287,1,2,academic_tutoring,Academic Tutoring,0.0,1.75,1.75,1.452,8000,Fund remedial / catch-up classes,School + education NGO
296,18,Stable Achievers,4,0.285,1,2,digital_access,Digital Access Kit,1.0,0.75,1.75,1.449,7000,Shared device / data bundle,Sponsor / CSR partner
374,35,Stable Achievers,4,0.285,1,2,digital_access,Digital Access Kit,1.0,0.75,1.75,1.449,7000,Shared device / data bundle,Sponsor / CSR partner
563,43,Stable Achievers,4,0.28,1,2,digital_access,Digital Access Kit,1.0,0.75,1.75,1.443,7000,Shared device / data bundle,Sponsor / CSR partner
820,35,Stable Achievers,4,0.277,1,2,health_support,Health & Attendance,0.0,1.75,1.75,1.438,5000,Medical vouchers + attendance follow-up,School health partner
550,21,Stable Achievers,4,0.275,1,2,health_support,Health & Attendance,0.0,1.75,1.75,1.435,5000,Medical vouchers + attendance follow-up,School health partner
106,20,Stable Achievers,4,0.273,1,2,digital_access,Digital Access Kit,1.0,0.75,1.75,1.432,7000,Shared device / data bundle,Sponsor / CSR partner
425,12,Stable Achievers,4,0.272,1,2,health_support,Health & Attendance,0.0,1.75,1.75,1.431,5000,Medical vouchers + attendance follow-up,School health partner
915,47,Stable Achievers,4,0.272,1,2,digital_access,Digital Access Kit,1.0,0.75,1.75,1.431,7000,Shared device / data bundle,Sponsor / CSR partner
122,25,Stable Achievers,5,0.265,1,2,academic_tutoring,Academic Tutoring,0.0,1.75,1.75,1.422,8000,Fund remedial / catch-up classes,School + education NGO
5,18,Stable Achievers,4,0.264,1,2,digital_access,Digital Access Kit,1.0,0.75,1.75,1.42,7000,Shared device / data bundle,Sponsor / CSR partner
862,29,Stable Achievers,4,0.261,0,2,health_support,Health & Attendance,0.0,1.75,1.75,1.416,5000,Medical vouchers + attendance follow-up,School health partner
979,1,Stable Achievers,4,0.261,1,2,health_support,Health & Attendance,0.0,1.75,1.75,1.416,5000,Medical vouchers + attendance follow-up,School health partner
700,37,Stable Achievers,4,0.26,1,2,digital_access,Digital Access Kit,1.0,0.75,1.75,1.414,7000,Shared device / data bundle,Sponsor / CSR partner
300,13,Stable Achievers,4,0.259,1,2,digital_access,Digital Access Kit,1.0,0.75,1.75,1.412,7000,Shared device / data bundle,Sponsor / CSR partner
244,42,Stable Achievers,4,0.255,1,2,digital_access,Digital Access Kit,1.0,0.75,1.75,1.407,7000,Shared device / data bundle,Sponsor / CSR partner
613,2,Stable Achievers,4,0.255,1,2,health_support,Health & Attendance,0.0,1.75,1.75,1.406,5000,Medical vouchers + attendance follow-up,School health partner
976,24,Stable Achievers,4,0.253,1,2,digital_access,Digital Access Kit,1.0,0.75,1.75,1.404,7000,Shared device / data bundle,Sponsor / CSR partner
111,2,Stable Achievers,5,0.251,1,2,digital_access,Digital Access Kit,1.0,0.75,1.75,1.401,7000,Shared device / data bundle,Sponsor / CSR partner
301,3,Stable Achievers,4,0.251,1,2,health_support,Health & Attendance,0.0,1.75,1.75,1.401,5000,Medical vouchers + attendance follow-up,School health partner
304,15,Stable Achievers,5,0.248,1,2,digital_access,Digital Access Kit,1.0,0.75,1.75,1.398,7000,Shared device / data bundle,Sponsor / CSR partner
596,6,Stable Achievers,5,0.246,1,2,health_support,Health & Attendance,0.0,1.75,1.75,1.395,5000,Medical vouchers + attendance follow-up,School health partner
246,17,Stable Achievers,4,0.234,1,2,digital_access,Digital Access Kit,1.0,0.75,1.75,1.378,7000,Shared device / data bundle,Sponsor / CSR partner
197,47,Stable Achievers,5,0.231,1,2,health_support,Health & Attendance,0.0,1.75,1.75,1.373,5000,Medical vouchers + attendance follow-up,School health partner
110,23,Stable Achievers,4,0.23,0,2,digital_access,Digital Access Kit,1.0,0.75,1.75,1.372,7000,Shared device / data bundle,Sponsor / CSR partner
871,15,Stable Achievers,3,0.394,1,2,academic_tutoring,Academic Tutoring,0.0,1.5,1.5,1.372,8000,Fund remedial / catch-up classes,School + education NGO
785,14,Stable Achievers,3,0.389,1,2,school_fee_support,School Fee Support,0.0,1.5,1.5,1.367,15000,Pay term fees / bursary,Sponsor / Bursary fund
778,29,Stable Achievers,5,0.226,1,2,health_support,Health & Attendance,0.0,1.75,1.75,1.366,5000,Medical vouchers + attendance follow-up,School health partner
857,3,Stable Achievers,5,0.226,1,2,digital_access,Digital Access Kit,1.0,0.75,1.75,1.366,7000,Shared device / data bundle,Sponsor / CSR partner
744,5,Stable Achievers,5,0.224,1,2,health_support,Health & Attendance,0.0,1.75,1.75,1.363,5000,Medical vouchers + attendance follow-up,School health partner
421,16,Stable Achievers,4,0.223,1,2,health_support,Health & Attendance,0.0,1.75,1.75,1.362,5000,Medical vouchers + attendance follow-up,School health partner
370,13,Stable Achievers,4,0.221,1,2,digital_access,Digital Access Kit,1.0,0.75,1.75,1.36,7000,Shared device / data bundle,Sponsor / CSR partner
615,27,Stable Achievers,4,0.216,1,2,health_support,Health & Attendance,0.0,1.75,1.75,1.352,5000,Medical vouchers + attendance follow-up,School health partner
72,45,Stable Achievers,5,0.213,1,2,digital_access,Digital Access Kit,1.0,0.75,1.75,1.348,7000,Shared device / data bundle,Sponsor / CSR partner
35,22,Stable Achievers,3,0.37,1,2,school_fee_support,School Fee Support,0.0,1.5,1.5,1.344,15000,Pay term fees / bursary,Sponsor / Bursary fund
378,32,Stable Achievers,5,0.207,1,2,health_support,Health & Attendance,0.0,1.75,1.75,1.339,5000,Medical vouchers + attendance follow-up,School health partner
561,20,Stable Achievers,4,0.205,1,2,health_support,Health & Attendance,0.0,1.75,1.75,1.338,5000,Medical vouchers + attendance follow-up,School health partner
2,9,Stable Achievers,3,0.36,1,2,school_fee_support,School Fee Support,0.0,1.5,1.5,1.332,15000,Pay term fees / bursary,Sponsor / Bursary fund
444,24,Stable Achievers,4,0.202,1,2,digital_access,Digital Access Kit,1.0,0.75,1.75,1.332,7000,Shared device / data bundle,Sponsor / CSR partner
505,16,Stable Achievers,5,0.201,1,2,health_support,Health & Attendance,0.0,1.75,1.75,1.331,5000,Medical vouchers + attendance follow-up,School health partner
129,9,Stable Achievers,5,0.2,1,2,digital_access,Digital Access Kit,1.0,0.75,1.75,1.33,7000,Shared device / data bundle,Sponsor / CSR partner
512,35,Stable Achievers,4,0.359,1,2,school_fee_support,School Fee Support,0.0,1.5,1.5,1.33,15000,Pay term fees / bursary,Sponsor / Bursary fund
533,37,Stable Achievers,3,0.353,1,2,school_fee_support,School Fee Support,0.0,1.5,1.5,1.324,15000,Pay term fees / bursary,Sponsor / Bursary fund
756,17,Stable Achievers,2,0.352,0,2,school_fee_support,School Fee Support,0.0,1.5,1.5,1.322,15000,Pay term fees / bursary,Sponsor / Bursary fund
150,42,Stable Achievers,5,0.192,1,2,health_support,Health & Attendance,0.0,1.75,1.75,1.319,5000,Medical vouchers + attendance follow-up,School health partner
265,25,Stable Achievers,2,0.349,1,2,school_fee_support,School Fee Support,0.0,1.5,1.5,1.318,15000,Pay term fees / bursary,Sponsor / Bursary fund
293,3,Stable Achievers,2,0.347,1,2,school_fee_support,School Fee Support,0.0,1.5,1.5,1.316,15000,Pay term fees / bursary,Sponsor / Bursary fund
186,45,Stable Achievers,3,0.344,1,2,school_fee_support,School Fee Support,0.0,1.5,1.5,1.313,15000,Pay term fees / bursary,Sponsor / Bursary fund
633,3,Stable Achievers,3,0.344,1,2,school_fee_support,School Fee Support,0.0,1.5,1.5,1.312,15000,Pay term fees / bursary,Sponsor / Bursary fund
143,29,Stable Achievers,3,0.342,0,2,school_fee_support,School Fee Support,0.0,1.5,1.5,1.311,15000,Pay term fees / bursary,Sponsor / Bursary fund
484,45,Stable Achievers,5,0.185,1,2,digital_access,Digital Access Kit,1.0,0.75,1.75,1.309,7000,Shared device / data bundle,Sponsor / CSR partner
753,12,Stable Achievers,4,0.34,1,2,school_fee_support,School Fee Support,0.0,1.5,1.5,1.308,15000,Pay term fees / bursary,Sponsor / Bursary fund
477,34,Stable Achievers,5,0.184,1,2,health_support,Health & Attendance,0.0,1.75,1.75,1.307,5000,Medical vouchers + attendance follow-up,School health partner
195,37,Stable Achievers,4,0.338,1,2,academic_tutoring,Academic Tutoring,0.0,1.5,1.5,1.306,8000,Fund remedial / catch-up classes,School + education NGO
663,38,Stable Achievers,3,0.338,1,2,school_fee_support,School Fee Support,0.0,1.5,1.5,1.306,15000,Pay term fees / bursary,Sponsor / Bursary fund
262,46,Stable Achievers,5,0.182,0,2,digital_access,Digital Access Kit,1.0,0.75,1.75,1.305,7000,Shared device / data bundle,Sponsor / CSR partner
878,20,Stable Achievers,4,0.182,1,2,digital_access,Digital Access Kit,1.0,0.75,1.75,1.305,7000,Shared device / data bundle,Sponsor / CSR partner
85,4,Stable Achievers,5,0.178,1,2,digital_access,Digital Access Kit,1.0,0.75,1.75,1.299,7000,Shared device / data bundle,Sponsor / CSR partner
162,14,Stable Achievers,4,0.333,1,2,school_fee_support,School Fee Support,0.0,1.5,1.5,1.299,15000,Pay term fees / bursary,Sponsor / Bursary fund
372,30,Stable Achievers,4,0.322,1,2,school_fee_support,School Fee Support,0.0,1.5,1.5,1.287,15000,Pay term fees / bursary,Sponsor / Bursary fund
460,42,Stable Achievers,4,0.322,1,2,school_fee_support,School Fee Support,0.0,1.5,1.5,1.286,15000,Pay term fees / bursary,Sponsor / Bursary fund
254,32,Stable Achievers,5,0.167,1,2,digital_access,Digital Access Kit,1.0,0.75,1.75,1.284,7000,Shared device / data bundle,Sponsor / CSR partner
836,27,Stable Achievers,3,0.318,1,2,school_fee_support,School Fee Support,0.0,1.5,1.5,1.282,15000,Pay term fees / bursary,Sponsor / Bursary fund
538,42,Stable Achievers,3,0.315,1,2,school_fee_support,School Fee Support,0.0,1.5,1.5,1.278,15000,Pay term fees / bursary,Sponsor / Bursary fund
845,39,Stable Achievers,5,0.161,1,2,digital_access,Digital Access Kit,1.0,0.75,1.75,1.276,7000,Shared device / data bundle,Sponsor / CSR partner
403,34,Stable Achievers,5,0.16,1,2,health_support,Health & Attendance,0.0,1.75,1.75,1.274,5000,Medical vouchers + attendance follow-up,School health partner
740,10,Stable Achievers,5,0.157,1,2,digital_access,Digital Access Kit,1.0,0.75,1.75,1.27,7000,Shared device / data bundle,Sponsor / CSR partner
839,17,Stable Achievers,2,0.307,1,2,school_fee_support,School Fee Support,0.0,1.5,1.5,1.269,15000,Pay term fees / bursary,Sponsor / Bursary fund
711,12,Stable Achievers,4,0.296,1,2,school_fee_support,School Fee Support,0.0,1.5,1.5,1.255,15000,Pay term fees / bursary,Sponsor / Bursary fund
241,47,Stable Achievers,5,0.145,1,2,digital_access,Digital Access Kit,1.0,0.75,1.75,1.253,7000,Shared device / data bundle,Sponsor / CSR partner
371,38,Stable Achievers,5,0.135,1,2,digital_access,Digital Access Kit,1.0,0.75,1.75,1.239,7000,Shared device / data bundle,Sponsor / CSR partner
609,24,Stable Achievers,5,0.135,1,2,digital_access,Digital Access Kit,1.0,0.75,1.75,1.238,7000,Shared device / data bundle,Sponsor / CSR partner
367,7,Stable Achievers,4,0.269,1,2,school_fee_support,School Fee Support,0.0,1.5,1.5,1.223,15000,Pay term fees / bursary,Sponsor / Bursary fund
692,25,Stable Achievers,5,0.124,1,2,digital_access,Digital Access Kit,1.0,0.75,1.75,1.223,7000,Shared device / data bundle,Sponsor / CSR partner
745,45,Stable Achievers,5,0.112,1,2,health_support,Health & Attendance,0.0,1.75,1.75,1.207,5000,Medical vouchers + attendance follow-up,School health partner
502,47,Stable Achievers,5,0.248,1,2,health_support,Health & Attendance,0.0,1.5,1.5,1.197,5000,Medical vouchers + attendance follow-up,School health partner
828,33,Stable Achievers,5,0.244,1,2,academic_tutoring,Academic Tutoring,0.0,1.5,1.5,1.193,8000,Fund remedial / catch-up classes,School + education NGO
62,10,Stable Achievers,3,0.389,1,2,digital_access,Digital Access Kit,1.0,0.0,1.0,0.911,7000,Shared device / data bundle,Sponsor / CSR partner
248,15,Stable Achievers,3,0.385,1,2,digital_access,Digital Access Kit,1.0,0.0,1.0,0.908,7000,Shared device / data bundle,Sponsor / CSR partner
236,27,Stable Achievers,3,0.378,1,2,digital_access,Digital Access Kit,1.0,0.0,1.0,0.903,7000,Shared device / data bundle,Sponsor / CSR partner
921,34,Stable Achievers,3,0.37,1,2,digital_access,Digital Access Kit,1.0,0.0,1.0,0.896,7000,Shared device / data bundle,Sponsor / CSR partner
905,42,Stable Achievers,4,0.369,1,2,digital_access,Digital Access Kit,1.0,0.0,1.0,0.895,7000,Shared device / data bundle,Sponsor / CSR partner
803,30,Stable Achievers,3,0.368,0,2,digital_access,Digital Access Kit,1.0,0.0,1.0,0.894,7000,Shared device / data bundle,Sponsor / CSR partner
466,41,Stable Achievers,3,0.358,1,2,digital_access,Digital Access Kit,1.0,0.0,1.0,0.886,7000,Shared device / data bundle,Sponsor / CSR partner
422,10,Stable Achievers,3,0.352,1,2,transport_support,Transport / Boarding,0.0,1.0,1.0,0.882,6000,Subsidize commute or boarding,Sponsor / County transport
882,33,Stable Achievers,4,0.333,1,2,health_support,Health & Attendance,0.0,1.0,1.0,0.866,5000,Medical vouchers + attendance follow-up,School health partner
964,19,Stable Achievers,4,0.326,1,2,digital_access,Digital Access Kit,1.0,0.0,1.0,0.86,7000,Shared device / data bundle,Sponsor / CSR partner
32,39,Stable Achievers,4,0.324,1,2,digital_access,Digital Access Kit,1.0,0.0,1.0,0.859,7000,Shared device / data bundle,Sponsor / CSR partner
97,8,Stable Achievers,4,0.32,1,2,digital_access,Digital Access Kit,1.0,0.0,1.0,0.856,7000,Shared device / data bundle,Sponsor / CSR partner
771,21,Stable Achievers,3,0.321,1,2,health_support,Health & Attendance,0.0,1.0,1.0,0.856,5000,Medical vouchers + attendance follow-up,School health partner
101,22,Stable Achievers,4,0.314,1,2,transport_support,Transport / Boarding,0.0,1.0,1.0,0.851,6000,Subsidize commute or boarding,Sponsor / County transport
112,32,Stable Achievers,3,0.314,1,2,digital_access,Digital Access Kit,1.0,0.0,1.0,0.851,7000,Shared device / data bundle,Sponsor / CSR partner
913,26,Stable Achievers,3,0.313,1,2,transport_support,Transport / Boarding,0.0,1.0,1.0,0.85,6000,Subsidize commute or boarding,Sponsor / County transport
970,4,Stable Achievers,3,0.31,1,2,digital_access,Digital Access Kit,1.0,0.0,1.0,0.848,7000,Shared device / data bundle,Sponsor / CSR partner
672,19,Stable Achievers,4,0.305,1,2,transport_support,Transport / Boarding,0.0,1.0,1.0,0.844,6000,Subsidize commute or boarding,Sponsor / County transport
137,33,Stable Achievers,4,0.301,1,2,digital_access,Digital Access Kit,1.0,0.0,1.0,0.841,7000,Shared device / data bundle,Sponsor / CSR partner
90,11,Stable Achievers,4,0.3,1,2,digital_access,Digital Access Kit,1.0,0.0,1.0,0.84,7000,Shared device / data bundle,Sponsor / CSR partner
504,8,Stable Achievers,5,0.299,1,2,digital_access,Digital Access Kit,1.0,0.0,1.0,0.839,7000,Shared device / data bundle,Sponsor / CSR partner
661,20,Stable Achievers,3,0.298,1,2,digital_access,Digital Access Kit,1.0,0.0,1.0,0.838,7000,Shared device / data bundle,Sponsor / CSR partner
934,20,Stable Achievers,3,0.296,1,2,digital_access,Digital Access Kit,1.0,0.0,1.0,0.837,7000,Shared device / data bundle,Sponsor / CSR partner
531,39,Stable Achievers,4,0.295,1,2,transport_support,Transport / Boarding,0.0,1.0,1.0,0.836,6000,Subsidize commute or boarding,Sponsor / County transport
908,32,Stable Achievers,4,0.294,1,2,digital_access,Digital Access Kit,1.0,0.0,1.0,0.835,7000,Shared device / data bundle,Sponsor / CSR partner
118,1,Stable Achievers,4,0.292,1,2,digital_access,Digital Access Kit,1.0,0.0,1.0,0.834,7000,Shared device / data bundle,Sponsor / CSR partner
590,36,Stable Achievers,3,0.29,1,2,digital_access,Digital Access Kit,1.0,0.0,1.0,0.832,7000,Shared device / data bundle,Sponsor / CSR partner
770,21,Stable Achievers,4,0.289,1,2,transport_support,Transport / Boarding,0.0,1.0,1.0,0.831,6000,Subsidize commute or boarding,Sponsor / County transport
210,37,Stable Achievers,4,0.288,1,2,digital_access,Digital Access Kit,1.0,0.0,1.0,0.83,7000,Shared device / data bundle,Sponsor / CSR partner
660,39,Stable Achievers,4,0.285,1,2,health_support,Health & Attendance,0.0,1.0,1.0,0.828,5000,Medical vouchers + attendance follow-up,School health partner
811,18,Stable Achievers,4,0.283,1,2,transport_support,Transport / Boarding,0.0,1.0,1.0,0.826,6000,Subsidize commute or boarding,Sponsor / County transport
858,44,Stable Achievers,3,0.282,1,2,digital_access,Digital Access Kit,1.0,0.0,1.0,0.826,7000,Shared device / data bundle,Sponsor / CSR partner
278,17,Stable Achievers,5,0.279,1,2,transport_support,Transport / Boarding,0.0,1.0,1.0,0.823,6000,Subsidize commute or boarding,Sponsor / County transport
496,4,Stable Achievers,4,0.275,1,2,digital_access,Digital Access Kit,1.0,0.0,1.0,0.82,7000,Shared device / data bundle,Sponsor / CSR partner
565,21,Stable Achievers,4,0.273,1,2,digital_access,Digital Access Kit,1.0,0.0,1.0,0.818,7000,Shared device / data bundle,Sponsor / CSR partner
930,11,Stable Achievers,4,0.273,1,2,digital_access,Digital Access Kit,1.0,0.0,1.0,0.818,7000,Shared device / data bundle,Sponsor / CSR partner
624,40,Stable Achievers,4,0.272,1,2,digital_access,Digital Access Kit,1.0,0.0,1.0,0.817,7000,Shared device / data bundle,Sponsor / CSR partner
351,27,Stable Achievers,4,0.27,1,2,transport_support,Transport / Boarding,0.0,1.0,1.0,0.816,6000,Subsidize commute or boarding,Sponsor / County transport
44,21,Stable Achievers,3,0.268,1,2,health_support,Health & Attendance,0.0,1.0,1.0,0.814,5000,Medical vouchers + attendance follow-up,School health partner
579,34,Stable Achievers,5,0.267,1,2,digital_access,Digital Access Kit,1.0,0.0,1.0,0.814,7000,Shared device / data bundle,Sponsor / CSR partner
696,10,Stable Achievers,4,0.26,0,2,digital_access,Digital Access Kit,1.0,0.0,1.0,0.808,7000,Shared device / data bundle,Sponsor / CSR partner
567,33,Stable Achievers,5,0.258,1,2,digital_access,Digital Access Kit,1.0,0.0,1.0,0.807,7000,Shared device / data bundle,Sponsor / CSR partner
831,18,Stable Achievers,4,0.257,1,2,transport_support,Transport / Boarding,0.0,1.0,1.0,0.806,6000,Subsidize commute or boarding,Sponsor / County transport
125,35,Stable Achievers,5,0.251,1,2,digital_access,Digital Access Kit,1.0,0.0,1.0,0.801,7000,Shared device / data bundle,Sponsor / CSR partner
677,40,Stable Achievers,4,0.251,1,2,digital_access,Digital Access Kit,1.0,0.0,1.0,0.801,7000,Shared device / data bundle,Sponsor / CSR partner
718,14,Stable Achievers,4,0.251,1,2,digital_access,Digital Access Kit,1.0,0.0,1.0,0.801,7000,Shared device / data bundle,Sponsor / CSR partner
975,12,Stable Achievers,5,0.248,1,2,digital_access,Digital Access Kit,1.0,0.0,1.0,0.798,7000,Shared device / data bundle,Sponsor / CSR partner
346,27,Stable Achievers,4,0.241,1,2,digital_access,Digital Access Kit,1.0,0.0,1.0,0.793,7000,Shared device / data bundle,Sponsor / CSR partner
393,19,Stable Achievers,4,0.241,1,2,digital_access,Digital Access Kit,1.0,0.0,1.0,0.793,7000,Shared device / data bundle,Sponsor / CSR partner
575,14,Stable Achievers,4,0.241,0,2,digital_access,Digital Access Kit,1.0,0.0,1.0,0.793,7000,Shared device / data bundle,Sponsor / CSR partner
247,37,Stable Achievers,4,0.24,1,2,health_support,Health & Attendance,0.0,1.0,1.0,0.792,5000,Medical vouchers + attendance follow-up,School health partner
234,4,Stable Achievers,4,0.239,1,2,digital_access,Digital Access Kit,1.0,0.0,1.0,0.791,7000,Shared device / data bundle,Sponsor / CSR partner
767,7,Stable Achievers,4,0.238,1,2,digital_access,Digital Access Kit,1.0,0.0,1.0,0.791,7000,Shared device / data bundle,Sponsor / CSR partner
797,26,Stable Achievers,4,0.236,1,2,health_support,Health & Attendance,0.0,1.0,1.0,0.789,5000,Medical vouchers + attendance follow-up,School health partner
899,2,Stable Achievers,5,0.236,1,2,digital_access,Digital Access Kit,1.0,0.0,1.0,0.789,7000,Shared device / data bundle,Sponsor / CSR partner
59,32,Stable Achievers,4,0.236,1,2,transport_support,Transport / Boarding,0.0,1.0,1.0,0.788,6000,Subsidize commute or boarding,Sponsor / County transport
71,22,Stable Achievers,4,0.235,1,2,digital_access,Digital Access Kit,1.0,0.0,1.0,0.788,7000,Shared device / data bundle,Sponsor / CSR partner
902,46,Stable Achievers,5,0.236,1,2,digital_access,Digital Access Kit,1.0,0.0,1.0,0.788,7000,Shared device / data bundle,Sponsor / CSR partner
834,36,Stable Achievers,5,0.233,1,2,health_support,Health & Attendance,0.0,1.0,1.0,0.787,5000,Medical vouchers + attendance follow-up,School health partner
222,31,Stable Achievers,4,0.232,1,2,digital_access,Digital Access Kit,1.0,0.0,1.0,0.786,7000,Shared device / data bundle,Sponsor / CSR partner
520,27,Stable Achievers,4,0.228,1,2,digital_access,Digital Access Kit,1.0,0.0,1.0,0.783,7000,Shared device / data bundle,Sponsor / CSR partner
449,43,Stable Achievers,4,0.228,1,2,transport_support,Transport / Boarding,0.0,1.0,1.0,0.782,6000,Subsidize commute or boarding,Sponsor / County transport
835,44,Stable Achievers,5,0.228,1,2,digital_access,Digital Access Kit,1.0,0.0,1.0,0.782,7000,Shared device / data bundle,Sponsor / CSR partner
521,3,Stable Achievers,5,0.224,1,2,digital_access,Digital Access Kit,1.0,0.0,1.0,0.78,7000,Shared device / data bundle,Sponsor / CSR partner
358,39,Stable Achievers,4,0.223,1,2,digital_access,Digital Access Kit,1.0,0.0,1.0,0.779,7000,Shared device / data bundle,Sponsor / CSR partner
974,1,Stable Achievers,4,0.224,1,2,digital_access,Digital Access Kit,1.0,0.0,1.0,0.779,7000,Shared device / data bundle,Sponsor / CSR partner
693,37,Stable Achievers,5,0.218,1,2,transport_support,Transport / Boarding,0.0,1.0,1.0,0.775,6000,Subsidize commute or boarding,Sponsor / County transport
534,25,Stable Achievers,4,0.218,1,2,digital_access,Digital Access Kit,1.0,0.0,1.0,0.774,7000,Shared device / data bundle,Sponsor / CSR partner
698,8,Stable Achievers,4,0.218,1,2,digital_access,Digital Access Kit,1.0,0.0,1.0,0.774,7000,Shared device / data bundle,Sponsor / CSR partner
84,15,Stable Achievers,4,0.215,1,2,transport_support,Transport / Boarding,0.0,1.0,1.0,0.772,6000,Subsidize commute or boarding,Sponsor / County transport
523,41,Stable Achievers,4,0.215,1,2,digital_access,Digital Access Kit,1.0,0.0,1.0,0.772,7000,Shared device / data bundle,Sponsor / CSR partner
628,42,Stable Achievers,4,0.213,1,2,digital_access,Digital Access Kit,1.0,0.0,1.0,0.77,7000,Shared device / data bundle,Sponsor / CSR partner
557,45,Stable Achievers,4,0.212,1,2,digital_access,Digital Access Kit,1.0,0.0,1.0,0.769,7000,Shared device / data bundle,Sponsor / CSR partner
115,45,Stable Achievers,4,0.205,1,2,health_support,Health & Attendance,0.0,1.0,1.0,0.764,5000,Medical vouchers + attendance follow-up,School health partner
875,1,Stable Achievers,4,0.202,1,2,digital_access,Digital Access Kit,1.0,0.0,1.0,0.762,7000,Shared device / data bundle,Sponsor / CSR partner
318,9,Stable Achievers,5,0.201,1,2,digital_access,Digital Access Kit,1.0,0.0,1.0,0.761,7000,Shared device / data bundle,Sponsor / CSR partner
717,16,Stable Achievers,4,0.199,1,2,digital_access,Digital Access Kit,1.0,0.0,1.0,0.76,7000,Shared device / data bundle,Sponsor / CSR partner
893,2,Stable Achievers,5,0.2,1,2,digital_access,Digital Access Kit,1.0,0.0,1.0,0.76,7000,Shared device / data bundle,Sponsor / CSR partner
541,5,Stable Achievers,4,0.198,1,2,digital_access,Digital Access Kit,1.0,0.0,1.0,0.759,7000,Shared device / data bundle,Sponsor / CSR partner
295,31,Stable Achievers,5,0.197,1,2,digital_access,Digital Access Kit,1.0,0.0,1.0,0.758,7000,Shared device / data bundle,Sponsor / CSR partner
937,31,Stable Achievers,5,0.196,1,2,digital_access,Digital Access Kit,1.0,0.0,1.0,0.756,7000,Shared device / data bundle,Sponsor / CSR partner
815,32,Stable Achievers,5,0.193,1,2,digital_access,Digital Access Kit,1.0,0.0,1.0,0.755,7000,Shared device / data bundle,Sponsor / CSR partner
104,18,Stable Achievers,5,0.192,1,2,digital_access,Digital Access Kit,1.0,0.0,1.0,0.753,7000,Shared device / data bundle,Sponsor / CSR partner
727,40,Stable Achievers,5,0.188,1,2,digital_access,Digital Access Kit,1.0,0.0,1.0,0.751,7000,Shared device / data bundle,Sponsor / CSR partner
216,41,Stable Achievers,5,0.186,1,2,digital_access,Digital Access Kit,1.0,0.0,1.0,0.749,7000,Shared device / data bundle,Sponsor / CSR partner
221,2,Stable Achievers,4,0.186,1,2,digital_access,Digital Access Kit,1.0,0.0,1.0,0.749,7000,Shared device / data bundle,Sponsor / CSR partner
311,7,Stable Achievers,5,0.182,1,2,digital_access,Digital Access Kit,1.0,0.0,1.0,0.746,7000,Shared device / data bundle,Sponsor / CSR partner
657,8,Stable Achievers,5,0.18,1,2,digital_access,Digital Access Kit,1.0,0.0,1.0,0.744,7000,Shared device / data bundle,Sponsor / CSR partner
734,42,Stable Achievers,5,0.18,1,2,digital_access,Digital Access Kit,1.0,0.0,1.0,0.744,7000,Shared device / data bundle,Sponsor / CSR partner
658,42,Stable Achievers,5,0.174,1,2,transport_support,Transport / Boarding,0.0,1.0,1.0,0.739,6000,Subsidize commute or boarding,Sponsor / County transport
802,11,Stable Achievers,5,0.173,1,2,digital_access,Digital Access Kit,1.0,0.0,1.0,0.739,7000,Shared device / data bundle,Sponsor / CSR partner
620,3,Stable Achievers,5,0.171,1,2,digital_access,Digital Access Kit,1.0,0.0,1.0,0.737,7000,Shared device / data bundle,Sponsor / CSR partner
924,27,Stable Achievers,4,0.17,1,2,health_support,Health & Attendance,0.0,1.0,1.0,0.736,5000,Medical vouchers + attendance follow-up,School health partner
632,10,Stable Achievers,5,0.168,1,2,digital_access,Digital Access Kit,1.0,0.0,1.0,0.734,7000,Shared device / data bundle,Sponsor / CSR partner
303,17,Stable Achievers,5,0.167,1,2,digital_access,Digital Access Kit,1.0,0.0,1.0,0.733,7000,Shared device / data bundle,Sponsor / CSR partner
365,11,Stable Achievers,5,0.167,1,2,digital_access,Digital Access Kit,1.0,0.0,1.0,0.733,7000,Shared device / data bundle,Sponsor / CSR partner
485,41,Stable Achievers,5,0.165,1,2,digital_access,Digital Access Kit,1.0,0.0,1.0,0.732,7000,Shared device / data bundle,Sponsor / CSR partner
688,31,Stable Achievers,5,0.164,1,2,digital_access,Digital Access Kit,1.0,0.0,1.0,0.731,7000,Shared device / data bundle,Sponsor / CSR partner
775,12,Stable Achievers,5,0.161,1,2,digital_access,Digital Access Kit,1.0,0.0,1.0,0.729,7000,Shared device / data bundle,Sponsor / CSR partner
804,12,Stable Achievers,5,0.154,1,2,transport_support,Transport / Boarding,0.0,1.0,1.0,0.724,6000,Subsidize commute or boarding,Sponsor / County transport
816,34,Stable Achievers,5,0.152,1,2,digital_access,Digital Access Kit,1.0,0.0,1.0,0.722,7000,Shared device / data bundle,Sponsor / CSR partner
909,16,Stable Achievers,5,0.152,1,2,digital_access,Digital Access Kit,1.0,0.0,1.0,0.722,7000,Shared device / data bundle,Sponsor / CSR partner
252,6,Stable Achievers,5,0.147,1,2,digital_access,Digital Access Kit,1.0,0.0,1.0,0.718,7000,Shared device / data bundle,Sponsor / CSR partner
476,32,Stable Achievers,5,0.148,1,2,digital_access,Digital Access Kit,1.0,0.0,1.0,0.718,7000,Shared device / data bundle,Sponsor / CSR partner
991,4,Stable Achievers,5,0.147,1,2,digital_access,Digital Access Kit,1.0,0.0,1.0,0.718,7000,Shared device / data bundle,Sponsor / CSR partner
678,46,Stable Achievers,5,0.14,1,2,digital_access,Digital Access Kit,1.0,0.0,1.0,0.712,7000,Shared device / data bundle,Sponsor / CSR partner
487,14,Stable Achievers,5,0.136,1,2,digital_access,Digital Access Kit,1.0,0.0,1.0,0.709,7000,Shared device / data bundle,Sponsor / CSR partner
741,42,Stable Achievers,5,0.131,1,2,digital_access,Digital Access Kit,1.0,0.0,1.0,0.705,7000,Shared device / data bundle,Sponsor / CSR partner
270,11,Stable Achievers,5,0.124,1,2,digital_access,Digital Access Kit,1.0,0.0,1.0,0.699,7000,Shared device / data bundle,Sponsor / CSR partner
881,21,Stable Achievers,5,0.12,1,2,digital_access,Digital Access Kit,1.0,0.0,1.0,0.696,7000,Shared device / data bundle,Sponsor / CSR partner
400,17,Stable Achievers,5,0.117,1,2,digital_access,Digital Access Kit,1.0,0.0,1.0,0.693,7000,Shared device / data bundle,Sponsor / CSR partner
856,3,Stable Achievers,5,0.1,1,2,digital_access,Digital Access Kit,1.0,0.0,1.0,0.68,7000,Shared device / data bundle,Sponsor / CSR partner
